[
    {
        "text": "I have some current clamp data I'm trying to figure out how best to process. In one protocol I drive the cells with a current injection protocol from Joey which mimic 4 bursts. The other is an IV but in some preps there is no spiking (presumably because these cells have variable leakiness and distance from the SIZ).\n\nIt seems like R^2 could work as a similarity index between cells, and area under curve for total excitability, and I can get the times of BPAPs, and slope from the FI curve, but I don't know what else is worth going after.\n\nAre there any measures that you focus on with this sort of data? <@U010M1M3N9E> <@U0112A19YFN> <@U010N31RYMV>",
        "files": [
            {
                "id": "F013YDRJSSU",
                "created": 1588874814,
                "timestamp": 1588874814,
                "name": "image.png",
                "title": "image.png",
                "mimetype": "image\/png",
                "filetype": "png",
                "pretty_type": "PNG",
                "user": "U1T7R897Y",
                "user_team": "T1T85P197",
                "editable": false,
                "size": 231656,
                "mode": "hosted",
                "is_external": false,
                "external_type": "",
                "is_public": true,
                "public_url_shared": false,
                "display_as_bot": false,
                "username": "",
                "url_private": "https:\/\/files.slack.com\/files-pri\/T1T85P197-F013YDRJSSU\/image.png?t=xoxe-61277783313-6938219705459-6931704589846-f9456fee8056b431d8cc920b3927c14d",
                "url_private_download": "https:\/\/files.slack.com\/files-pri\/T1T85P197-F013YDRJSSU\/download\/image.png?t=xoxe-61277783313-6938219705459-6931704589846-f9456fee8056b431d8cc920b3927c14d",
                "media_display_type": "unknown",
                "thumb_64": "https:\/\/files.slack.com\/files-tmb\/T1T85P197-F013YDRJSSU-7dab320c44\/image_64.png?t=xoxe-61277783313-6938219705459-6931704589846-f9456fee8056b431d8cc920b3927c14d",
                "thumb_80": "https:\/\/files.slack.com\/files-tmb\/T1T85P197-F013YDRJSSU-7dab320c44\/image_80.png?t=xoxe-61277783313-6938219705459-6931704589846-f9456fee8056b431d8cc920b3927c14d",
                "thumb_360": "https:\/\/files.slack.com\/files-tmb\/T1T85P197-F013YDRJSSU-7dab320c44\/image_360.png?t=xoxe-61277783313-6938219705459-6931704589846-f9456fee8056b431d8cc920b3927c14d",
                "thumb_360_w": 360,
                "thumb_360_h": 194,
                "thumb_480": "https:\/\/files.slack.com\/files-tmb\/T1T85P197-F013YDRJSSU-7dab320c44\/image_480.png?t=xoxe-61277783313-6938219705459-6931704589846-f9456fee8056b431d8cc920b3927c14d",
                "thumb_480_w": 480,
                "thumb_480_h": 259,
                "thumb_160": "https:\/\/files.slack.com\/files-tmb\/T1T85P197-F013YDRJSSU-7dab320c44\/image_160.png?t=xoxe-61277783313-6938219705459-6931704589846-f9456fee8056b431d8cc920b3927c14d",
                "thumb_720": "https:\/\/files.slack.com\/files-tmb\/T1T85P197-F013YDRJSSU-7dab320c44\/image_720.png?t=xoxe-61277783313-6938219705459-6931704589846-f9456fee8056b431d8cc920b3927c14d",
                "thumb_720_w": 720,
                "thumb_720_h": 388,
                "thumb_800": "https:\/\/files.slack.com\/files-tmb\/T1T85P197-F013YDRJSSU-7dab320c44\/image_800.png?t=xoxe-61277783313-6938219705459-6931704589846-f9456fee8056b431d8cc920b3927c14d",
                "thumb_800_w": 800,
                "thumb_800_h": 431,
                "thumb_960": "https:\/\/files.slack.com\/files-tmb\/T1T85P197-F013YDRJSSU-7dab320c44\/image_960.png?t=xoxe-61277783313-6938219705459-6931704589846-f9456fee8056b431d8cc920b3927c14d",
                "thumb_960_w": 960,
                "thumb_960_h": 518,
                "thumb_1024": "https:\/\/files.slack.com\/files-tmb\/T1T85P197-F013YDRJSSU-7dab320c44\/image_1024.png?t=xoxe-61277783313-6938219705459-6931704589846-f9456fee8056b431d8cc920b3927c14d",
                "thumb_1024_w": 1024,
                "thumb_1024_h": 552,
                "original_w": 1250,
                "original_h": 674,
                "thumb_tiny": "AwAZADDRIx0FL2prLu6kj6Umz\/po35igB4JxzQSccUzy88eY\/wCdL5f+2\/5igB9Jk7vam+Wf+ej\/AJ0eX\/tv+lACsyjqQPrTd6f3x+Ypk3T8ajFAE4dP76\/mKXen99fzqvRQBY3p\/fX86N6f31\/Oq9FAH\/\/Z",
                "permalink": "https:\/\/schulzlab.slack.com\/files\/U1T7R897Y\/F013YDRJSSU\/image.png",
                "permalink_public": "https:\/\/slack-files.com\/T1T85P197-F013YDRJSSU-4718efb87d",
                "is_starred": false,
                "has_rich_preview": false,
                "file_access": "visible"
            }
        ],
        "upload": true,
        "user": "U1T7R897Y",
        "display_as_bot": false,
        "blocks": [
            {
                "type": "rich_text",
                "block_id": "2XZ",
                "elements": [
                    {
                        "type": "rich_text_section",
                        "elements": [
                            {
                                "type": "text",
                                "text": "I have some current clamp data I'm trying to figure out how best to process. In one protocol I drive the cells with a current injection protocol from Joey which mimic 4 bursts. The other is an IV but in some preps there is no spiking (presumably because these cells have variable leakiness and distance from the SIZ).\n\nIt seems like R^2 could work as a similarity index between cells, and area under curve for total excitability, and I can get the times of BPAPs, and slope from the FI curve, but I don't know what else is worth going after.\n\nAre there any measures that you focus on with this sort of data? "
                            },
                            {
                                "type": "user",
                                "user_id": "U010M1M3N9E"
                            },
                            {
                                "type": "text",
                                "text": " "
                            },
                            {
                                "type": "user",
                                "user_id": "U0112A19YFN"
                            },
                            {
                                "type": "text",
                                "text": " "
                            },
                            {
                                "type": "user",
                                "user_id": "U010N31RYMV"
                            }
                        ]
                    }
                ]
            }
        ],
        "type": "message",
        "ts": "1588874819.000600",
        "client_msg_id": "b479c8e1-e94b-490a-9310-d3c65d3eb9d4"
    },
    {
        "user": "U010M1M3N9E",
        "type": "message",
        "ts": "1588885984.004100",
        "client_msg_id": "b280466f-7875-4619-9071-67ce31adc645",
        "text": "Hi Daniel, I am not sure I understand experimental set up. If I understand correctly the top is showing a synapse experiment and the bottom is showing an FI curve but I am unsure which cell is being driven. If you are studying the synapse, AUC may be good for quantifying synaptic strength but I dont think this would be equivalent to excitability as this depends on many factors (may work with graded release but you don't know that unless you are studying postsynaptically",
        "team": "T1T85P197",
        "user_team": "T1T85P197",
        "source_team": "T1T85P197",
        "user_profile": {
            "avatar_hash": "63b8b876b0d0",
            "image_72": "https:\/\/avatars.slack-edge.com\/2021-01-15\/1638892537269_63b8b876b0d0bce87f79_72.jpg",
            "first_name": "Michael",
            "real_name": "Michael Gray",
            "display_name": "Michael Gray",
            "team": "T1T85P197",
            "name": "grayml",
            "is_restricted": false,
            "is_ultra_restricted": false
        },
        "blocks": [
            {
                "type": "rich_text",
                "block_id": "Ap=s0",
                "elements": [
                    {
                        "type": "rich_text_section",
                        "elements": [
                            {
                                "type": "text",
                                "text": "Hi Daniel, I am not sure I understand experimental set up. If I understand correctly the top is showing a synapse experiment and the bottom is showing an FI curve but I am unsure which cell is being driven. If you are studying the synapse, AUC may be good for quantifying synaptic strength but I dont think this would be equivalent to excitability as this depends on many factors (may work with graded release but you don't know that unless you are studying postsynaptically"
                            }
                        ]
                    }
                ]
            }
        ]
    },
    {
        "user": "U010M1M3N9E",
        "type": "message",
        "ts": "1588886080.006000",
        "client_msg_id": "770e06c8-df84-4909-be11-5e77da9465cb",
        "text": "I think FI curves are a bit more conventional, the area of the synapse relative to baseline should be ok for synapse strength, although it may be preferable to use amplitude if electrotonically simple. AUC is usually used because it is less sensitive to problems with differences in electrotonic structure",
        "team": "T1T85P197",
        "user_team": "T1T85P197",
        "source_team": "T1T85P197",
        "user_profile": {
            "avatar_hash": "63b8b876b0d0",
            "image_72": "https:\/\/avatars.slack-edge.com\/2021-01-15\/1638892537269_63b8b876b0d0bce87f79_72.jpg",
            "first_name": "Michael",
            "real_name": "Michael Gray",
            "display_name": "Michael Gray",
            "team": "T1T85P197",
            "name": "grayml",
            "is_restricted": false,
            "is_ultra_restricted": false
        },
        "blocks": [
            {
                "type": "rich_text",
                "block_id": "UPq",
                "elements": [
                    {
                        "type": "rich_text_section",
                        "elements": [
                            {
                                "type": "text",
                                "text": "I think FI curves are a bit more conventional, the area of the synapse relative to baseline should be ok for synapse strength, although it may be preferable to use amplitude if electrotonically simple. AUC is usually used because it is less sensitive to problems with differences in electrotonic structure"
                            }
                        ]
                    }
                ]
            }
        ]
    },
    {
        "user": "U010M1M3N9E",
        "type": "message",
        "ts": "1588886133.007000",
        "client_msg_id": "ca4c8be1-2d4a-44a8-b058-eaa72916493c",
        "text": "the R^2 I assume is the measure brian used, so you have a quantification precedent but this may be a conversation for dave, as I am not familiar with the details of the project",
        "team": "T1T85P197",
        "user_team": "T1T85P197",
        "source_team": "T1T85P197",
        "user_profile": {
            "avatar_hash": "63b8b876b0d0",
            "image_72": "https:\/\/avatars.slack-edge.com\/2021-01-15\/1638892537269_63b8b876b0d0bce87f79_72.jpg",
            "first_name": "Michael",
            "real_name": "Michael Gray",
            "display_name": "Michael Gray",
            "team": "T1T85P197",
            "name": "grayml",
            "is_restricted": false,
            "is_ultra_restricted": false
        },
        "blocks": [
            {
                "type": "rich_text",
                "block_id": "wtA",
                "elements": [
                    {
                        "type": "rich_text_section",
                        "elements": [
                            {
                                "type": "text",
                                "text": "the R^2 I assume is the measure brian used, so you have a quantification precedent but this may be a conversation for dave, as I am not familiar with the details of the project"
                            }
                        ]
                    }
                ]
            }
        ],
        "reactions": [
            {
                "name": "+1",
                "users": [
                    "U1T7R897Y"
                ],
                "count": 1
            },
            {
                "name": "heavy_check_mark",
                "users": [
                    "U0112A19YFN"
                ],
                "count": 1
            }
        ]
    },
    {
        "user": "U0112A19YFN",
        "type": "message",
        "ts": "1588892812.008300",
        "client_msg_id": "a73d25b2-7305-4576-8943-273c545a1983",
        "text": "I'm just afraid to give my opinion because I often run circles around myself in my own head until I'm thoroughly confused",
        "team": "T1T85P197",
        "user_team": "T1T85P197",
        "source_team": "T1T85P197",
        "user_profile": {
            "avatar_hash": "82931094ef90",
            "image_72": "https:\/\/avatars.slack-edge.com\/2022-06-17\/3708168624352_82931094ef904079310a_72.jpg",
            "first_name": "",
            "real_name": "Sherryl",
            "display_name": "Sherryl",
            "team": "T1T85P197",
            "name": "sherryl.henderson",
            "is_restricted": false,
            "is_ultra_restricted": false
        },
        "blocks": [
            {
                "type": "rich_text",
                "block_id": "571",
                "elements": [
                    {
                        "type": "rich_text_section",
                        "elements": [
                            {
                                "type": "text",
                                "text": "I'm just afraid to give my opinion because I often run circles around myself in my own head until I'm thoroughly confused"
                            }
                        ]
                    }
                ]
            }
        ]
    }
]