[
    {
        "user": "U010M1M3N9E",
        "type": "message",
        "ts": "1586456495.001200",
        "client_msg_id": "250be768-7992-4186-96f9-8b5934de8330",
        "text": "introduction to an 'intuitive\" understanding of fixed vs random effect by professor who sounds like Jeff Goldblum.",
        "team": "T1T85P197",
        "user_team": "T1T85P197",
        "source_team": "T1T85P197",
        "user_profile": {
            "avatar_hash": "63b8b876b0d0",
            "image_72": "https:\/\/avatars.slack-edge.com\/2021-01-15\/1638892537269_63b8b876b0d0bce87f79_72.jpg",
            "first_name": "Michael",
            "real_name": "Michael Gray",
            "display_name": "Michael Gray",
            "team": "T1T85P197",
            "name": "grayml",
            "is_restricted": false,
            "is_ultra_restricted": false
        },
        "blocks": [
            {
                "type": "rich_text",
                "block_id": "BtE",
                "elements": [
                    {
                        "type": "rich_text_section",
                        "elements": [
                            {
                                "type": "text",
                                "text": "introduction to an 'intuitive\" understanding of fixed vs random effect by professor who sounds like Jeff Goldblum."
                            }
                        ]
                    }
                ]
            }
        ]
    },
    {
        "user": "U010M1M3N9E",
        "type": "message",
        "ts": "1586456497.001400",
        "client_msg_id": "60093c50-f5c7-4992-91ab-c2058ab82485",
        "text": "<https:\/\/www.youtube.com\/watch?v=-4K-kKXNths&amp;t=4s>",
        "team": "T1T85P197",
        "user_team": "T1T85P197",
        "source_team": "T1T85P197",
        "user_profile": {
            "avatar_hash": "63b8b876b0d0",
            "image_72": "https:\/\/avatars.slack-edge.com\/2021-01-15\/1638892537269_63b8b876b0d0bce87f79_72.jpg",
            "first_name": "Michael",
            "real_name": "Michael Gray",
            "display_name": "Michael Gray",
            "team": "T1T85P197",
            "name": "grayml",
            "is_restricted": false,
            "is_ultra_restricted": false
        },
        "attachments": [
            {
                "service_name": "YouTube",
                "service_url": "https:\/\/www.youtube.com\/",
                "title": "Intro to Mixed Effect Models",
                "title_link": "https:\/\/www.youtube.com\/watch?v=-4K-kKXNths&amp;t=4s",
                "author_name": "Methods in Experimental Ecology I",
                "author_link": "https:\/\/www.youtube.com\/channel\/UCExBFDFe1XbNbto0yYXaxPg",
                "thumb_url": "https:\/\/i.ytimg.com\/vi\/-4K-kKXNths\/hqdefault.jpg",
                "thumb_width": 480,
                "thumb_height": 360,
                "fallback": "YouTube Video: Intro to Mixed Effect Models",
                "video_html": "<iframe width=\"400\" height=\"300\" src=\"https:\/\/www.youtube.com\/embed\/-4K-kKXNths?feature=oembed&start=4&autoplay=1&iv_load_policy=3\" frameborder=\"0\" allow=\"accelerometer; autoplay; encrypted-media; gyroscope; picture-in-picture\" allowfullscreen><\/iframe>",
                "video_html_width": 400,
                "video_html_height": 300,
                "from_url": "https:\/\/www.youtube.com\/watch?v=-4K-kKXNths&amp;t=4s",
                "service_icon": "https:\/\/a.slack-edge.com\/80588\/img\/unfurl_icons\/youtube.png",
                "id": 1,
                "original_url": "https:\/\/www.youtube.com\/watch?v=-4K-kKXNths&amp;t=4s"
            }
        ],
        "blocks": [
            {
                "type": "rich_text",
                "block_id": "Ow0",
                "elements": [
                    {
                        "type": "rich_text_section",
                        "elements": [
                            {
                                "type": "link",
                                "url": "https:\/\/www.youtube.com\/watch?v=-4K-kKXNths&t=4s"
                            }
                        ]
                    }
                ]
            }
        ]
    },
    {
        "text": "I downloaded the following ebook for this graph summary",
        "files": [
            {
                "id": "F0124BMK9U0",
                "created": 1586458075,
                "timestamp": 1586458075,
                "name": "image.png",
                "title": "image.png",
                "mimetype": "image\/png",
                "filetype": "png",
                "pretty_type": "PNG",
                "user": "U010M1M3N9E",
                "user_team": "T1T85P197",
                "editable": false,
                "size": 57828,
                "mode": "hosted",
                "is_external": false,
                "external_type": "",
                "is_public": true,
                "public_url_shared": false,
                "display_as_bot": false,
                "username": "",
                "url_private": "https:\/\/files.slack.com\/files-pri\/T1T85P197-F0124BMK9U0\/image.png?t=xoxe-61277783313-6938219705459-6931704589846-f9456fee8056b431d8cc920b3927c14d",
                "url_private_download": "https:\/\/files.slack.com\/files-pri\/T1T85P197-F0124BMK9U0\/download\/image.png?t=xoxe-61277783313-6938219705459-6931704589846-f9456fee8056b431d8cc920b3927c14d",
                "media_display_type": "unknown",
                "thumb_64": "https:\/\/files.slack.com\/files-tmb\/T1T85P197-F0124BMK9U0-f6c4696df5\/image_64.png?t=xoxe-61277783313-6938219705459-6931704589846-f9456fee8056b431d8cc920b3927c14d",
                "thumb_80": "https:\/\/files.slack.com\/files-tmb\/T1T85P197-F0124BMK9U0-f6c4696df5\/image_80.png?t=xoxe-61277783313-6938219705459-6931704589846-f9456fee8056b431d8cc920b3927c14d",
                "thumb_360": "https:\/\/files.slack.com\/files-tmb\/T1T85P197-F0124BMK9U0-f6c4696df5\/image_360.png?t=xoxe-61277783313-6938219705459-6931704589846-f9456fee8056b431d8cc920b3927c14d",
                "thumb_360_w": 360,
                "thumb_360_h": 276,
                "thumb_160": "https:\/\/files.slack.com\/files-tmb\/T1T85P197-F0124BMK9U0-f6c4696df5\/image_160.png?t=xoxe-61277783313-6938219705459-6931704589846-f9456fee8056b431d8cc920b3927c14d",
                "original_w": 458,
                "original_h": 351,
                "thumb_tiny": "AwAkADDSycnigDHU0tNG7vigA59fzozxzSn8fwpvegB3PoKWo805f88UAO7004boTxS857Yo55zigBDyaSl59P0oxx7\/AEoAUD0NLTACD3p350AN3n2pm47jS03+I0ALuNKrHNNoHWgCTefajefam0UAf\/\/Z",
                "permalink": "https:\/\/schulzlab.slack.com\/files\/U010M1M3N9E\/F0124BMK9U0\/image.png",
                "permalink_public": "https:\/\/slack-files.com\/T1T85P197-F0124BMK9U0-d1d863c7e2",
                "is_starred": false,
                "has_rich_preview": false,
                "file_access": "visible"
            }
        ],
        "upload": true,
        "user": "U010M1M3N9E",
        "display_as_bot": false,
        "blocks": [
            {
                "type": "rich_text",
                "block_id": "25p",
                "elements": [
                    {
                        "type": "rich_text_section",
                        "elements": [
                            {
                                "type": "text",
                                "text": "I downloaded the following ebook for this graph summary"
                            }
                        ]
                    }
                ]
            }
        ],
        "type": "message",
        "ts": "1586458077.002000",
        "client_msg_id": "06bce9a2-6c89-4ede-8710-211099ae6434"
    },
    {
        "text": "",
        "files": [
            {
                "id": "F011J1QB61G",
                "created": 1586458093,
                "timestamp": 1586458093,
                "name": "epdf.pub_statistics-for-the-life-sciences-3rd-edition.pdf",
                "title": "epdf.pub_statistics-for-the-life-sciences-3rd-edition.pdf",
                "mimetype": "application\/pdf",
                "filetype": "pdf",
                "pretty_type": "PDF",
                "user": "U010M1M3N9E",
                "user_team": "T1T85P197",
                "editable": false,
                "size": 34796489,
                "mode": "hosted",
                "is_external": false,
                "external_type": "",
                "is_public": true,
                "public_url_shared": false,
                "display_as_bot": false,
                "username": "",
                "url_private": "https:\/\/files.slack.com\/files-pri\/T1T85P197-F011J1QB61G\/epdf.pub_statistics-for-the-life-sciences-3rd-edition.pdf?t=xoxe-61277783313-6938219705459-6931704589846-f9456fee8056b431d8cc920b3927c14d",
                "url_private_download": "https:\/\/files.slack.com\/files-pri\/T1T85P197-F011J1QB61G\/download\/epdf.pub_statistics-for-the-life-sciences-3rd-edition.pdf?t=xoxe-61277783313-6938219705459-6931704589846-f9456fee8056b431d8cc920b3927c14d",
                "media_display_type": "unknown",
                "thumb_pdf": "https:\/\/files.slack.com\/files-tmb\/T1T85P197-F011J1QB61G-f6f2174b0a\/epdf.pub_statistics-for-the-life-sciences-3rd-edition_thumb_pdf.png?t=xoxe-61277783313-6938219705459-6931704589846-f9456fee8056b431d8cc920b3927c14d",
                "thumb_pdf_w": 909,
                "thumb_pdf_h": 1286,
                "permalink": "https:\/\/schulzlab.slack.com\/files\/U010M1M3N9E\/F011J1QB61G\/epdf.pub_statistics-for-the-life-sciences-3rd-edition.pdf",
                "permalink_public": "https:\/\/slack-files.com\/T1T85P197-F011J1QB61G-d112892d20",
                "is_starred": false,
                "has_rich_preview": false,
                "file_access": "visible"
            }
        ],
        "upload": true,
        "user": "U010M1M3N9E",
        "display_as_bot": false,
        "type": "message",
        "ts": "1586458115.002700",
        "client_msg_id": "c65fe13d-5056-4a44-9235-7cdcb7e29928"
    },
    {
        "user": "U010M1M3N9E",
        "type": "message",
        "ts": "1586458116.003000",
        "client_msg_id": "92f54131-58d7-4bae-9b90-c9614d2933d8",
        "text": "copy quality is poor but you get what you pay for...",
        "team": "T1T85P197",
        "user_team": "T1T85P197",
        "source_team": "T1T85P197",
        "user_profile": {
            "avatar_hash": "63b8b876b0d0",
            "image_72": "https:\/\/avatars.slack-edge.com\/2021-01-15\/1638892537269_63b8b876b0d0bce87f79_72.jpg",
            "first_name": "Michael",
            "real_name": "Michael Gray",
            "display_name": "Michael Gray",
            "team": "T1T85P197",
            "name": "grayml",
            "is_restricted": false,
            "is_ultra_restricted": false
        },
        "blocks": [
            {
                "type": "rich_text",
                "block_id": "\/Y8sl",
                "elements": [
                    {
                        "type": "rich_text_section",
                        "elements": [
                            {
                                "type": "text",
                                "text": "copy quality is poor but you get what you pay for..."
                            }
                        ]
                    }
                ]
            }
        ]
    }
]