[
    {
        "text": "",
        "files": [
            {
                "id": "F01AUSSQTL3",
                "created": 1600295353,
                "timestamp": 1600295353,
                "name": "image.png",
                "title": "image.png",
                "mimetype": "image\/png",
                "filetype": "png",
                "pretty_type": "PNG",
                "user": "U010M1M3N9E",
                "user_team": "T1T85P197",
                "editable": false,
                "size": 53167,
                "mode": "hosted",
                "is_external": false,
                "external_type": "",
                "is_public": true,
                "public_url_shared": false,
                "display_as_bot": false,
                "username": "",
                "url_private": "https:\/\/files.slack.com\/files-pri\/T1T85P197-F01AUSSQTL3\/image.png?t=xoxe-61277783313-6938219705459-6931704589846-f9456fee8056b431d8cc920b3927c14d",
                "url_private_download": "https:\/\/files.slack.com\/files-pri\/T1T85P197-F01AUSSQTL3\/download\/image.png?t=xoxe-61277783313-6938219705459-6931704589846-f9456fee8056b431d8cc920b3927c14d",
                "media_display_type": "unknown",
                "thumb_64": "https:\/\/files.slack.com\/files-tmb\/T1T85P197-F01AUSSQTL3-43bbf0cb9a\/image_64.png?t=xoxe-61277783313-6938219705459-6931704589846-f9456fee8056b431d8cc920b3927c14d",
                "thumb_80": "https:\/\/files.slack.com\/files-tmb\/T1T85P197-F01AUSSQTL3-43bbf0cb9a\/image_80.png?t=xoxe-61277783313-6938219705459-6931704589846-f9456fee8056b431d8cc920b3927c14d",
                "thumb_360": "https:\/\/files.slack.com\/files-tmb\/T1T85P197-F01AUSSQTL3-43bbf0cb9a\/image_360.png?t=xoxe-61277783313-6938219705459-6931704589846-f9456fee8056b431d8cc920b3927c14d",
                "thumb_360_w": 255,
                "thumb_360_h": 197,
                "thumb_160": "https:\/\/files.slack.com\/files-tmb\/T1T85P197-F01AUSSQTL3-43bbf0cb9a\/image_160.png?t=xoxe-61277783313-6938219705459-6931704589846-f9456fee8056b431d8cc920b3927c14d",
                "original_w": 255,
                "original_h": 197,
                "thumb_tiny": "AwAlADDTppDetLmopGbaygkkqccc5oFccWYKNuDmnB\/lBPFZsc1wjlHYgrHwDTI5bqbIBZuQTjtStqUa4zRUbN82PSnjrTELUUnEyEnA5qU0xl3DBNCE1cryIGuGYYOVxS2yLGzcjkVMUCgY9aaYxngiqVhiqczEjmpajVWUcFak5pMAooopAIRS4oooABRRRQB\/\/9k=",
                "permalink": "https:\/\/schulzlab.slack.com\/files\/U010M1M3N9E\/F01AUSSQTL3\/image.png",
                "permalink_public": "https:\/\/slack-files.com\/T1T85P197-F01AUSSQTL3-e177a23440",
                "is_starred": false,
                "has_rich_preview": false,
                "file_access": "visible"
            }
        ],
        "upload": false,
        "user": "U010M1M3N9E",
        "display_as_bot": false,
        "type": "message",
        "ts": "1600295360.000100",
        "reactions": [
            {
                "name": "rolling_on_the_floor_laughing",
                "users": [
                    "U0112A19YFN",
                    "U1T7R897Y"
                ],
                "count": 2
            }
        ]
    },
    {
        "user": "U010M1M3N9E",
        "type": "message",
        "ts": "1600295371.000500",
        "client_msg_id": "c83ba338-487c-4bec-9588-d833176c5215",
        "text": "San Key example",
        "team": "T1T85P197",
        "user_team": "T1T85P197",
        "source_team": "T1T85P197",
        "user_profile": {
            "avatar_hash": "63b8b876b0d0",
            "image_72": "https:\/\/avatars.slack-edge.com\/2021-01-15\/1638892537269_63b8b876b0d0bce87f79_72.jpg",
            "first_name": "Michael",
            "real_name": "Michael Gray",
            "display_name": "Michael Gray",
            "team": "T1T85P197",
            "name": "grayml",
            "is_restricted": false,
            "is_ultra_restricted": false
        },
        "blocks": [
            {
                "type": "rich_text",
                "block_id": "oXq7z",
                "elements": [
                    {
                        "type": "rich_text_section",
                        "elements": [
                            {
                                "type": "text",
                                "text": "San Key example"
                            }
                        ]
                    }
                ]
            }
        ]
    }
]