[
    {
        "subtype": "channel_join",
        "user": "U010CH4JLKE",
        "text": "<@U010CH4JLKE> has joined the channel",
        "type": "message",
        "ts": "1585844291.019300"
    },
    {
        "user": "U010N31RYMV",
        "type": "message",
        "ts": "1585851869.020000",
        "client_msg_id": "ec8fe14f-314f-4342-adc6-6e1b14e93542",
        "text": "When I see papers like these, it makes me wonder if statisticians even know there is a pandemic going on, or if this is simply how they live their lives anyway....",
        "team": "T1T85P197",
        "user_team": "T1T85P197",
        "source_team": "T1T85P197",
        "user_profile": {
            "avatar_hash": "084d1d915961",
            "image_72": "https:\/\/avatars.slack-edge.com\/2021-06-11\/2162938824690_084d1d915961fd2a1fcb_72.png",
            "first_name": "",
            "real_name": "David Schulz",
            "display_name": "David Schulz",
            "team": "T1T85P197",
            "name": "schulzd",
            "is_restricted": false,
            "is_ultra_restricted": false
        },
        "blocks": [
            {
                "type": "rich_text",
                "block_id": "Eyo\/",
                "elements": [
                    {
                        "type": "rich_text_section",
                        "elements": [
                            {
                                "type": "text",
                                "text": "When I see papers like these, it makes me wonder if statisticians even know there is a pandemic going on, or if this is simply how they live their lives anyway...."
                            }
                        ]
                    }
                ]
            }
        ]
    },
    {
        "subtype": "channel_join",
        "user": "U0112M51KBP",
        "text": "<@U0112M51KBP> has joined the channel",
        "type": "message",
        "ts": "1585856276.020200"
    }
]