[
    {
        "subtype": "channel_join",
        "user": "U02D68LLBAQ",
        "text": "<@U02D68LLBAQ> has joined the channel",
        "inviter": "U010N31RYMV",
        "type": "message",
        "ts": "1630454262.000200"
    },
    {
        "subtype": "channel_join",
        "user": "U028ZEAHA6S",
        "text": "<@U028ZEAHA6S> has joined the channel",
        "inviter": "U010N31RYMV",
        "type": "message",
        "ts": "1630454262.000400"
    },
    {
        "subtype": "channel_join",
        "user": "U019K98069M",
        "text": "<@U019K98069M> has joined the channel",
        "inviter": "U010N31RYMV",
        "type": "message",
        "ts": "1630454262.000600"
    },
    {
        "subtype": "channel_join",
        "user": "U023PK824E6",
        "text": "<@U023PK824E6> has joined the channel",
        "inviter": "U010N31RYMV",
        "type": "message",
        "ts": "1630454262.000800"
    }
]