[
    {
        "user": "U1T7R897Y",
        "type": "message",
        "ts": "1614701439.000600",
        "client_msg_id": "e9c8fd27-b66b-48c8-b200-b7fb9c28165a",
        "text": "<https:\/\/simplystatistics.org\/2019\/02\/21\/dynamite-plots-must-die\/>",
        "team": "T1T85P197",
        "user_team": "T1T85P197",
        "source_team": "T1T85P197",
        "user_profile": {
            "avatar_hash": "c8cca50bc366",
            "image_72": "https:\/\/avatars.slack-edge.com\/2021-05-11\/2054490932018_c8cca50bc366ce61d83e_72.png",
            "first_name": "Daniel",
            "real_name": "Daniel Kick",
            "display_name": "Daniel",
            "team": "T1T85P197",
            "name": "daniel",
            "is_restricted": false,
            "is_ultra_restricted": false
        },
        "blocks": [
            {
                "type": "rich_text",
                "block_id": "yw90",
                "elements": [
                    {
                        "type": "rich_text_section",
                        "elements": [
                            {
                                "type": "link",
                                "url": "https:\/\/simplystatistics.org\/2019\/02\/21\/dynamite-plots-must-die\/"
                            }
                        ]
                    }
                ]
            }
        ]
    },
    {
        "user": "U1T7R897Y",
        "type": "message",
        "ts": "1614701517.001600",
        "client_msg_id": "a7f187f3-88ec-444c-97f6-d33f51f03d9a",
        "text": "There are exceptions certainly (e.g. massive effect size, huge sample size) but this is a clear argument against them as the default.",
        "team": "T1T85P197",
        "user_team": "T1T85P197",
        "source_team": "T1T85P197",
        "user_profile": {
            "avatar_hash": "c8cca50bc366",
            "image_72": "https:\/\/avatars.slack-edge.com\/2021-05-11\/2054490932018_c8cca50bc366ce61d83e_72.png",
            "first_name": "Daniel",
            "real_name": "Daniel Kick",
            "display_name": "Daniel",
            "team": "T1T85P197",
            "name": "daniel",
            "is_restricted": false,
            "is_ultra_restricted": false
        },
        "blocks": [
            {
                "type": "rich_text",
                "block_id": "kLzgY",
                "elements": [
                    {
                        "type": "rich_text_section",
                        "elements": [
                            {
                                "type": "text",
                                "text": "There are exceptions certainly (e.g. massive effect size, huge sample size) but this is a clear argument against them as the default."
                            }
                        ]
                    }
                ]
            }
        ]
    },
    {
        "user": "U010N31RYMV",
        "type": "message",
        "ts": "1614701758.002200",
        "client_msg_id": "df49a2b8-128e-4fc5-b8e7-4be667167386",
        "text": "How about a new rule:  If Excel can make the plot, then by and large it should never be used?  (exception, scatterplots.  I love me a scatterplot).",
        "team": "T1T85P197",
        "user_team": "T1T85P197",
        "source_team": "T1T85P197",
        "user_profile": {
            "avatar_hash": "084d1d915961",
            "image_72": "https:\/\/avatars.slack-edge.com\/2021-06-11\/2162938824690_084d1d915961fd2a1fcb_72.png",
            "first_name": "",
            "real_name": "David Schulz",
            "display_name": "David Schulz",
            "team": "T1T85P197",
            "name": "schulzd",
            "is_restricted": false,
            "is_ultra_restricted": false
        },
        "blocks": [
            {
                "type": "rich_text",
                "block_id": "hbMO",
                "elements": [
                    {
                        "type": "rich_text_section",
                        "elements": [
                            {
                                "type": "text",
                                "text": "How about a new rule:  If Excel can make the plot, then by and large it should never be used?  (exception, scatterplots.  I love me a scatterplot)."
                            }
                        ]
                    }
                ]
            }
        ]
    }
]