[
    {
        "user": "U010N31RYMV",
        "type": "message",
        "ts": "1623082973.000700",
        "client_msg_id": "4cc1ef82-094d-47fc-9712-5bec6adbd6bf",
        "text": "I think I like this visualization method - especially for larger datasets. But I leave it to you to consider: <https:\/\/www.cedricscherer.com\/2021\/06\/06\/visualizing-distributions-with-raincloud-plots-with-ggplot2\/>",
        "team": "T1T85P197",
        "user_team": "T1T85P197",
        "source_team": "T1T85P197",
        "user_profile": {
            "avatar_hash": "084d1d915961",
            "image_72": "https:\/\/avatars.slack-edge.com\/2021-06-11\/2162938824690_084d1d915961fd2a1fcb_72.png",
            "first_name": "",
            "real_name": "David Schulz",
            "display_name": "David Schulz",
            "team": "T1T85P197",
            "name": "schulzd",
            "is_restricted": false,
            "is_ultra_restricted": false
        },
        "thread_ts": "1623082973.000700",
        "reply_count": 5,
        "reply_users_count": 2,
        "latest_reply": "1623089578.002600",
        "reply_users": [
            "U010M1M3N9E",
            "U0103JSQYLB"
        ],
        "replies": [
            {
                "user": "U010M1M3N9E",
                "ts": "1623086710.001000"
            },
            {
                "user": "U010M1M3N9E",
                "ts": "1623086791.001300"
            },
            {
                "user": "U010M1M3N9E",
                "ts": "1623086832.001700"
            },
            {
                "user": "U010M1M3N9E",
                "ts": "1623087366.001900"
            },
            {
                "user": "U0103JSQYLB",
                "ts": "1623089578.002600"
            }
        ],
        "is_locked": false,
        "subscribed": false,
        "attachments": [
            {
                "service_name": "Cédric Scherer",
                "title": "Visualizing Distributions with Raincloud Plots with ggplot2 - Cédric Scherer",
                "title_link": "https:\/\/www.cedricscherer.com\/2021\/06\/06\/visualizing-distributions-with-raincloud-plots-with-ggplot2\/",
                "text": "Raincloud plots, that provide an overview of the raw data, its distribution, and important statistical properties, are a good alternative to classical boxplots. In this tutorial, I highlight the potential problem of boxplots, illustrate why raincloud plots are great, and show numerous ways how to create such hybrid charts in R with {ggplot2}.",
                "fallback": "Cédric Scherer: Visualizing Distributions with Raincloud Plots with ggplot2 - Cédric Scherer",
                "image_url": "https:\/\/cedricscherer.com\/img\/banner\/mountainsnstars_crystal_RichardStrozynski.jpg",
                "from_url": "https:\/\/www.cedricscherer.com\/2021\/06\/06\/visualizing-distributions-with-raincloud-plots-with-ggplot2\/",
                "image_width": 532,
                "image_height": 250,
                "image_bytes": 963334,
                "service_icon": "https:\/\/www.cedricscherer.com\/img\/favicon.ico",
                "id": 1,
                "original_url": "https:\/\/www.cedricscherer.com\/2021\/06\/06\/visualizing-distributions-with-raincloud-plots-with-ggplot2\/"
            }
        ],
        "blocks": [
            {
                "type": "rich_text",
                "block_id": "2HWK",
                "elements": [
                    {
                        "type": "rich_text_section",
                        "elements": [
                            {
                                "type": "text",
                                "text": "I think I like this visualization method - especially for larger datasets. But I leave it to you to consider: "
                            },
                            {
                                "type": "link",
                                "url": "https:\/\/www.cedricscherer.com\/2021\/06\/06\/visualizing-distributions-with-raincloud-plots-with-ggplot2\/"
                            }
                        ]
                    }
                ]
            }
        ],
        "reactions": [
            {
                "name": "+1",
                "users": [
                    "U010M1M3N9E"
                ],
                "count": 1
            },
            {
                "name": "raised_hands::skin-tone-4",
                "users": [
                    "U0103JSQYLB"
                ],
                "count": 1
            }
        ]
    },
    {
        "user": "U010M1M3N9E",
        "type": "message",
        "ts": "1623086710.001000",
        "edited": {
            "user": "U010M1M3N9E",
            "ts": "1623086782.000000"
        },
        "client_msg_id": "d9fa909f-f2e7-4d89-9ef5-32d516976a18",
        "text": "So, for my taste,  I kind of like showing either a smoothed histogram, or data point histogram, but I think its all dependent on the point you're trying to make.\nI think that the boxplot is best at making the point there appears to be a trend. Also, the box plot takes the least space and gives you most of the relevant info\nThe smoothed histogram is the prettiest.\nHowever, the data point dot histogram maximizes reproducibility and data structure. It's also  good because its a non-ugly way to show the actual data points (superimposed data points have higher res but don't look pretty). Initially, I loved the smoothed histogram, and still think its stunning visually, but its really kind of misleading (look at histogram points vs smoothed in group 3 showing half density when its really 0).\nI think the double whammy in the article is kind of redundant and not appropriate for a figure describing a trend. .\n The combined is just not practical as its redundant with the dot histogram. Its also not space efficient, not sure I would be willing to sacrifice 2\/3 figures and deemphasize a trend vs boxplot. The  dot histogram however only sacrifices half the space, is most informative. and  while not as space efficient as the boxplot, you can still see the trend.",
        "team": "T1T85P197",
        "user_team": "T1T85P197",
        "source_team": "T1T85P197",
        "user_profile": {
            "avatar_hash": "63b8b876b0d0",
            "image_72": "https:\/\/avatars.slack-edge.com\/2021-01-15\/1638892537269_63b8b876b0d0bce87f79_72.jpg",
            "first_name": "Michael",
            "real_name": "Michael Gray",
            "display_name": "Michael Gray",
            "team": "T1T85P197",
            "name": "grayml",
            "is_restricted": false,
            "is_ultra_restricted": false
        },
        "thread_ts": "1623082973.000700",
        "parent_user_id": "U010N31RYMV",
        "blocks": [
            {
                "type": "rich_text",
                "block_id": "fc6",
                "elements": [
                    {
                        "type": "rich_text_section",
                        "elements": [
                            {
                                "type": "text",
                                "text": "So, for my taste,  I kind of like showing either a smoothed histogram, or data point histogram, but I think its all dependent on the point you're trying to make.\nI think that the boxplot is best at making the point there appears to be a trend. Also, the box plot takes the least space and gives you most of the relevant info\nThe smoothed histogram is the prettiest.\nHowever, the data point dot histogram maximizes reproducibility and data structure. It's also  good because its a non-ugly way to show the actual data points (superimposed data points have higher res but don't look pretty). Initially, I loved the smoothed histogram, and still think its stunning visually, but its really kind of misleading (look at histogram points vs smoothed in group 3 showing half density when its really 0).\nI think the double whammy in the article is kind of redundant and not appropriate for a figure describing a trend. .\n The combined is just not practical as its redundant with the dot histogram. Its also not space efficient, not sure I would be willing to sacrifice 2\/3 figures and deemphasize a trend vs boxplot. The  dot histogram however only sacrifices half the space, is most informative. and  while not as space efficient as the boxplot, you can still see the trend."
                            }
                        ]
                    }
                ]
            }
        ]
    },
    {
        "text": "",
        "files": [
            {
                "id": "F024954T6UT",
                "created": 1623086790,
                "timestamp": 1623086790,
                "name": "image.png",
                "title": "image.png",
                "mimetype": "image\/png",
                "filetype": "png",
                "pretty_type": "PNG",
                "user": "U010M1M3N9E",
                "user_team": "T1T85P197",
                "editable": false,
                "size": 52173,
                "mode": "hosted",
                "is_external": false,
                "external_type": "",
                "is_public": true,
                "public_url_shared": false,
                "display_as_bot": false,
                "username": "",
                "url_private": "https:\/\/files.slack.com\/files-pri\/T1T85P197-F024954T6UT\/image.png?t=xoxe-61277783313-6938219705459-6931704589846-f9456fee8056b431d8cc920b3927c14d",
                "url_private_download": "https:\/\/files.slack.com\/files-pri\/T1T85P197-F024954T6UT\/download\/image.png?t=xoxe-61277783313-6938219705459-6931704589846-f9456fee8056b431d8cc920b3927c14d",
                "media_display_type": "unknown",
                "thumb_64": "https:\/\/files.slack.com\/files-tmb\/T1T85P197-F024954T6UT-ad742047cc\/image_64.png?t=xoxe-61277783313-6938219705459-6931704589846-f9456fee8056b431d8cc920b3927c14d",
                "thumb_80": "https:\/\/files.slack.com\/files-tmb\/T1T85P197-F024954T6UT-ad742047cc\/image_80.png?t=xoxe-61277783313-6938219705459-6931704589846-f9456fee8056b431d8cc920b3927c14d",
                "thumb_360": "https:\/\/files.slack.com\/files-tmb\/T1T85P197-F024954T6UT-ad742047cc\/image_360.png?t=xoxe-61277783313-6938219705459-6931704589846-f9456fee8056b431d8cc920b3927c14d",
                "thumb_360_w": 360,
                "thumb_360_h": 196,
                "thumb_480": "https:\/\/files.slack.com\/files-tmb\/T1T85P197-F024954T6UT-ad742047cc\/image_480.png?t=xoxe-61277783313-6938219705459-6931704589846-f9456fee8056b431d8cc920b3927c14d",
                "thumb_480_w": 480,
                "thumb_480_h": 261,
                "thumb_160": "https:\/\/files.slack.com\/files-tmb\/T1T85P197-F024954T6UT-ad742047cc\/image_160.png?t=xoxe-61277783313-6938219705459-6931704589846-f9456fee8056b431d8cc920b3927c14d",
                "original_w": 624,
                "original_h": 339,
                "thumb_tiny": "AwAaADDTHSkzzilpMc0ALTCTnjFPpNoPUUANyc\/w9aVTkjlelLtFAAHSgBD\/AE9aKdRQA38qCM9xTqKAG4HqOtAA45FOooA\/\/9k=",
                "permalink": "https:\/\/schulzlab.slack.com\/files\/U010M1M3N9E\/F024954T6UT\/image.png",
                "permalink_public": "https:\/\/slack-files.com\/T1T85P197-F024954T6UT-8ba57d2f9f",
                "is_starred": false,
                "has_rich_preview": false,
                "file_access": "visible"
            }
        ],
        "upload": false,
        "user": "U010M1M3N9E",
        "display_as_bot": false,
        "type": "message",
        "ts": "1623086791.001300",
        "thread_ts": "1623082973.000700",
        "parent_user_id": "U010N31RYMV"
    },
    {
        "user": "U010M1M3N9E",
        "type": "message",
        "ts": "1623086832.001700",
        "client_msg_id": "3f746057-33dd-4b34-a9c1-1074a574b615",
        "text": "Which one can you see the trend in without zooming in?",
        "team": "T1T85P197",
        "user_team": "T1T85P197",
        "source_team": "T1T85P197",
        "user_profile": {
            "avatar_hash": "63b8b876b0d0",
            "image_72": "https:\/\/avatars.slack-edge.com\/2021-01-15\/1638892537269_63b8b876b0d0bce87f79_72.jpg",
            "first_name": "Michael",
            "real_name": "Michael Gray",
            "display_name": "Michael Gray",
            "team": "T1T85P197",
            "name": "grayml",
            "is_restricted": false,
            "is_ultra_restricted": false
        },
        "thread_ts": "1623082973.000700",
        "parent_user_id": "U010N31RYMV",
        "blocks": [
            {
                "type": "rich_text",
                "block_id": "ET7",
                "elements": [
                    {
                        "type": "rich_text_section",
                        "elements": [
                            {
                                "type": "text",
                                "text": "Which one can you see the trend in without zooming in?"
                            }
                        ]
                    }
                ]
            }
        ]
    },
    {
        "text": "meh:",
        "files": [
            {
                "id": "F023U6YB2TZ",
                "created": 1623087363,
                "timestamp": 1623087363,
                "name": "image.png",
                "title": "image.png",
                "mimetype": "image\/png",
                "filetype": "png",
                "pretty_type": "PNG",
                "user": "U010M1M3N9E",
                "user_team": "T1T85P197",
                "editable": false,
                "size": 8498,
                "mode": "hosted",
                "is_external": false,
                "external_type": "",
                "is_public": true,
                "public_url_shared": false,
                "display_as_bot": false,
                "username": "",
                "url_private": "https:\/\/files.slack.com\/files-pri\/T1T85P197-F023U6YB2TZ\/image.png?t=xoxe-61277783313-6938219705459-6931704589846-f9456fee8056b431d8cc920b3927c14d",
                "url_private_download": "https:\/\/files.slack.com\/files-pri\/T1T85P197-F023U6YB2TZ\/download\/image.png?t=xoxe-61277783313-6938219705459-6931704589846-f9456fee8056b431d8cc920b3927c14d",
                "media_display_type": "unknown",
                "thumb_64": "https:\/\/files.slack.com\/files-tmb\/T1T85P197-F023U6YB2TZ-371a884932\/image_64.png?t=xoxe-61277783313-6938219705459-6931704589846-f9456fee8056b431d8cc920b3927c14d",
                "thumb_80": "https:\/\/files.slack.com\/files-tmb\/T1T85P197-F023U6YB2TZ-371a884932\/image_80.png?t=xoxe-61277783313-6938219705459-6931704589846-f9456fee8056b431d8cc920b3927c14d",
                "thumb_360": "https:\/\/files.slack.com\/files-tmb\/T1T85P197-F023U6YB2TZ-371a884932\/image_360.png?t=xoxe-61277783313-6938219705459-6931704589846-f9456fee8056b431d8cc920b3927c14d",
                "thumb_360_w": 131,
                "thumb_360_h": 154,
                "thumb_160": "https:\/\/files.slack.com\/files-tmb\/T1T85P197-F023U6YB2TZ-371a884932\/image_160.png?t=xoxe-61277783313-6938219705459-6931704589846-f9456fee8056b431d8cc920b3927c14d",
                "original_w": 131,
                "original_h": 154,
                "thumb_tiny": "AwAwACjTopO9HOD60ALRSHp+NJ6c0AOopARnrmloAbtwep5pNvGCTTv4qTgEmgBNoIye1BA68UZUDHrRkdKAF4DYGBTqaGDHinUANCjPAoCrg8celOxRigBvbp3pewpcUUAJ3paKKAP\/2Q==",
                "permalink": "https:\/\/schulzlab.slack.com\/files\/U010M1M3N9E\/F023U6YB2TZ\/image.png",
                "permalink_public": "https:\/\/slack-files.com\/T1T85P197-F023U6YB2TZ-f6b2850d2f",
                "is_starred": false,
                "has_rich_preview": false,
                "file_access": "visible"
            }
        ],
        "upload": false,
        "user": "U010M1M3N9E",
        "display_as_bot": false,
        "blocks": [
            {
                "type": "rich_text",
                "block_id": "yo47i",
                "elements": [
                    {
                        "type": "rich_text_section",
                        "elements": [
                            {
                                "type": "text",
                                "text": "meh:"
                            }
                        ]
                    }
                ]
            }
        ],
        "type": "message",
        "ts": "1623087366.001900",
        "thread_ts": "1623082973.000700",
        "parent_user_id": "U010N31RYMV"
    },
    {
        "user": "U0103JSQYLB",
        "type": "message",
        "ts": "1623089578.002600",
        "client_msg_id": "64C9D557-3C3F-4E20-B9B9-0149F6479B6B",
        "text": "Make it more colorful ",
        "team": "T1T85P197",
        "user_team": "T1T85P197",
        "source_team": "T1T85P197",
        "user_profile": {
            "avatar_hash": "94bf4a6c3643",
            "image_72": "https:\/\/avatars.slack-edge.com\/2023-05-20\/5309607146049_94bf4a6c3643af0ab428_72.png",
            "first_name": "Joe",
            "real_name": "Joe",
            "display_name": "Joe",
            "team": "T1T85P197",
            "name": "joseviteri",
            "is_restricted": false,
            "is_ultra_restricted": false
        },
        "thread_ts": "1623082973.000700",
        "parent_user_id": "U010N31RYMV",
        "blocks": [
            {
                "type": "rich_text",
                "block_id": "UB\/r",
                "elements": [
                    {
                        "type": "rich_text_section",
                        "elements": [
                            {
                                "type": "text",
                                "text": "Make it more colorful "
                            }
                        ]
                    }
                ]
            }
        ]
    }
]