[
    {
        "user": "U0112A19YFN",
        "type": "message",
        "ts": "1615774493.000700",
        "client_msg_id": "d57464ea-f998-4c9b-97ac-ec7aa86457de",
        "text": "I have no idea where to start in showing my data for my presentation next week. Can someone assist?",
        "team": "T1T85P197",
        "user_team": "T1T85P197",
        "source_team": "T1T85P197",
        "user_profile": {
            "avatar_hash": "82931094ef90",
            "image_72": "https:\/\/avatars.slack-edge.com\/2022-06-17\/3708168624352_82931094ef904079310a_72.jpg",
            "first_name": "",
            "real_name": "Sherryl",
            "display_name": "Sherryl",
            "team": "T1T85P197",
            "name": "sherryl.henderson",
            "is_restricted": false,
            "is_ultra_restricted": false
        },
        "blocks": [
            {
                "type": "rich_text",
                "block_id": "u4Gfi",
                "elements": [
                    {
                        "type": "rich_text_section",
                        "elements": [
                            {
                                "type": "text",
                                "text": "I have no idea where to start in showing my data for my presentation next week. Can someone assist?"
                            }
                        ]
                    }
                ]
            }
        ]
    },
    {
        "user": "U1T7R897Y",
        "type": "message",
        "ts": "1615774851.003100",
        "client_msg_id": "a097fc75-3f0f-420b-90d7-5506c2b6c8fd",
        "text": "Do you mean as in \"I have ___ kind of data with ___ groups, what plot would be effective?\", \"I want to make ___ plot, is there a good library for that?\", or something else?",
        "team": "T1T85P197",
        "user_team": "T1T85P197",
        "source_team": "T1T85P197",
        "user_profile": {
            "avatar_hash": "c8cca50bc366",
            "image_72": "https:\/\/avatars.slack-edge.com\/2021-05-11\/2054490932018_c8cca50bc366ce61d83e_72.png",
            "first_name": "Daniel",
            "real_name": "Daniel Kick",
            "display_name": "Daniel",
            "team": "T1T85P197",
            "name": "daniel",
            "is_restricted": false,
            "is_ultra_restricted": false
        },
        "blocks": [
            {
                "type": "rich_text",
                "block_id": "+tF",
                "elements": [
                    {
                        "type": "rich_text_section",
                        "elements": [
                            {
                                "type": "text",
                                "text": "Do you mean as in \"I have ___ kind of data with ___ groups, what plot would be effective?\", \"I want to make ___ plot, is there a good library for that?\", or something else?"
                            }
                        ]
                    }
                ]
            }
        ]
    },
    {
        "user": "U0112A19YFN",
        "type": "message",
        "ts": "1615775086.004500",
        "client_msg_id": "f2d07cff-547a-4e41-857d-dbd9c633c110",
        "text": "I want to make a bar graph to show cell type by group don't know how to do it. I also don't remember is r1s1 is the cursor I'm supposed to use or r1s2 is the cursor I'm supposed to use",
        "team": "T1T85P197",
        "user_team": "T1T85P197",
        "source_team": "T1T85P197",
        "user_profile": {
            "avatar_hash": "82931094ef90",
            "image_72": "https:\/\/avatars.slack-edge.com\/2022-06-17\/3708168624352_82931094ef904079310a_72.jpg",
            "first_name": "",
            "real_name": "Sherryl",
            "display_name": "Sherryl",
            "team": "T1T85P197",
            "name": "sherryl.henderson",
            "is_restricted": false,
            "is_ultra_restricted": false
        },
        "blocks": [
            {
                "type": "rich_text",
                "block_id": "stgXd",
                "elements": [
                    {
                        "type": "rich_text_section",
                        "elements": [
                            {
                                "type": "text",
                                "text": "I want to make a bar graph to show cell type by group don't know how to do it. I also don't remember is r1s1 is the cursor I'm supposed to use or r1s2 is the cursor I'm supposed to use"
                            }
                        ]
                    }
                ]
            }
        ]
    },
    {
        "text": "",
        "files": [
            {
                "id": "F01R467DNKF",
                "created": 1615775109,
                "timestamp": 1615775109,
                "name": "EAEdata.xlsx",
                "title": "EAEdata.xlsx",
                "mimetype": "application\/vnd.openxmlformats-officedocument.spreadsheetml.sheet",
                "filetype": "xlsx",
                "pretty_type": "Excel Spreadsheet",
                "user": "U0112A19YFN",
                "user_team": "T1T85P197",
                "editable": false,
                "size": 57434,
                "mode": "hosted",
                "is_external": false,
                "external_type": "",
                "is_public": true,
                "public_url_shared": false,
                "display_as_bot": false,
                "username": "",
                "url_private": "https:\/\/files.slack.com\/files-pri\/T1T85P197-F01R467DNKF\/eaedata.xlsx?t=xoxe-61277783313-6938219705459-6931704589846-f9456fee8056b431d8cc920b3927c14d",
                "url_private_download": "https:\/\/files.slack.com\/files-pri\/T1T85P197-F01R467DNKF\/download\/eaedata.xlsx?t=xoxe-61277783313-6938219705459-6931704589846-f9456fee8056b431d8cc920b3927c14d",
                "media_display_type": "unknown",
                "converted_pdf": "https:\/\/files.slack.com\/files-tmb\/T1T85P197-F01R467DNKF-3491f0c140\/eaedata_converted.pdf?t=xoxe-61277783313-6938219705459-6931704589846-f9456fee8056b431d8cc920b3927c14d",
                "thumb_pdf": "https:\/\/files.slack.com\/files-tmb\/T1T85P197-F01R467DNKF-3491f0c140\/eaedata_thumb_pdf.png?t=xoxe-61277783313-6938219705459-6931704589846-f9456fee8056b431d8cc920b3927c14d",
                "thumb_pdf_w": 935,
                "thumb_pdf_h": 1210,
                "permalink": "https:\/\/schulzlab.slack.com\/files\/U0112A19YFN\/F01R467DNKF\/eaedata.xlsx",
                "permalink_public": "https:\/\/slack-files.com\/T1T85P197-F01R467DNKF-e0134b2ca6",
                "is_starred": false,
                "has_rich_preview": false,
                "file_access": "visible"
            }
        ],
        "upload": false,
        "user": "U0112A19YFN",
        "display_as_bot": false,
        "type": "message",
        "ts": "1615775114.004600"
    },
    {
        "user": "U1T7R897Y",
        "type": "message",
        "ts": "1615775360.006300",
        "client_msg_id": "9ecac44a-1eee-4097-955c-2b342c8d8147",
        "text": "Since you've got the file \/ trace info, I  think you can double check that. If you're using tidyverse `geom_col`  is probably what you'll be wanting. <https:\/\/ggplot2.tidyverse.org\/reference\/geom_bar.html>",
        "team": "T1T85P197",
        "user_team": "T1T85P197",
        "source_team": "T1T85P197",
        "user_profile": {
            "avatar_hash": "c8cca50bc366",
            "image_72": "https:\/\/avatars.slack-edge.com\/2021-05-11\/2054490932018_c8cca50bc366ce61d83e_72.png",
            "first_name": "Daniel",
            "real_name": "Daniel Kick",
            "display_name": "Daniel",
            "team": "T1T85P197",
            "name": "daniel",
            "is_restricted": false,
            "is_ultra_restricted": false
        },
        "attachments": [
            {
                "title": "Bar charts — geom_bar",
                "title_link": "https:\/\/ggplot2.tidyverse.org\/reference\/geom_bar.html",
                "text": "There are two types of bar charts: geom_bar() and geom_col(). geom_bar() makes the height of the bar proportional to the number of cases in each group (or if the weight aesthetic is supplied, the sum of the weights). If you want the heights of the bars to represent values in the data, use geom_col() instead. geom_bar() uses stat_count() by default: it counts the number of cases at each x position. geom_col() uses stat_identity(): it leaves the data as is.",
                "fallback": "Bar charts — geom_bar",
                "thumb_url": "https:\/\/ggplot2.tidyverse.org\/logo.png",
                "from_url": "https:\/\/ggplot2.tidyverse.org\/reference\/geom_bar.html",
                "thumb_width": 240,
                "thumb_height": 278,
                "service_icon": "https:\/\/ggplot2.tidyverse.org\/apple-touch-icon.png",
                "service_name": "ggplot2.tidyverse.org",
                "id": 1,
                "original_url": "https:\/\/ggplot2.tidyverse.org\/reference\/geom_bar.html"
            }
        ],
        "blocks": [
            {
                "type": "rich_text",
                "block_id": "mh8",
                "elements": [
                    {
                        "type": "rich_text_section",
                        "elements": [
                            {
                                "type": "text",
                                "text": "Since you've got the file \/ trace info, I  think you can double check that. If you're using tidyverse "
                            },
                            {
                                "type": "text",
                                "text": "geom_col",
                                "style": {
                                    "code": true
                                }
                            },
                            {
                                "type": "text",
                                "text": "  is probably what you'll be wanting. "
                            },
                            {
                                "type": "link",
                                "url": "https:\/\/ggplot2.tidyverse.org\/reference\/geom_bar.html"
                            }
                        ]
                    }
                ]
            }
        ]
    },
    {
        "user": "U0112A19YFN",
        "type": "message",
        "ts": "1615775604.007400",
        "client_msg_id": "a14010b4-4ccd-4e23-8bb5-ec3a88e11cc2",
        "text": "Thank you I'll play with this and see what I can do. And I can double check which cursor to use for the different properties?",
        "team": "T1T85P197",
        "user_team": "T1T85P197",
        "source_team": "T1T85P197",
        "user_profile": {
            "avatar_hash": "82931094ef90",
            "image_72": "https:\/\/avatars.slack-edge.com\/2022-06-17\/3708168624352_82931094ef904079310a_72.jpg",
            "first_name": "",
            "real_name": "Sherryl",
            "display_name": "Sherryl",
            "team": "T1T85P197",
            "name": "sherryl.henderson",
            "is_restricted": false,
            "is_ultra_restricted": false
        },
        "blocks": [
            {
                "type": "rich_text",
                "block_id": "voh",
                "elements": [
                    {
                        "type": "rich_text_section",
                        "elements": [
                            {
                                "type": "text",
                                "text": "Thank you I'll play with this and see what I can do. And I can double check which cursor to use for the different properties?"
                            }
                        ]
                    }
                ]
            }
        ]
    },
    {
        "user": "U1T7R897Y",
        "type": "message",
        "ts": "1615775837.008600",
        "client_msg_id": "73969b97-c746-4c67-9fe6-8af69ffecd82",
        "text": "Open the file in clampfit and check if the feature you're interested in quantifying matches up with the value in r1s1 or r1s2.",
        "team": "T1T85P197",
        "user_team": "T1T85P197",
        "source_team": "T1T85P197",
        "user_profile": {
            "avatar_hash": "c8cca50bc366",
            "image_72": "https:\/\/avatars.slack-edge.com\/2021-05-11\/2054490932018_c8cca50bc366ce61d83e_72.png",
            "first_name": "Daniel",
            "real_name": "Daniel Kick",
            "display_name": "Daniel",
            "team": "T1T85P197",
            "name": "daniel",
            "is_restricted": false,
            "is_ultra_restricted": false
        },
        "blocks": [
            {
                "type": "rich_text",
                "block_id": "TC1V0",
                "elements": [
                    {
                        "type": "rich_text_section",
                        "elements": [
                            {
                                "type": "text",
                                "text": "Open the file in clampfit and check if the feature you're interested in quantifying matches up with the value in r1s1 or r1s2."
                            }
                        ]
                    }
                ]
            }
        ]
    },
    {
        "user": "U0112A19YFN",
        "type": "message",
        "ts": "1615776098.010400",
        "client_msg_id": "dc78a8b0-f9b4-4d21-b681-17531d451f73",
        "text": "Thank you! I think I might pack it in tonight though I'm a little overwhelmed and my head hurts. I will likely be all up and through this channel and the better_code channel this next week.",
        "team": "T1T85P197",
        "user_team": "T1T85P197",
        "source_team": "T1T85P197",
        "user_profile": {
            "avatar_hash": "82931094ef90",
            "image_72": "https:\/\/avatars.slack-edge.com\/2022-06-17\/3708168624352_82931094ef904079310a_72.jpg",
            "first_name": "",
            "real_name": "Sherryl",
            "display_name": "Sherryl",
            "team": "T1T85P197",
            "name": "sherryl.henderson",
            "is_restricted": false,
            "is_ultra_restricted": false
        },
        "blocks": [
            {
                "type": "rich_text",
                "block_id": "4xl4",
                "elements": [
                    {
                        "type": "rich_text_section",
                        "elements": [
                            {
                                "type": "text",
                                "text": "Thank you! I think I might pack it in tonight though I'm a little overwhelmed and my head hurts. I will likely be all up and through this channel and the better_code channel this next week."
                            }
                        ]
                    }
                ]
            }
        ]
    },
    {
        "user": "U0112A19YFN",
        "type": "message",
        "ts": "1615776349.012200",
        "client_msg_id": "899c4500-1601-4dbe-92a0-1df43ad76da1",
        "text": "I think I might have plots for the properties that changed in my comps presentation but I feel like I should do everything from scratch",
        "team": "T1T85P197",
        "user_team": "T1T85P197",
        "source_team": "T1T85P197",
        "user_profile": {
            "avatar_hash": "82931094ef90",
            "image_72": "https:\/\/avatars.slack-edge.com\/2022-06-17\/3708168624352_82931094ef904079310a_72.jpg",
            "first_name": "",
            "real_name": "Sherryl",
            "display_name": "Sherryl",
            "team": "T1T85P197",
            "name": "sherryl.henderson",
            "is_restricted": false,
            "is_ultra_restricted": false
        },
        "blocks": [
            {
                "type": "rich_text",
                "block_id": "lsEeg",
                "elements": [
                    {
                        "type": "rich_text_section",
                        "elements": [
                            {
                                "type": "text",
                                "text": "I think I might have plots for the properties that changed in my comps presentation but I feel like I should do everything from scratch"
                            }
                        ]
                    }
                ]
            }
        ]
    }
]