[
    {
        "user": "U1T7R897Y",
        "type": "message",
        "ts": "1621911172.001800",
        "client_msg_id": "b1dc7717-a93c-4918-a168-51a538a1c692",
        "text": "<@U010M1M3N9E> You could consider using a beta distribution. That wouldn’t fix the outliers but would be a nice way to work with percentiles.",
        "team": "T1T85P197",
        "user_team": "T1T85P197",
        "source_team": "T1T85P197",
        "user_profile": {
            "avatar_hash": "c8cca50bc366",
            "image_72": "https:\/\/avatars.slack-edge.com\/2021-05-11\/2054490932018_c8cca50bc366ce61d83e_72.png",
            "first_name": "Daniel",
            "real_name": "Daniel Kick",
            "display_name": "Daniel",
            "team": "T1T85P197",
            "name": "daniel",
            "is_restricted": false,
            "is_ultra_restricted": false
        },
        "blocks": [
            {
                "type": "rich_text",
                "block_id": "pLqrM",
                "elements": [
                    {
                        "type": "rich_text_section",
                        "elements": [
                            {
                                "type": "user",
                                "user_id": "U010M1M3N9E"
                            },
                            {
                                "type": "text",
                                "text": " You could consider using a beta distribution. That wouldn’t fix the outliers but would be a nice way to work with percentiles."
                            }
                        ]
                    }
                ]
            }
        ]
    }
]