[
    {
        "user": "U0103JSQYLB",
        "type": "message",
        "ts": "1659667154.627679",
        "client_msg_id": "29CDD14B-DFB2-4094-AFDE-6007AA134F87",
        "text": "<https:\/\/github.com\/latch-verified\/bulk-rnaseq\/|https:\/\/github.com\/latch-verified\/bulk-rnaseq\/> pretty cool  reference workflow I found for rna-seq ",
        "team": "T1T85P197",
        "user_team": "T1T85P197",
        "source_team": "T1T85P197",
        "user_profile": {
            "avatar_hash": "94bf4a6c3643",
            "image_72": "https:\/\/avatars.slack-edge.com\/2023-05-20\/5309607146049_94bf4a6c3643af0ab428_72.png",
            "first_name": "Joe",
            "real_name": "Joe",
            "display_name": "Joe",
            "team": "T1T85P197",
            "name": "joseviteri",
            "is_restricted": false,
            "is_ultra_restricted": false
        },
        "attachments": [
            {
                "from_url": "https:\/\/github.com\/latch-verified\/bulk-rnaseq\/",
                "image_url": "https:\/\/opengraph.githubassets.com\/1406fffc73a697d7070efd848b2cca37091971a2121a22946b3267811f8c729d\/latch-verified\/bulk-rnaseq",
                "image_width": 500,
                "image_height": 250,
                "image_bytes": 85823,
                "service_icon": "https:\/\/a.slack-edge.com\/80588\/img\/unfurl_icons\/github.png",
                "id": 1,
                "original_url": "https:\/\/github.com\/latch-verified\/bulk-rnaseq\/",
                "fallback": "GitHub: GitHub - latch-verified\/bulk-rnaseq: Bulk RNA-seq analysis.",
                "text": "Bulk RNA-seq analysis. Contribute to latch-verified\/bulk-rnaseq development by creating an account on GitHub.",
                "title": "GitHub - latch-verified\/bulk-rnaseq: Bulk RNA-seq analysis.",
                "title_link": "https:\/\/github.com\/latch-verified\/bulk-rnaseq\/",
                "service_name": "GitHub"
            }
        ],
        "blocks": [
            {
                "type": "rich_text",
                "block_id": "eSy",
                "elements": [
                    {
                        "type": "rich_text_section",
                        "elements": [
                            {
                                "type": "link",
                                "url": "https:\/\/github.com\/latch-verified\/bulk-rnaseq\/",
                                "text": "https:\/\/github.com\/latch-verified\/bulk-rnaseq\/"
                            },
                            {
                                "type": "text",
                                "text": " pretty cool  reference workflow I found for rna-seq "
                            }
                        ]
                    }
                ]
            }
        ],
        "reactions": [
            {
                "name": "+1::skin-tone-4",
                "users": [
                    "U0112A19YFN"
                ],
                "count": 1
            }
        ]
    }
]