[
    {
        "user": "U1T7R897Y",
        "type": "message",
        "ts": "1662737169.993159",
        "client_msg_id": "FD993976-9635-4AA3-9022-0E9FBFC186AE",
        "text": "<#C01BT24FYDQ|interesting-reads>  This is an interesting paper for thinking at a high level about traditional statistical models, machine learning models. Some of the questions considered:\n\n• What if models with wildy different assumptions have similar fits? \n• Does interpretability actually matter if the model isn't very good? How much accuracy are you willing to sacrifice for interpretability?\n• How should we feel about high dimensional data (the p&gt;&gt;n problem) is this a blessing or curse?\n<https:\/\/projecteuclid.org\/journalArticle\/Download?urlId=10.1214%2Fss%2F1009213726|https:\/\/projecteuclid.org\/journalArticle\/Download?urlId=10.1214%2Fss%2F1009213726>",
        "team": "T1T85P197",
        "user_team": "T1T85P197",
        "source_team": "T1T85P197",
        "user_profile": {
            "avatar_hash": "c8cca50bc366",
            "image_72": "https:\/\/avatars.slack-edge.com\/2021-05-11\/2054490932018_c8cca50bc366ce61d83e_72.png",
            "first_name": "Daniel",
            "real_name": "Daniel Kick",
            "display_name": "Daniel",
            "team": "T1T85P197",
            "name": "daniel",
            "is_restricted": false,
            "is_ultra_restricted": false
        },
        "blocks": [
            {
                "type": "rich_text",
                "block_id": "RV5M6",
                "elements": [
                    {
                        "type": "rich_text_section",
                        "elements": [
                            {
                                "type": "channel",
                                "channel_id": "C01BT24FYDQ"
                            },
                            {
                                "type": "text",
                                "text": "  This is an interesting paper for thinking at a high level about traditional statistical models, machine learning models. Some of the questions considered:"
                            },
                            {
                                "type": "text",
                                "text": "\n"
                            },
                            {
                                "type": "text",
                                "text": "\n"
                            }
                        ]
                    },
                    {
                        "type": "rich_text_list",
                        "elements": [
                            {
                                "type": "rich_text_section",
                                "elements": [
                                    {
                                        "type": "text",
                                        "text": "What if models with wildy different assumptions have similar fits? "
                                    }
                                ]
                            },
                            {
                                "type": "rich_text_section",
                                "elements": [
                                    {
                                        "type": "text",
                                        "text": "Does interpretability actually matter if the model isn't very good? How much accuracy are you willing to sacrifice for interpretability?"
                                    }
                                ]
                            },
                            {
                                "type": "rich_text_section",
                                "elements": [
                                    {
                                        "type": "text",
                                        "text": "How should we feel about high dimensional data (the p>>n problem) is this a blessing or curse?"
                                    }
                                ]
                            }
                        ],
                        "style": "bullet",
                        "indent": 0,
                        "offset": 0,
                        "border": 0
                    },
                    {
                        "type": "rich_text_section",
                        "elements": [
                            {
                                "type": "text",
                                "text": "\n"
                            },
                            {
                                "type": "link",
                                "url": "https:\/\/projecteuclid.org\/journalArticle\/Download?urlId=10.1214%2Fss%2F1009213726",
                                "text": "https:\/\/projecteuclid.org\/journalArticle\/Download?urlId=10.1214%2Fss%2F1009213726"
                            }
                        ]
                    }
                ]
            }
        ]
    }
]