[
    {
        "user": "U010M1M3N9E",
        "type": "message",
        "ts": "1606330625.013800",
        "client_msg_id": "44740fdf-c782-496c-8624-795a6e342903",
        "text": "<https:\/\/towardsdatascience.com\/understanding-the-bias-variance-tradeoff-165e6942b229>",
        "team": "T1T85P197",
        "user_team": "T1T85P197",
        "source_team": "T1T85P197",
        "user_profile": {
            "avatar_hash": "63b8b876b0d0",
            "image_72": "https:\/\/avatars.slack-edge.com\/2021-01-15\/1638892537269_63b8b876b0d0bce87f79_72.jpg",
            "first_name": "Michael",
            "real_name": "Michael Gray",
            "display_name": "Michael Gray",
            "team": "T1T85P197",
            "name": "grayml",
            "is_restricted": false,
            "is_ultra_restricted": false
        },
        "attachments": [
            {
                "service_name": "Medium",
                "title": "Understanding the Bias-Variance Tradeoff",
                "title_link": "https:\/\/towardsdatascience.com\/understanding-the-bias-variance-tradeoff-165e6942b229",
                "text": "Whenever we discuss model prediction, it’s important to understand prediction errors (bias and variance). There is a tradeoff between a…",
                "fallback": "Medium: Understanding the Bias-Variance Tradeoff",
                "image_url": "https:\/\/miro.medium.com\/max\/562\/1*RQ6ICt_FBSx6mkAsGVwx8g.png",
                "fields": [
                    {
                        "title": "Reading time",
                        "value": "4 min read",
                        "short": true
                    }
                ],
                "ts": 1539086854,
                "from_url": "https:\/\/towardsdatascience.com\/understanding-the-bias-variance-tradeoff-165e6942b229",
                "image_width": 405,
                "image_height": 250,
                "image_bytes": 44406,
                "service_icon": "https:\/\/miro.medium.com\/fit\/c\/152\/152\/1*sHhtYhaCe2Uc3IU0IgKwIQ.png",
                "id": 1,
                "original_url": "https:\/\/towardsdatascience.com\/understanding-the-bias-variance-tradeoff-165e6942b229"
            }
        ],
        "blocks": [
            {
                "type": "rich_text",
                "block_id": "KtY",
                "elements": [
                    {
                        "type": "rich_text_section",
                        "elements": [
                            {
                                "type": "link",
                                "url": "https:\/\/towardsdatascience.com\/understanding-the-bias-variance-tradeoff-165e6942b229"
                            }
                        ]
                    }
                ]
            }
        ]
    },
    {
        "user": "U010M1M3N9E",
        "type": "message",
        "ts": "1606334889.020100",
        "client_msg_id": "87fc543a-8d81-4701-956b-3d2a6544409b",
        "text": "Mike is dumb; always wondered why LS model means were slightly different from arithmetic means (big picture is your LS model mean, SD and SEM will depend on how you model your data (covariates) and whether you have missing values vs individual points):\n<https:\/\/help.xlstat.com\/s\/article\/what-is-the-difference-between-ls-means-and-observed-means?language=en_US>\n<http:\/\/dawg.utk.edu\/glossary\/g_least_squares_means.htm#:~:text=This%20is%20a%20mean%20estimated,less%20sensitive%20to%20missing%20data>.\n\nI think this also argues that people should have report descriptives in their data, as if there is more than a few groups, you can't really calculate SD accurately by multiplying n^0.5 as this will be dependent on model.",
        "team": "T1T85P197",
        "user_team": "T1T85P197",
        "source_team": "T1T85P197",
        "user_profile": {
            "avatar_hash": "63b8b876b0d0",
            "image_72": "https:\/\/avatars.slack-edge.com\/2021-01-15\/1638892537269_63b8b876b0d0bce87f79_72.jpg",
            "first_name": "Michael",
            "real_name": "Michael Gray",
            "display_name": "Michael Gray",
            "team": "T1T85P197",
            "name": "grayml",
            "is_restricted": false,
            "is_ultra_restricted": false
        },
        "blocks": [
            {
                "type": "rich_text",
                "block_id": "O9Q",
                "elements": [
                    {
                        "type": "rich_text_section",
                        "elements": [
                            {
                                "type": "text",
                                "text": "Mike is dumb; always wondered why LS model means were slightly different from arithmetic means (big picture is your LS model mean, SD and SEM will depend on how you model your data (covariates) and whether you have missing values vs individual points):\n"
                            },
                            {
                                "type": "link",
                                "url": "https:\/\/help.xlstat.com\/s\/article\/what-is-the-difference-between-ls-means-and-observed-means?language=en_US"
                            },
                            {
                                "type": "text",
                                "text": "\n"
                            },
                            {
                                "type": "link",
                                "url": "http:\/\/dawg.utk.edu\/glossary\/g_least_squares_means.htm#:~:text=This%20is%20a%20mean%20estimated,less%20sensitive%20to%20missing%20data"
                            },
                            {
                                "type": "text",
                                "text": ".\n\nI think this also argues that people should have report descriptives in their data, as if there is more than a few groups, you can't really calculate SD accurately by multiplying n^0.5 as this will be dependent on model."
                            }
                        ]
                    }
                ]
            }
        ]
    }
]