[
    {
        "user": "U010M1M3N9E",
        "type": "message",
        "ts": "1601676210.007000",
        "client_msg_id": "a348df14-f82f-4de6-b69d-22ae0a271cff",
        "text": "<https:\/\/www.nature.com\/news\/1-500-scientists-lift-the-lid-on-reproducibility-1.19970>",
        "team": "T1T85P197",
        "user_team": "T1T85P197",
        "source_team": "T1T85P197",
        "user_profile": {
            "avatar_hash": "63b8b876b0d0",
            "image_72": "https:\/\/avatars.slack-edge.com\/2021-01-15\/1638892537269_63b8b876b0d0bce87f79_72.jpg",
            "first_name": "Michael",
            "real_name": "Michael Gray",
            "display_name": "Michael Gray",
            "team": "T1T85P197",
            "name": "grayml",
            "is_restricted": false,
            "is_ultra_restricted": false
        },
        "attachments": [
            {
                "service_name": "Nature News &amp; Comment",
                "title": "1,500 scientists lift the lid on reproducibility",
                "title_link": "https:\/\/www.nature.com\/news\/1-500-scientists-lift-the-lid-on-reproducibility-1.19970",
                "text": "Survey sheds light on the ‘crisis’ rocking research.",
                "fallback": "Nature News &amp; Comment: 1,500 scientists lift the lid on reproducibility",
                "from_url": "https:\/\/www.nature.com\/news\/1-500-scientists-lift-the-lid-on-reproducibility-1.19970",
                "id": 1,
                "original_url": "https:\/\/www.nature.com\/news\/1-500-scientists-lift-the-lid-on-reproducibility-1.19970"
            }
        ],
        "blocks": [
            {
                "type": "rich_text",
                "block_id": "uD0Bm",
                "elements": [
                    {
                        "type": "rich_text_section",
                        "elements": [
                            {
                                "type": "link",
                                "url": "https:\/\/www.nature.com\/news\/1-500-scientists-lift-the-lid-on-reproducibility-1.19970"
                            }
                        ]
                    }
                ]
            }
        ]
    }
]