[
    {
        "text": "Why your stats package power analyses is saying opposite what you think its saying (High power is bad for post-hoc analysis because it means you had big effect size and you didn't include enough replications)",
        "files": [
            {
                "id": "F01GR1RGG31",
                "created": 1608228435,
                "timestamp": 1608228435,
                "name": "posthocpower.pdf",
                "title": "posthocpower.pdf",
                "mimetype": "application\/pdf",
                "filetype": "pdf",
                "pretty_type": "PDF",
                "user": "U010M1M3N9E",
                "user_team": "T1T85P197",
                "editable": false,
                "size": 110449,
                "mode": "hosted",
                "is_external": false,
                "external_type": "",
                "is_public": true,
                "public_url_shared": false,
                "display_as_bot": false,
                "username": "",
                "url_private": "https:\/\/files.slack.com\/files-pri\/T1T85P197-F01GR1RGG31\/posthocpower.pdf?t=xoxe-61277783313-6938219705459-6931704589846-f9456fee8056b431d8cc920b3927c14d",
                "url_private_download": "https:\/\/files.slack.com\/files-pri\/T1T85P197-F01GR1RGG31\/download\/posthocpower.pdf?t=xoxe-61277783313-6938219705459-6931704589846-f9456fee8056b431d8cc920b3927c14d",
                "media_display_type": "unknown",
                "thumb_pdf": "https:\/\/files.slack.com\/files-tmb\/T1T85P197-F01GR1RGG31-7d6a3730e9\/posthocpower_thumb_pdf.png?t=xoxe-61277783313-6938219705459-6931704589846-f9456fee8056b431d8cc920b3927c14d",
                "thumb_pdf_w": 935,
                "thumb_pdf_h": 1210,
                "permalink": "https:\/\/schulzlab.slack.com\/files\/U010M1M3N9E\/F01GR1RGG31\/posthocpower.pdf",
                "permalink_public": "https:\/\/slack-files.com\/T1T85P197-F01GR1RGG31-8cada1ddfc",
                "is_starred": false,
                "has_rich_preview": false,
                "file_access": "visible"
            }
        ],
        "upload": false,
        "user": "U010M1M3N9E",
        "display_as_bot": false,
        "blocks": [
            {
                "type": "rich_text",
                "block_id": "Qhe",
                "elements": [
                    {
                        "type": "rich_text_section",
                        "elements": [
                            {
                                "type": "text",
                                "text": "Why your stats package power analyses is saying opposite what you think its saying (High power is bad for post-hoc analysis because it means you had big effect size and you didn't include enough replications)"
                            }
                        ]
                    }
                ]
            }
        ],
        "type": "message",
        "ts": "1608228550.001800"
    },
    {
        "user": "U010M1M3N9E",
        "type": "message",
        "ts": "1608228665.003700",
        "client_msg_id": "92f62605-5b3d-42c6-8cd8-716164ff80d5",
        "text": "BTW, I'm not against power analysis, I'm for it, however, observed power outside the context of a pilot study is meaningless unless funding is limitless, a priori power calculation is very useful, but you have to make a somewhat arbitrary decision of what effect size is meaningful",
        "team": "T1T85P197",
        "user_team": "T1T85P197",
        "source_team": "T1T85P197",
        "user_profile": {
            "avatar_hash": "63b8b876b0d0",
            "image_72": "https:\/\/avatars.slack-edge.com\/2021-01-15\/1638892537269_63b8b876b0d0bce87f79_72.jpg",
            "first_name": "Michael",
            "real_name": "Michael Gray",
            "display_name": "Michael Gray",
            "team": "T1T85P197",
            "name": "grayml",
            "is_restricted": false,
            "is_ultra_restricted": false
        },
        "blocks": [
            {
                "type": "rich_text",
                "block_id": "hn9P6",
                "elements": [
                    {
                        "type": "rich_text_section",
                        "elements": [
                            {
                                "type": "text",
                                "text": "BTW, I'm not against power analysis, I'm for it, however, observed power outside the context of a pilot study is meaningless unless funding is limitless, a priori power calculation is very useful, but you have to make a somewhat arbitrary decision of what effect size is meaningful"
                            }
                        ]
                    }
                ]
            }
        ]
    }
]