[
    {
        "text": "<@U0103JSQYLB>\nHey guys, these are 3 papers I use as my go to s when I want to learn nuts and bolts of ion channels and how to measure them in voltage clamp. I think they are great references for figuring out how to measure currents in voltage clamp, and anyone new to voltage will get a lot of use out of them as they explain what protocols to use to measure what, and why they measure what they do. (EG, why do STG folk claim that subtracting IHTK from IA protocols is a more effective than using 4-AP? How do we know that transient portion of IHTK in LP is voltage sensitive? etc)\n1. Jorge LP paper (How do I measure basic currents in STG\/ How does the pharmacology show I'm measuring what I think I'm measuring)\n2. Bucholtz modeling paper (H&amp;H modelling of STG neurons; what and why am I measuring; WTF is an activation and inactivation curve; how do I measure it?; what are some ballpark figures for what everyone has gotten before for these parameters?)\n3. Grissmer et al; What are some commonly used protocols to measure K+ channels in other systems? How do different channels types behave with these protocols? What are the basic properties and Pharmalogical sensitivities of these channels?",
        "files": [
            {
                "id": "F025PTVULQ7",
                "created": 1624563259,
                "timestamp": 1624563259,
                "name": "awesomeKVariticle.pdf",
                "title": "awesomeKVariticle.pdf",
                "mimetype": "application\/pdf",
                "filetype": "pdf",
                "pretty_type": "PDF",
                "user": "U010M1M3N9E",
                "user_team": "T1T85P197",
                "editable": false,
                "size": 1646605,
                "mode": "hosted",
                "is_external": false,
                "external_type": "",
                "is_public": true,
                "public_url_shared": false,
                "display_as_bot": false,
                "username": "",
                "url_private": "https:\/\/files.slack.com\/files-pri\/T1T85P197-F025PTVULQ7\/awesomekvariticle.pdf?t=xoxe-61277783313-6938219705459-6931704589846-f9456fee8056b431d8cc920b3927c14d",
                "url_private_download": "https:\/\/files.slack.com\/files-pri\/T1T85P197-F025PTVULQ7\/download\/awesomekvariticle.pdf?t=xoxe-61277783313-6938219705459-6931704589846-f9456fee8056b431d8cc920b3927c14d",
                "media_display_type": "unknown",
                "thumb_pdf": "https:\/\/files.slack.com\/files-tmb\/T1T85P197-F025PTVULQ7-8cf160d034\/awesomekvariticle_thumb_pdf.png?t=xoxe-61277783313-6938219705459-6931704589846-f9456fee8056b431d8cc920b3927c14d",
                "thumb_pdf_w": 935,
                "thumb_pdf_h": 1210,
                "permalink": "https:\/\/schulzlab.slack.com\/files\/U010M1M3N9E\/F025PTVULQ7\/awesomekvariticle.pdf",
                "permalink_public": "https:\/\/slack-files.com\/T1T85P197-F025PTVULQ7-a6a98e85ad",
                "is_starred": false,
                "has_rich_preview": false,
                "file_access": "visible"
            },
            {
                "id": "F025XTQ9QHL",
                "created": 1624563543,
                "timestamp": 1624563543,
                "name": "Golowasch_Marder_1992 LP currents.pdf",
                "title": "Golowasch_Marder_1992 LP currents.pdf",
                "mimetype": "application\/pdf",
                "filetype": "pdf",
                "pretty_type": "PDF",
                "user": "U010M1M3N9E",
                "user_team": "T1T85P197",
                "editable": false,
                "size": 2106536,
                "mode": "hosted",
                "is_external": false,
                "external_type": "",
                "is_public": true,
                "public_url_shared": false,
                "display_as_bot": false,
                "username": "",
                "url_private": "https:\/\/files.slack.com\/files-pri\/T1T85P197-F025XTQ9QHL\/golowasch_marder_1992_lp_currents.pdf?t=xoxe-61277783313-6938219705459-6931704589846-f9456fee8056b431d8cc920b3927c14d",
                "url_private_download": "https:\/\/files.slack.com\/files-pri\/T1T85P197-F025XTQ9QHL\/download\/golowasch_marder_1992_lp_currents.pdf?t=xoxe-61277783313-6938219705459-6931704589846-f9456fee8056b431d8cc920b3927c14d",
                "media_display_type": "unknown",
                "thumb_pdf": "https:\/\/files.slack.com\/files-tmb\/T1T85P197-F025XTQ9QHL-490cd36a2e\/golowasch_marder_1992_lp_currents_thumb_pdf.png?t=xoxe-61277783313-6938219705459-6931704589846-f9456fee8056b431d8cc920b3927c14d",
                "thumb_pdf_w": 927,
                "thumb_pdf_h": 1195,
                "permalink": "https:\/\/schulzlab.slack.com\/files\/U010M1M3N9E\/F025XTQ9QHL\/golowasch_marder_1992_lp_currents.pdf",
                "permalink_public": "https:\/\/slack-files.com\/T1T85P197-F025XTQ9QHL-55406822d0",
                "is_starred": false,
                "has_rich_preview": false,
                "file_access": "visible"
            },
            {
                "id": "F026HAALLDP",
                "created": 1624563631,
                "timestamp": 1624563631,
                "name": "Buchholtz_Golowasch_Epstein_Marder_1992.pdf",
                "title": "Buchholtz_Golowasch_Epstein_Marder_1992.pdf",
                "mimetype": "application\/pdf",
                "filetype": "pdf",
                "pretty_type": "PDF",
                "user": "U010M1M3N9E",
                "user_team": "T1T85P197",
                "editable": false,
                "size": 2154174,
                "mode": "hosted",
                "is_external": false,
                "external_type": "",
                "is_public": true,
                "public_url_shared": false,
                "display_as_bot": false,
                "username": "",
                "url_private": "https:\/\/files.slack.com\/files-pri\/T1T85P197-F026HAALLDP\/buchholtz_golowasch_epstein_marder_1992.pdf?t=xoxe-61277783313-6938219705459-6931704589846-f9456fee8056b431d8cc920b3927c14d",
                "url_private_download": "https:\/\/files.slack.com\/files-pri\/T1T85P197-F026HAALLDP\/download\/buchholtz_golowasch_epstein_marder_1992.pdf?t=xoxe-61277783313-6938219705459-6931704589846-f9456fee8056b431d8cc920b3927c14d",
                "media_display_type": "unknown",
                "thumb_pdf": "https:\/\/files.slack.com\/files-tmb\/T1T85P197-F026HAALLDP-b88554bdd4\/buchholtz_golowasch_epstein_marder_1992_thumb_pdf.png?t=xoxe-61277783313-6938219705459-6931704589846-f9456fee8056b431d8cc920b3927c14d",
                "thumb_pdf_w": 880,
                "thumb_pdf_h": 1176,
                "permalink": "https:\/\/schulzlab.slack.com\/files\/U010M1M3N9E\/F026HAALLDP\/buchholtz_golowasch_epstein_marder_1992.pdf",
                "permalink_public": "https:\/\/slack-files.com\/T1T85P197-F026HAALLDP-aaed1664c6",
                "is_starred": false,
                "has_rich_preview": false,
                "file_access": "visible"
            }
        ],
        "upload": false,
        "user": "U010M1M3N9E",
        "blocks": [
            {
                "type": "rich_text",
                "block_id": "A61ZI",
                "elements": [
                    {
                        "type": "rich_text_section",
                        "elements": [
                            {
                                "type": "user",
                                "user_id": "U0103JSQYLB"
                            },
                            {
                                "type": "text",
                                "text": "\nHey guys, these are 3 papers I use as my go to s when I want to learn nuts and bolts of ion channels and how to measure them in voltage clamp. I think they are great references for figuring out how to measure currents in voltage clamp, and anyone new to voltage will get a lot of use out of them as they explain what protocols to use to measure what, and why they measure what they do. (EG, why do STG folk claim that subtracting IHTK from IA protocols is a more effective than using 4-AP? How do we know that transient portion of IHTK in LP is voltage sensitive? etc)\n"
                            }
                        ]
                    },
                    {
                        "type": "rich_text_list",
                        "elements": [
                            {
                                "type": "rich_text_section",
                                "elements": [
                                    {
                                        "type": "text",
                                        "text": "Jorge LP paper (How do I measure basic currents in STG\/ How does the pharmacology show I'm measuring what I think I'm measuring)"
                                    }
                                ]
                            },
                            {
                                "type": "rich_text_section",
                                "elements": [
                                    {
                                        "type": "text",
                                        "text": "Bucholtz modeling paper (H&H modelling of STG neurons; what and why am I measuring; WTF is an activation and inactivation curve; how do I measure it?; what are some ballpark figures for what everyone has gotten before for these parameters?)"
                                    }
                                ]
                            },
                            {
                                "type": "rich_text_section",
                                "elements": [
                                    {
                                        "type": "text",
                                        "text": "Grissmer et al; What are some commonly used protocols to measure K+ channels in other systems? How do different channels types behave with these protocols? What are the basic properties and Pharmalogical sensitivities of these channels?"
                                    }
                                ]
                            }
                        ],
                        "style": "ordered",
                        "indent": 0
                    }
                ]
            }
        ],
        "type": "message",
        "ts": "1624564160.008500"
    },
    {
        "user": "U010N31RYMV",
        "type": "message",
        "ts": "1624564767.012800",
        "client_msg_id": "29a64587-7093-4fc3-8fd7-eb89c2ce7106",
        "text": "Golowasch and Marder 1992 - if I had a \"speed dial\" setting for papers when I used to pretend to be an STG electrophysiologist, this would have been assigned to #1.",
        "team": "T1T85P197",
        "user_team": "T1T85P197",
        "source_team": "T1T85P197",
        "user_profile": {
            "avatar_hash": "084d1d915961",
            "image_72": "https:\/\/avatars.slack-edge.com\/2021-06-11\/2162938824690_084d1d915961fd2a1fcb_72.png",
            "first_name": "",
            "real_name": "David Schulz",
            "display_name": "David Schulz",
            "team": "T1T85P197",
            "name": "schulzd",
            "is_restricted": false,
            "is_ultra_restricted": false
        },
        "thread_ts": "1624564767.012800",
        "reply_count": 1,
        "reply_users_count": 1,
        "latest_reply": "1624565676.014100",
        "reply_users": [
            "U010M1M3N9E"
        ],
        "replies": [
            {
                "user": "U010M1M3N9E",
                "ts": "1624565676.014100"
            }
        ],
        "is_locked": false,
        "subscribed": false,
        "blocks": [
            {
                "type": "rich_text",
                "block_id": "I8\/+",
                "elements": [
                    {
                        "type": "rich_text_section",
                        "elements": [
                            {
                                "type": "text",
                                "text": "Golowasch and Marder 1992 - if I had a \"speed dial\" setting for papers when I used to pretend to be an STG electrophysiologist, this would have been assigned to #1."
                            }
                        ]
                    }
                ]
            }
        ],
        "reactions": [
            {
                "name": "+1",
                "users": [
                    "U010M1M3N9E"
                ],
                "count": 1
            }
        ]
    },
    {
        "text": "Another recommendation. Generally I love the Axon Guide, but I don't think many people would feel the same way.\nHowever, I think that chapter 1 (Bioelectricity) has a really good, concise, pragmatic, no nonsense intro to neurophysiology and is worth a read for anyone who is considering neurophys.\n(What's the difference between  voltage and current clamp? Why do people like voltage clamp? Why do we always inject current on one electrode and measure voltage on the other?).",
        "files": [
            {
                "id": "F026AU74VLL",
                "created": 1624564630,
                "timestamp": 1624564630,
                "name": "Axon Guide 3rd edition.pdf",
                "title": "Axon Guide 3rd edition.pdf",
                "mimetype": "application\/pdf",
                "filetype": "pdf",
                "pretty_type": "PDF",
                "user": "U010M1M3N9E",
                "user_team": "T1T85P197",
                "editable": false,
                "size": 4419534,
                "mode": "hosted",
                "is_external": false,
                "external_type": "",
                "is_public": true,
                "public_url_shared": false,
                "display_as_bot": false,
                "username": "",
                "url_private": "https:\/\/files.slack.com\/files-pri\/T1T85P197-F026AU74VLL\/axon_guide_3rd_edition.pdf?t=xoxe-61277783313-6938219705459-6931704589846-f9456fee8056b431d8cc920b3927c14d",
                "url_private_download": "https:\/\/files.slack.com\/files-pri\/T1T85P197-F026AU74VLL\/download\/axon_guide_3rd_edition.pdf?t=xoxe-61277783313-6938219705459-6931704589846-f9456fee8056b431d8cc920b3927c14d",
                "media_display_type": "unknown",
                "thumb_pdf": "https:\/\/files.slack.com\/files-tmb\/T1T85P197-F026AU74VLL-545e049def\/axon_guide_3rd_edition_thumb_pdf.png?t=xoxe-61277783313-6938219705459-6931704589846-f9456fee8056b431d8cc920b3927c14d",
                "thumb_pdf_w": 825,
                "thumb_pdf_h": 990,
                "permalink": "https:\/\/schulzlab.slack.com\/files\/U010M1M3N9E\/F026AU74VLL\/axon_guide_3rd_edition.pdf",
                "permalink_public": "https:\/\/slack-files.com\/T1T85P197-F026AU74VLL-6323bf6e25",
                "is_starred": false,
                "has_rich_preview": false,
                "file_access": "visible"
            }
        ],
        "upload": false,
        "user": "U010M1M3N9E",
        "display_as_bot": false,
        "blocks": [
            {
                "type": "rich_text",
                "block_id": "i1xh",
                "elements": [
                    {
                        "type": "rich_text_section",
                        "elements": [
                            {
                                "type": "text",
                                "text": "Another recommendation. Generally I love the Axon Guide, but I don't think many people would feel the same way.\nHowever, I think that chapter 1 (Bioelectricity) has a really good, concise, pragmatic, no nonsense intro to neurophysiology and is worth a read for anyone who is considering neurophys.\n(What's the difference between  voltage and current clamp? Why do people like voltage clamp? Why do we always inject current on one electrode and measure voltage on the other?)."
                            }
                        ]
                    }
                ]
            }
        ],
        "type": "message",
        "ts": "1624564896.013700"
    },
    {
        "user": "U010M1M3N9E",
        "type": "message",
        "ts": "1624565676.014100",
        "client_msg_id": "bf7aacdb-f8f6-4e13-b296-cf9aa16deabe",
        "text": "I essentially used 1992 LP paper to run my experiments and the Bucholtz paper to understand what I did and how to analyze the data I had collected.\n The Grissmer paper I found in your Lab, and basically stole all the protocols for my F32.\n I also heavily used it in diabetes paper discussion to understand the importance of K+ deactivation rates in _increasing_ excitability.\nI read a paper about it in my first year in grad school, and knew it was possible, but it went over my head at the time as to why this was true as it seemed counterintuitive. (spoiler: if you deactivate fast, K_ does no damage(hyper) and deinactivates Na+ channels faster)\nAlso it served as my general atlas of KV nomenclature and properties.",
        "team": "T1T85P197",
        "user_team": "T1T85P197",
        "source_team": "T1T85P197",
        "user_profile": {
            "avatar_hash": "63b8b876b0d0",
            "image_72": "https:\/\/avatars.slack-edge.com\/2021-01-15\/1638892537269_63b8b876b0d0bce87f79_72.jpg",
            "first_name": "Michael",
            "real_name": "Michael Gray",
            "display_name": "Michael Gray",
            "team": "T1T85P197",
            "name": "grayml",
            "is_restricted": false,
            "is_ultra_restricted": false
        },
        "thread_ts": "1624564767.012800",
        "parent_user_id": "U010N31RYMV",
        "blocks": [
            {
                "type": "rich_text",
                "block_id": "Rgzfc",
                "elements": [
                    {
                        "type": "rich_text_section",
                        "elements": [
                            {
                                "type": "text",
                                "text": "I essentially used 1992 LP paper to run my experiments and the Bucholtz paper to understand what I did and how to analyze the data I had collected.\n The Grissmer paper I found in your Lab, and basically stole all the protocols for my F32.\n I also heavily used it in diabetes paper discussion to understand the importance of K+ deactivation rates in "
                            },
                            {
                                "type": "text",
                                "text": "increasing ",
                                "style": {
                                    "italic": true
                                }
                            },
                            {
                                "type": "text",
                                "text": "excitability.\nI read a paper about it in my first year in grad school, and knew it was possible, but it went over my head at the time as to why this was true as it seemed counterintuitive. (spoiler: if you deactivate fast, K_ does no damage(hyper) and deinactivates Na+ channels faster)\nAlso it served as my general atlas of KV nomenclature and properties."
                            }
                        ]
                    }
                ]
            }
        ]
    },
    {
        "user": "U0103JSQYLB",
        "type": "message",
        "ts": "1624566171.014400",
        "client_msg_id": "9a9573af-d079-462f-9d95-6459086152a9",
        "text": "thanks yall!",
        "team": "T1T85P197",
        "user_team": "T1T85P197",
        "source_team": "T1T85P197",
        "user_profile": {
            "avatar_hash": "94bf4a6c3643",
            "image_72": "https:\/\/avatars.slack-edge.com\/2023-05-20\/5309607146049_94bf4a6c3643af0ab428_72.png",
            "first_name": "Joe",
            "real_name": "Joe",
            "display_name": "Joe",
            "team": "T1T85P197",
            "name": "joseviteri",
            "is_restricted": false,
            "is_ultra_restricted": false
        },
        "blocks": [
            {
                "type": "rich_text",
                "block_id": "FMX=",
                "elements": [
                    {
                        "type": "rich_text_section",
                        "elements": [
                            {
                                "type": "text",
                                "text": "thanks yall!"
                            }
                        ]
                    }
                ]
            }
        ]
    },
    {
        "text": "Diabetic neuropathy in autonomic neurons of the gut, ramps rheobase and good times",
        "files": [
            {
                "id": "F025QJPP90F",
                "created": 1624576546,
                "timestamp": 1624576546,
                "name": "diabetes_rheobase_ramps.pdf",
                "title": "diabetes_rheobase_ramps.pdf",
                "mimetype": "application\/pdf",
                "filetype": "pdf",
                "pretty_type": "PDF",
                "user": "U010M1M3N9E",
                "user_team": "T1T85P197",
                "editable": false,
                "size": 753099,
                "mode": "hosted",
                "is_external": false,
                "external_type": "",
                "is_public": true,
                "public_url_shared": false,
                "display_as_bot": false,
                "username": "",
                "url_private": "https:\/\/files.slack.com\/files-pri\/T1T85P197-F025QJPP90F\/diabetes_rheobase_ramps.pdf?t=xoxe-61277783313-6938219705459-6931704589846-f9456fee8056b431d8cc920b3927c14d",
                "url_private_download": "https:\/\/files.slack.com\/files-pri\/T1T85P197-F025QJPP90F\/download\/diabetes_rheobase_ramps.pdf?t=xoxe-61277783313-6938219705459-6931704589846-f9456fee8056b431d8cc920b3927c14d",
                "media_display_type": "unknown",
                "thumb_pdf": "https:\/\/files.slack.com\/files-tmb\/T1T85P197-F025QJPP90F-8d9b54b293\/diabetes_rheobase_ramps_thumb_pdf.png?t=xoxe-61277783313-6938219705459-6931704589846-f9456fee8056b431d8cc920b3927c14d",
                "thumb_pdf_w": 909,
                "thumb_pdf_h": 1213,
                "permalink": "https:\/\/schulzlab.slack.com\/files\/U010M1M3N9E\/F025QJPP90F\/diabetes_rheobase_ramps.pdf",
                "permalink_public": "https:\/\/slack-files.com\/T1T85P197-F025QJPP90F-0e5bc12fe9",
                "is_starred": false,
                "has_rich_preview": false,
                "file_access": "visible"
            }
        ],
        "upload": false,
        "user": "U010M1M3N9E",
        "display_as_bot": false,
        "blocks": [
            {
                "type": "rich_text",
                "block_id": "2eD",
                "elements": [
                    {
                        "type": "rich_text_section",
                        "elements": [
                            {
                                "type": "text",
                                "text": "Diabetic neuropathy in autonomic neurons of the gut, ramps rheobase and good times"
                            }
                        ]
                    }
                ]
            }
        ],
        "type": "message",
        "ts": "1624576574.015000"
    },
    {
        "user": "U010M1M3N9E",
        "type": "message",
        "ts": "1624576608.015500",
        "client_msg_id": "a97f8e5e-f120-4985-a6cc-842f0cb4d8f9",
        "text": "DRG neurons",
        "team": "T1T85P197",
        "user_team": "T1T85P197",
        "source_team": "T1T85P197",
        "user_profile": {
            "avatar_hash": "63b8b876b0d0",
            "image_72": "https:\/\/avatars.slack-edge.com\/2021-01-15\/1638892537269_63b8b876b0d0bce87f79_72.jpg",
            "first_name": "Michael",
            "real_name": "Michael Gray",
            "display_name": "Michael Gray",
            "team": "T1T85P197",
            "name": "grayml",
            "is_restricted": false,
            "is_ultra_restricted": false
        },
        "blocks": [
            {
                "type": "rich_text",
                "block_id": "wM8lb",
                "elements": [
                    {
                        "type": "rich_text_section",
                        "elements": [
                            {
                                "type": "text",
                                "text": "DRG neurons"
                            }
                        ]
                    }
                ]
            }
        ]
    },
    {
        "user": "U010M1M3N9E",
        "type": "message",
        "ts": "1624576644.015700",
        "client_msg_id": "3d524b66-9083-45b2-86a6-567af0de54f6",
        "text": "(my bad)",
        "team": "T1T85P197",
        "user_team": "T1T85P197",
        "source_team": "T1T85P197",
        "user_profile": {
            "avatar_hash": "63b8b876b0d0",
            "image_72": "https:\/\/avatars.slack-edge.com\/2021-01-15\/1638892537269_63b8b876b0d0bce87f79_72.jpg",
            "first_name": "Michael",
            "real_name": "Michael Gray",
            "display_name": "Michael Gray",
            "team": "T1T85P197",
            "name": "grayml",
            "is_restricted": false,
            "is_ultra_restricted": false
        },
        "blocks": [
            {
                "type": "rich_text",
                "block_id": "Oc1O",
                "elements": [
                    {
                        "type": "rich_text_section",
                        "elements": [
                            {
                                "type": "text",
                                "text": "(my bad)"
                            }
                        ]
                    }
                ]
            }
        ]
    }
]