[
    {
        "user": "U0112A19YFN",
        "type": "message",
        "ts": "1616345169.000200",
        "edited": {
            "user": "U0112A19YFN",
            "ts": "1616345188.000000"
        },
        "client_msg_id": "37d9dbb8-2ce9-4323-ae92-9c15fd0474bf",
        "text": "<https:\/\/www.ncbi.nlm.nih.gov\/pmc\/articles\/PMC4392586\/>",
        "team": "T1T85P197",
        "user_team": "T1T85P197",
        "source_team": "T1T85P197",
        "user_profile": {
            "avatar_hash": "82931094ef90",
            "image_72": "https:\/\/avatars.slack-edge.com\/2022-06-17\/3708168624352_82931094ef904079310a_72.jpg",
            "first_name": "",
            "real_name": "Sherryl",
            "display_name": "Sherryl",
            "team": "T1T85P197",
            "name": "sherryl.henderson",
            "is_restricted": false,
            "is_ultra_restricted": false
        },
        "blocks": [
            {
                "type": "rich_text",
                "block_id": "TQ4",
                "elements": [
                    {
                        "type": "rich_text_section",
                        "elements": [
                            {
                                "type": "link",
                                "url": "https:\/\/www.ncbi.nlm.nih.gov\/pmc\/articles\/PMC4392586\/"
                            }
                        ]
                    }
                ]
            }
        ]
    },
    {
        "text": "I have never found a more appropriately named gene to add to the repertoire of things to look at with respect to my professional and personal interests:",
        "files": [
            {
                "id": "F01RJ9TC9RD",
                "created": 1616345351,
                "timestamp": 1616345351,
                "name": "PIIS2211124717304837.pdf",
                "title": "PIIS2211124717304837.pdf",
                "mimetype": "application\/pdf",
                "filetype": "pdf",
                "pretty_type": "PDF",
                "user": "U010N31RYMV",
                "user_team": "T1T85P197",
                "editable": false,
                "size": 2863483,
                "mode": "hosted",
                "is_external": false,
                "external_type": "",
                "is_public": true,
                "public_url_shared": false,
                "display_as_bot": false,
                "username": "",
                "url_private": "https:\/\/files.slack.com\/files-pri\/T1T85P197-F01RJ9TC9RD\/piis2211124717304837.pdf?t=xoxe-61277783313-6938219705459-6931704589846-f9456fee8056b431d8cc920b3927c14d",
                "url_private_download": "https:\/\/files.slack.com\/files-pri\/T1T85P197-F01RJ9TC9RD\/download\/piis2211124717304837.pdf?t=xoxe-61277783313-6938219705459-6931704589846-f9456fee8056b431d8cc920b3927c14d",
                "media_display_type": "unknown",
                "thumb_pdf": "https:\/\/files.slack.com\/files-tmb\/T1T85P197-F01RJ9TC9RD-4551f64a14\/piis2211124717304837_thumb_pdf.png?t=xoxe-61277783313-6938219705459-6931704589846-f9456fee8056b431d8cc920b3927c14d",
                "thumb_pdf_w": 921,
                "thumb_pdf_h": 1196,
                "permalink": "https:\/\/schulzlab.slack.com\/files\/U010N31RYMV\/F01RJ9TC9RD\/piis2211124717304837.pdf",
                "permalink_public": "https:\/\/slack-files.com\/T1T85P197-F01RJ9TC9RD-f684654361",
                "is_starred": false,
                "has_rich_preview": false,
                "file_access": "visible"
            }
        ],
        "upload": false,
        "user": "U010N31RYMV",
        "display_as_bot": false,
        "blocks": [
            {
                "type": "rich_text",
                "block_id": "Qmct",
                "elements": [
                    {
                        "type": "rich_text_section",
                        "elements": [
                            {
                                "type": "text",
                                "text": "I have never found a more appropriately named gene to add to the repertoire of things to look at with respect to my professional and personal interests:"
                            }
                        ]
                    }
                ]
            }
        ],
        "type": "message",
        "ts": "1616345354.001200",
        "reactions": [
            {
                "name": "rolling_on_the_floor_laughing",
                "users": [
                    "U0112A19YFN"
                ],
                "count": 1
            }
        ]
    },
    {
        "user": "U0112A19YFN",
        "type": "message",
        "ts": "1616345571.002100",
        "client_msg_id": "ed97ceb5-75d2-46b4-b279-3f7396769806",
        "text": "Reading this is making me want nachos for lunch",
        "team": "T1T85P197",
        "user_team": "T1T85P197",
        "source_team": "T1T85P197",
        "user_profile": {
            "avatar_hash": "82931094ef90",
            "image_72": "https:\/\/avatars.slack-edge.com\/2022-06-17\/3708168624352_82931094ef904079310a_72.jpg",
            "first_name": "",
            "real_name": "Sherryl",
            "display_name": "Sherryl",
            "team": "T1T85P197",
            "name": "sherryl.henderson",
            "is_restricted": false,
            "is_ultra_restricted": false
        },
        "blocks": [
            {
                "type": "rich_text",
                "block_id": "vXcI",
                "elements": [
                    {
                        "type": "rich_text_section",
                        "elements": [
                            {
                                "type": "text",
                                "text": "Reading this is making me want nachos for lunch"
                            }
                        ]
                    }
                ]
            }
        ]
    },
    {
        "text": "Relevant to nAChrs - what seems like an excellent primer is attached.",
        "files": [
            {
                "id": "F01SNSYP0D6",
                "created": 1616346044,
                "timestamp": 1616346044,
                "name": "nicotinic_review_2015.pdf",
                "title": "nicotinic_review_2015.pdf",
                "mimetype": "application\/pdf",
                "filetype": "pdf",
                "pretty_type": "PDF",
                "user": "U010N31RYMV",
                "user_team": "T1T85P197",
                "editable": false,
                "size": 2782403,
                "mode": "hosted",
                "is_external": false,
                "external_type": "",
                "is_public": true,
                "public_url_shared": false,
                "display_as_bot": false,
                "username": "",
                "url_private": "https:\/\/files.slack.com\/files-pri\/T1T85P197-F01SNSYP0D6\/nicotinic_review_2015.pdf?t=xoxe-61277783313-6938219705459-6931704589846-f9456fee8056b431d8cc920b3927c14d",
                "url_private_download": "https:\/\/files.slack.com\/files-pri\/T1T85P197-F01SNSYP0D6\/download\/nicotinic_review_2015.pdf?t=xoxe-61277783313-6938219705459-6931704589846-f9456fee8056b431d8cc920b3927c14d",
                "media_display_type": "unknown",
                "thumb_pdf": "https:\/\/files.slack.com\/files-tmb\/T1T85P197-F01SNSYP0D6-3f09c7790d\/nicotinic_review_2015_thumb_pdf.png?t=xoxe-61277783313-6938219705459-6931704589846-f9456fee8056b431d8cc920b3927c14d",
                "thumb_pdf_w": 909,
                "thumb_pdf_h": 1286,
                "permalink": "https:\/\/schulzlab.slack.com\/files\/U010N31RYMV\/F01SNSYP0D6\/nicotinic_review_2015.pdf",
                "permalink_public": "https:\/\/slack-files.com\/T1T85P197-F01SNSYP0D6-3a4274de33",
                "is_starred": false,
                "has_rich_preview": false,
                "file_access": "visible"
            }
        ],
        "upload": false,
        "user": "U010N31RYMV",
        "display_as_bot": false,
        "blocks": [
            {
                "type": "rich_text",
                "block_id": "D+yxF",
                "elements": [
                    {
                        "type": "rich_text_section",
                        "elements": [
                            {
                                "type": "text",
                                "text": "Relevant to nAChrs - what seems like an excellent primer is attached."
                            }
                        ]
                    }
                ]
            }
        ],
        "type": "message",
        "ts": "1616346053.002600"
    }
]