[
    {
        "text": "How and why do we use ramp Data to classify cells? (BTW, I didn't do this for my cells because phasic neurons don't spike on ramps and tonic neurons generally show the boring pattern in 8A; adaptation)",
        "files": [
            {
                "id": "F025NLJ2EK0",
                "created": 1624391431,
                "timestamp": 1624391431,
                "name": "Ramp_analysis.pdf",
                "title": "Ramp_analysis.pdf",
                "mimetype": "application\/pdf",
                "filetype": "pdf",
                "pretty_type": "PDF",
                "user": "U010M1M3N9E",
                "user_team": "T1T85P197",
                "editable": false,
                "size": 3477048,
                "mode": "hosted",
                "is_external": false,
                "external_type": "",
                "is_public": true,
                "public_url_shared": false,
                "display_as_bot": false,
                "username": "",
                "url_private": "https:\/\/files.slack.com\/files-pri\/T1T85P197-F025NLJ2EK0\/ramp_analysis.pdf?t=xoxe-61277783313-6938219705459-6931704589846-f9456fee8056b431d8cc920b3927c14d",
                "url_private_download": "https:\/\/files.slack.com\/files-pri\/T1T85P197-F025NLJ2EK0\/download\/ramp_analysis.pdf?t=xoxe-61277783313-6938219705459-6931704589846-f9456fee8056b431d8cc920b3927c14d",
                "media_display_type": "unknown",
                "thumb_pdf": "https:\/\/files.slack.com\/files-tmb\/T1T85P197-F025NLJ2EK0-dd506154c1\/ramp_analysis_thumb_pdf.png?t=xoxe-61277783313-6938219705459-6931704589846-f9456fee8056b431d8cc920b3927c14d",
                "thumb_pdf_w": 735,
                "thumb_pdf_h": 1056,
                "permalink": "https:\/\/schulzlab.slack.com\/files\/U010M1M3N9E\/F025NLJ2EK0\/ramp_analysis.pdf",
                "permalink_public": "https:\/\/slack-files.com\/T1T85P197-F025NLJ2EK0-42ee27c329",
                "is_starred": false,
                "has_rich_preview": false,
                "file_access": "visible"
            }
        ],
        "upload": false,
        "user": "U010M1M3N9E",
        "display_as_bot": false,
        "blocks": [
            {
                "type": "rich_text",
                "block_id": "b2\/",
                "elements": [
                    {
                        "type": "rich_text_section",
                        "elements": [
                            {
                                "type": "text",
                                "text": "How and why do we use ramp Data to classify cells? (BTW, I didn't do this for my cells because phasic neurons don't spike on ramps and tonic neurons generally show the boring pattern in 8A; adaptation)"
                            }
                        ]
                    }
                ]
            }
        ],
        "type": "message",
        "ts": "1624391537.001400"
    },
    {
        "text": "",
        "files": [
            {
                "id": "F0261KL6BEY",
                "created": 1624391686,
                "timestamp": 1624391686,
                "name": "image.png",
                "title": "image.png",
                "mimetype": "image\/png",
                "filetype": "png",
                "pretty_type": "PNG",
                "user": "U010M1M3N9E",
                "user_team": "T1T85P197",
                "editable": false,
                "size": 21981,
                "mode": "hosted",
                "is_external": false,
                "external_type": "",
                "is_public": true,
                "public_url_shared": false,
                "display_as_bot": false,
                "username": "",
                "url_private": "https:\/\/files.slack.com\/files-pri\/T1T85P197-F0261KL6BEY\/image.png?t=xoxe-61277783313-6938219705459-6931704589846-f9456fee8056b431d8cc920b3927c14d",
                "url_private_download": "https:\/\/files.slack.com\/files-pri\/T1T85P197-F0261KL6BEY\/download\/image.png?t=xoxe-61277783313-6938219705459-6931704589846-f9456fee8056b431d8cc920b3927c14d",
                "media_display_type": "unknown",
                "thumb_64": "https:\/\/files.slack.com\/files-tmb\/T1T85P197-F0261KL6BEY-457273ae96\/image_64.png?t=xoxe-61277783313-6938219705459-6931704589846-f9456fee8056b431d8cc920b3927c14d",
                "thumb_80": "https:\/\/files.slack.com\/files-tmb\/T1T85P197-F0261KL6BEY-457273ae96\/image_80.png?t=xoxe-61277783313-6938219705459-6931704589846-f9456fee8056b431d8cc920b3927c14d",
                "thumb_360": "https:\/\/files.slack.com\/files-tmb\/T1T85P197-F0261KL6BEY-457273ae96\/image_360.png?t=xoxe-61277783313-6938219705459-6931704589846-f9456fee8056b431d8cc920b3927c14d",
                "thumb_360_w": 360,
                "thumb_360_h": 216,
                "thumb_480": "https:\/\/files.slack.com\/files-tmb\/T1T85P197-F0261KL6BEY-457273ae96\/image_480.png?t=xoxe-61277783313-6938219705459-6931704589846-f9456fee8056b431d8cc920b3927c14d",
                "thumb_480_w": 480,
                "thumb_480_h": 288,
                "thumb_160": "https:\/\/files.slack.com\/files-tmb\/T1T85P197-F0261KL6BEY-457273ae96\/image_160.png?t=xoxe-61277783313-6938219705459-6931704589846-f9456fee8056b431d8cc920b3927c14d",
                "original_w": 705,
                "original_h": 423,
                "thumb_tiny": "AwAcADDTpMfWgd6WgBMfX86MfX86WigBPzpaKKACiiigAopDQKAFooooA\/\/Z",
                "permalink": "https:\/\/schulzlab.slack.com\/files\/U010M1M3N9E\/F0261KL6BEY\/image.png",
                "permalink_public": "https:\/\/slack-files.com\/T1T85P197-F0261KL6BEY-b661ea8228",
                "is_starred": false,
                "has_rich_preview": false,
                "file_access": "visible"
            }
        ],
        "upload": false,
        "user": "U010M1M3N9E",
        "display_as_bot": false,
        "type": "message",
        "ts": "1624391689.001700",
        "thread_ts": "1624391689.001700",
        "reply_count": 2,
        "reply_users_count": 1,
        "latest_reply": "1624391785.002400",
        "reply_users": [
            "U010M1M3N9E"
        ],
        "replies": [
            {
                "user": "U010M1M3N9E",
                "ts": "1624391738.002000"
            },
            {
                "user": "U010M1M3N9E",
                "ts": "1624391785.002400"
            }
        ],
        "is_locked": false,
        "subscribed": false
    },
    {
        "text": "",
        "files": [
            {
                "id": "F025VDMSR0A",
                "created": 1624391729,
                "timestamp": 1624391729,
                "name": "image.png",
                "title": "image.png",
                "mimetype": "image\/png",
                "filetype": "png",
                "pretty_type": "PNG",
                "user": "U010M1M3N9E",
                "user_team": "T1T85P197",
                "editable": false,
                "size": 2234,
                "mode": "hosted",
                "is_external": false,
                "external_type": "",
                "is_public": true,
                "public_url_shared": false,
                "display_as_bot": false,
                "username": "",
                "url_private": "https:\/\/files.slack.com\/files-pri\/T1T85P197-F025VDMSR0A\/image.png?t=xoxe-61277783313-6938219705459-6931704589846-f9456fee8056b431d8cc920b3927c14d",
                "url_private_download": "https:\/\/files.slack.com\/files-pri\/T1T85P197-F025VDMSR0A\/download\/image.png?t=xoxe-61277783313-6938219705459-6931704589846-f9456fee8056b431d8cc920b3927c14d",
                "media_display_type": "unknown",
                "thumb_64": "https:\/\/files.slack.com\/files-tmb\/T1T85P197-F025VDMSR0A-7e03c8dc60\/image_64.png?t=xoxe-61277783313-6938219705459-6931704589846-f9456fee8056b431d8cc920b3927c14d",
                "thumb_80": "https:\/\/files.slack.com\/files-tmb\/T1T85P197-F025VDMSR0A-7e03c8dc60\/image_80.png?t=xoxe-61277783313-6938219705459-6931704589846-f9456fee8056b431d8cc920b3927c14d",
                "thumb_360": "https:\/\/files.slack.com\/files-tmb\/T1T85P197-F025VDMSR0A-7e03c8dc60\/image_360.png?t=xoxe-61277783313-6938219705459-6931704589846-f9456fee8056b431d8cc920b3927c14d",
                "thumb_360_w": 177,
                "thumb_360_h": 77,
                "thumb_160": "https:\/\/files.slack.com\/files-tmb\/T1T85P197-F025VDMSR0A-7e03c8dc60\/image_160.png?t=xoxe-61277783313-6938219705459-6931704589846-f9456fee8056b431d8cc920b3927c14d",
                "original_w": 177,
                "original_h": 77,
                "thumb_tiny": "AwAUADDQVxg89zSNJzx6U5WAz16ntS7h7\/kaAK7PKT8qufwxSxCcY3g\/nUxkUdTik81PX9KAHbvUEVE8g8zAUscdqkDqehz+FMcKXzjBx1xQJiMdrECk3c0Sffak70DHByOgA\/CjzGpo6CigBS2TyB+VJkkjt9KO9A7UAf\/Z",
                "permalink": "https:\/\/schulzlab.slack.com\/files\/U010M1M3N9E\/F025VDMSR0A\/image.png",
                "permalink_public": "https:\/\/slack-files.com\/T1T85P197-F025VDMSR0A-0972607c67",
                "is_starred": false,
                "has_rich_preview": false,
                "file_access": "visible"
            }
        ],
        "upload": false,
        "user": "U010M1M3N9E",
        "display_as_bot": false,
        "type": "message",
        "ts": "1624391738.002000",
        "thread_ts": "1624391689.001700",
        "parent_user_id": "U010M1M3N9E"
    },
    {
        "user": "U010M1M3N9E",
        "type": "message",
        "ts": "1624391785.002400",
        "client_msg_id": "8db8a29e-3fae-47c2-b64d-f74aa9a18e0d",
        "text": "each dot corresponds to an ISI and not a spike (you need 2 spikes to calculate the instantaneous frequency)",
        "team": "T1T85P197",
        "user_team": "T1T85P197",
        "source_team": "T1T85P197",
        "user_profile": {
            "avatar_hash": "63b8b876b0d0",
            "image_72": "https:\/\/avatars.slack-edge.com\/2021-01-15\/1638892537269_63b8b876b0d0bce87f79_72.jpg",
            "first_name": "Michael",
            "real_name": "Michael Gray",
            "display_name": "Michael Gray",
            "team": "T1T85P197",
            "name": "grayml",
            "is_restricted": false,
            "is_ultra_restricted": false
        },
        "thread_ts": "1624391689.001700",
        "parent_user_id": "U010M1M3N9E",
        "blocks": [
            {
                "type": "rich_text",
                "block_id": "ilO1",
                "elements": [
                    {
                        "type": "rich_text_section",
                        "elements": [
                            {
                                "type": "text",
                                "text": "each dot corresponds to an ISI and not a spike (you need 2 spikes to calculate the instantaneous frequency)"
                            }
                        ]
                    }
                ]
            }
        ]
    }
]