[
    {
        "user": "U0112A19YFN",
        "type": "message",
        "ts": "1613426602.001000",
        "text": "\n<https:\/\/www.biorxiv.org\/content\/10.1101\/2020.09.17.301663v1>",
        "team": "T1T85P197",
        "user_team": "T1T85P197",
        "source_team": "T1T85P197",
        "user_profile": {
            "avatar_hash": "82931094ef90",
            "image_72": "https:\/\/avatars.slack-edge.com\/2022-06-17\/3708168624352_82931094ef904079310a_72.jpg",
            "first_name": "",
            "real_name": "Sherryl",
            "display_name": "Sherryl",
            "team": "T1T85P197",
            "name": "sherryl.henderson",
            "is_restricted": false,
            "is_ultra_restricted": false
        },
        "attachments": [
            {
                "service_name": "bioRxiv",
                "title": "A bioelectric neural interface towards intuitive prosthetic control for amputees",
                "title_link": "https:\/\/www.biorxiv.org\/content\/10.1101\/2020.09.17.301663v1",
                "text": "Objective While prosthetic hands with independently actuated digits have become commercially available, state-of-the-art human-machine interfaces (HMI) only permit control over a limited set of grasp patterns, which does not enable amputees to experience sufficient improvement in their daily activities to make an active prosthesis useful. Approach Here we present a technology platform combining fully-integrated bioelectronics, implantable intrafascicular microelectrodes and deep learning-based artificial intelligence (AI) to facilitate this missing bridge by tapping into the intricate motor control signals of peripheral nerves. The bioelectric neural interface includes an ultra-low-noise neural recording system to sense electroneurography (ENG) signals from microelectrode arrays implanted in the residual nerves, and AI models employing the recurrent neural network (RNN) architecture to decode the subject’s motor intention. Main results A pilot human study has been carried out on a transradial amputee. We demonstrate that the information channel established by the proposed neural interface is sufficient to provide high accuracy control of a prosthetic hand up to 15 degrees of freedom (DOF). The interface is intuitive as it directly maps complex prosthesis movements to the patient’s true intention. Significance Our study layouts the foundation towards not only a robust and dexterous control strategy for modern neuroprostheses at a near-natural level approaching that of the able hand, but also an intuitive conduit for connecting human minds and machines through the peripheral neural pathways. Clinical trial DExterous Hand Control Through Fascicular Targeting (DEFT). Identifier: [NCT02994160][1]. ### Competing Interest Statement Zhi Yang is co-founder of, and holds equity in, Fasikl Inc., a sponsor of this project. This interest has been reviewed and managed by the University of Minnesota in accordance with its Conflict of Interest policy. [1]: \/lookup\/external-ref?link_type=CLINTRIALGOV&amp;access_num=NCT02994160&amp;atom=%2Fbiorxiv%2Fearly%2F2020%2F09%2F19%2F2020.09.17.301663.atom",
                "fallback": "bioRxiv: A bioelectric neural interface towards intuitive prosthetic control for amputees",
                "thumb_url": "https:\/\/www.biorxiv.org\/sites\/default\/files\/images\/biorxiv_logo_homepage7-5-small.png",
                "ts": 1600498800,
                "from_url": "https:\/\/www.biorxiv.org\/content\/10.1101\/2020.09.17.301663v1",
                "thumb_width": 252,
                "thumb_height": 252,
                "service_icon": "https:\/\/www.biorxiv.org\/sites\/default\/files\/images\/favicon.ico",
                "id": 1,
                "original_url": "https:\/\/www.biorxiv.org\/content\/10.1101\/2020.09.17.301663v1"
            }
        ],
        "blocks": [
            {
                "type": "rich_text",
                "block_id": "qtb",
                "elements": [
                    {
                        "type": "rich_text_section",
                        "elements": [
                            {
                                "type": "link",
                                "url": "https:\/\/www.biorxiv.org\/content\/10.1101\/2020.09.17.301663v1"
                            }
                        ]
                    }
                ]
            }
        ]
    }
]