[
    {
        "text": "Just got a student asking me about calcium writing assignment #3, however, Students doing the Calcium assignment have a Dr. Gray cheat code if they write about this paper:",
        "files": [
            {
                "id": "F0205SZKJPL",
                "created": 1619534183,
                "timestamp": 1619534183,
                "name": "armstrong_cota.pdf",
                "title": "armstrong_cota.pdf",
                "mimetype": "application\/pdf",
                "filetype": "pdf",
                "pretty_type": "PDF",
                "user": "U010M1M3N9E",
                "user_team": "T1T85P197",
                "editable": false,
                "size": 758349,
                "mode": "hosted",
                "is_external": false,
                "external_type": "",
                "is_public": true,
                "public_url_shared": false,
                "display_as_bot": false,
                "username": "",
                "url_private": "https:\/\/files.slack.com\/files-pri\/T1T85P197-F0205SZKJPL\/armstrong_cota.pdf?t=xoxe-61277783313-6938219705459-6931704589846-f9456fee8056b431d8cc920b3927c14d",
                "url_private_download": "https:\/\/files.slack.com\/files-pri\/T1T85P197-F0205SZKJPL\/download\/armstrong_cota.pdf?t=xoxe-61277783313-6938219705459-6931704589846-f9456fee8056b431d8cc920b3927c14d",
                "media_display_type": "unknown",
                "thumb_pdf": "https:\/\/files.slack.com\/files-tmb\/T1T85P197-F0205SZKJPL-86586fb84b\/armstrong_cota_thumb_pdf.png?t=xoxe-61277783313-6938219705459-6931704589846-f9456fee8056b431d8cc920b3927c14d",
                "thumb_pdf_w": 931,
                "thumb_pdf_h": 1234,
                "permalink": "https:\/\/schulzlab.slack.com\/files\/U010M1M3N9E\/F0205SZKJPL\/armstrong_cota.pdf",
                "permalink_public": "https:\/\/slack-files.com\/T1T85P197-F0205SZKJPL-955e0ea043",
                "is_starred": false,
                "has_rich_preview": false,
                "file_access": "visible"
            }
        ],
        "upload": false,
        "user": "U010M1M3N9E",
        "display_as_bot": false,
        "blocks": [
            {
                "type": "rich_text",
                "block_id": "fgn1i",
                "elements": [
                    {
                        "type": "rich_text_section",
                        "elements": [
                            {
                                "type": "text",
                                "text": "Just got a student asking me about calcium writing assignment #3, however, Students doing the Calcium assignment have a Dr. Gray cheat code if they write about this paper:"
                            }
                        ]
                    }
                ]
            }
        ],
        "type": "message",
        "ts": "1619534226.001000"
    }
]