[
    {
        "text": "<@U1T7R897Y> I think you may enjoy this, it kind of shows how at least in practice, p values correlate with Bayes factors. And that p values of 0.05-0.01 correspond with bayes factors of  1\/3-3 which would be considered only anecdotal evidence.\n Although I think the p value is not a monolithic entity, and people must consider the context, logic of the hypothesis and the question they are asking, unfortunately, in practice I agree with the paper.\nThis may help you in your mission to convert us from frequentist to Bayesian statistics albeit its making Bayesian statistics more frequentist. However, that may be a necessity for  for those of us who generally fear learning these methods...",
        "files": [
            {
                "id": "F021VF5KMGF",
                "created": 1621364303,
                "timestamp": 1621364303,
                "name": "bayes_frequentist.pdf",
                "title": "bayes_frequentist.pdf",
                "mimetype": "application\/pdf",
                "filetype": "pdf",
                "pretty_type": "PDF",
                "user": "U010M1M3N9E",
                "user_team": "T1T85P197",
                "editable": false,
                "size": 581432,
                "mode": "hosted",
                "is_external": false,
                "external_type": "",
                "is_public": true,
                "public_url_shared": false,
                "display_as_bot": false,
                "username": "",
                "url_private": "https:\/\/files.slack.com\/files-pri\/T1T85P197-F021VF5KMGF\/bayes_frequentist.pdf?t=xoxe-61277783313-6938219705459-6931704589846-f9456fee8056b431d8cc920b3927c14d",
                "url_private_download": "https:\/\/files.slack.com\/files-pri\/T1T85P197-F021VF5KMGF\/download\/bayes_frequentist.pdf?t=xoxe-61277783313-6938219705459-6931704589846-f9456fee8056b431d8cc920b3927c14d",
                "media_display_type": "unknown",
                "thumb_pdf": "https:\/\/files.slack.com\/files-tmb\/T1T85P197-F021VF5KMGF-e4bce28d34\/bayes_frequentist_thumb_pdf.png?t=xoxe-61277783313-6938219705459-6931704589846-f9456fee8056b431d8cc920b3927c14d",
                "thumb_pdf_w": 921,
                "thumb_pdf_h": 1196,
                "permalink": "https:\/\/schulzlab.slack.com\/files\/U010M1M3N9E\/F021VF5KMGF\/bayes_frequentist.pdf",
                "permalink_public": "https:\/\/slack-files.com\/T1T85P197-F021VF5KMGF-f885a47c6d",
                "is_starred": false,
                "has_rich_preview": false,
                "file_access": "visible"
            }
        ],
        "upload": false,
        "user": "U010M1M3N9E",
        "display_as_bot": false,
        "blocks": [
            {
                "type": "rich_text",
                "block_id": "gN6CD",
                "elements": [
                    {
                        "type": "rich_text_section",
                        "elements": [
                            {
                                "type": "user",
                                "user_id": "U1T7R897Y"
                            },
                            {
                                "type": "text",
                                "text": " I think you may enjoy this, it kind of shows how at least in practice, p values correlate with Bayes factors. And that p values of 0.05-0.01 correspond with bayes factors of  1\/3-3 which would be considered only anecdotal evidence.\n Although I think the p value is not a monolithic entity, and people must consider the context, logic of the hypothesis and the question they are asking, unfortunately, in practice I agree with the paper.\nThis may help you in your mission to convert us from frequentist to Bayesian statistics albeit its making Bayesian statistics more frequentist. However, that may be a necessity for  for those of us who generally fear learning these methods..."
                            }
                        ]
                    }
                ]
            }
        ],
        "type": "message",
        "ts": "1621364329.012100",
        "thread_ts": "1621364329.012100",
        "reply_count": 1,
        "reply_users_count": 1,
        "latest_reply": "1621910869.000100",
        "reply_users": [
            "U1T7R897Y"
        ],
        "replies": [
            {
                "user": "U1T7R897Y",
                "ts": "1621910869.000100"
            }
        ],
        "is_locked": false,
        "subscribed": true,
        "last_read": "1621910869.000100"
    }
]