[
    {
        "text": "<@U0103JSQYLB> (vert patch solutions; good paper examines effect of patch vs sharp; TLDR excitability ok but passive changes)",
        "files": [
            {
                "id": "F01PXSJGEP5",
                "created": 1614721973,
                "timestamp": 1614721973,
                "name": "patch_sharp.pdf",
                "title": "patch_sharp.pdf",
                "mimetype": "application\/pdf",
                "filetype": "pdf",
                "pretty_type": "PDF",
                "user": "U010M1M3N9E",
                "user_team": "T1T85P197",
                "editable": false,
                "size": 235414,
                "mode": "hosted",
                "is_external": false,
                "external_type": "",
                "is_public": true,
                "public_url_shared": false,
                "display_as_bot": false,
                "username": "",
                "url_private": "https:\/\/files.slack.com\/files-pri\/T1T85P197-F01PXSJGEP5\/patch_sharp.pdf?t=xoxe-61277783313-6938219705459-6931704589846-f9456fee8056b431d8cc920b3927c14d",
                "url_private_download": "https:\/\/files.slack.com\/files-pri\/T1T85P197-F01PXSJGEP5\/download\/patch_sharp.pdf?t=xoxe-61277783313-6938219705459-6931704589846-f9456fee8056b431d8cc920b3927c14d",
                "media_display_type": "unknown",
                "thumb_pdf": "https:\/\/files.slack.com\/files-tmb\/T1T85P197-F01PXSJGEP5-f07530eb92\/patch_sharp_thumb_pdf.png?t=xoxe-61277783313-6938219705459-6931704589846-f9456fee8056b431d8cc920b3927c14d",
                "thumb_pdf_w": 921,
                "thumb_pdf_h": 1196,
                "permalink": "https:\/\/schulzlab.slack.com\/files\/U010M1M3N9E\/F01PXSJGEP5\/patch_sharp.pdf",
                "permalink_public": "https:\/\/slack-files.com\/T1T85P197-F01PXSJGEP5-efa653c571",
                "is_starred": false,
                "has_rich_preview": false,
                "file_access": "visible"
            }
        ],
        "upload": false,
        "user": "U010M1M3N9E",
        "display_as_bot": false,
        "blocks": [
            {
                "type": "rich_text",
                "block_id": "XoONP",
                "elements": [
                    {
                        "type": "rich_text_section",
                        "elements": [
                            {
                                "type": "user",
                                "user_id": "U0103JSQYLB"
                            },
                            {
                                "type": "text",
                                "text": " (vert patch solutions; good paper examines effect of patch vs sharp; TLDR excitability ok but passive changes)"
                            }
                        ]
                    }
                ]
            }
        ],
        "type": "message",
        "ts": "1614721975.001900"
    },
    {
        "user": "U0103JSQYLB",
        "type": "message",
        "ts": "1614722005.002300",
        "client_msg_id": "93b5f723-9e25-469f-b80f-a02d907a3216",
        "text": ":ok_hand:",
        "team": "T1T85P197",
        "user_team": "T1T85P197",
        "source_team": "T1T85P197",
        "user_profile": {
            "avatar_hash": "94bf4a6c3643",
            "image_72": "https:\/\/avatars.slack-edge.com\/2023-05-20\/5309607146049_94bf4a6c3643af0ab428_72.png",
            "first_name": "Joe",
            "real_name": "Joe",
            "display_name": "Joe",
            "team": "T1T85P197",
            "name": "joseviteri",
            "is_restricted": false,
            "is_ultra_restricted": false
        },
        "blocks": [
            {
                "type": "rich_text",
                "block_id": "YZa",
                "elements": [
                    {
                        "type": "rich_text_section",
                        "elements": [
                            {
                                "type": "emoji",
                                "name": "ok_hand",
                                "unicode": "1f44c"
                            }
                        ]
                    }
                ]
            }
        ]
    },
    {
        "user": "U010N31RYMV",
        "type": "message",
        "ts": "1614722314.004600",
        "client_msg_id": "f4d3b5ef-aaa6-4a8b-b714-7fccfa1e5a74",
        "text": "Didn't someone do the same thing in leech and find the cells only burst in whole cell, but never in sharp electrode?",
        "team": "T1T85P197",
        "user_team": "T1T85P197",
        "source_team": "T1T85P197",
        "user_profile": {
            "avatar_hash": "084d1d915961",
            "image_72": "https:\/\/avatars.slack-edge.com\/2021-06-11\/2162938824690_084d1d915961fd2a1fcb_72.png",
            "first_name": "",
            "real_name": "David Schulz",
            "display_name": "David Schulz",
            "team": "T1T85P197",
            "name": "schulzd",
            "is_restricted": false,
            "is_ultra_restricted": false
        },
        "blocks": [
            {
                "type": "rich_text",
                "block_id": "Y0xk",
                "elements": [
                    {
                        "type": "rich_text_section",
                        "elements": [
                            {
                                "type": "text",
                                "text": "Didn't someone do the same thing in leech and find the cells only burst in whole cell, but never in sharp electrode?"
                            }
                        ]
                    }
                ]
            }
        ]
    },
    {
        "user": "U010M1M3N9E",
        "type": "message",
        "ts": "1614723390.005700",
        "client_msg_id": "906479f1-ecc8-4c8f-b7c3-915f1d7c1e1f",
        "text": "Yes, I mentioned that in the DB paper; this directly contradicts the horn lab paper; that input resistance can turn tonic cells into phasic cells",
        "team": "T1T85P197",
        "user_team": "T1T85P197",
        "source_team": "T1T85P197",
        "user_profile": {
            "avatar_hash": "63b8b876b0d0",
            "image_72": "https:\/\/avatars.slack-edge.com\/2021-01-15\/1638892537269_63b8b876b0d0bce87f79_72.jpg",
            "first_name": "Michael",
            "real_name": "Michael Gray",
            "display_name": "Michael Gray",
            "team": "T1T85P197",
            "name": "grayml",
            "is_restricted": false,
            "is_ultra_restricted": false
        },
        "blocks": [
            {
                "type": "rich_text",
                "block_id": "somm",
                "elements": [
                    {
                        "type": "rich_text_section",
                        "elements": [
                            {
                                "type": "text",
                                "text": "Yes, I mentioned that in the DB paper; this directly contradicts the horn lab paper; that input resistance can turn tonic cells into phasic cells"
                            }
                        ]
                    }
                ]
            }
        ]
    },
    {
        "text": "",
        "files": [
            {
                "id": "F01PY0ER79R",
                "created": 1614723503,
                "timestamp": 1614723503,
                "name": "springer_2015_virtualleak_autonomic.pdf",
                "title": "springer_2015_virtualleak_autonomic.pdf",
                "mimetype": "application\/pdf",
                "filetype": "pdf",
                "pretty_type": "PDF",
                "user": "U010M1M3N9E",
                "user_team": "T1T85P197",
                "editable": false,
                "size": 2016113,
                "mode": "hosted",
                "is_external": false,
                "external_type": "",
                "is_public": true,
                "public_url_shared": false,
                "display_as_bot": false,
                "username": "",
                "url_private": "https:\/\/files.slack.com\/files-pri\/T1T85P197-F01PY0ER79R\/springer_2015_virtualleak_autonomic.pdf?t=xoxe-61277783313-6938219705459-6931704589846-f9456fee8056b431d8cc920b3927c14d",
                "url_private_download": "https:\/\/files.slack.com\/files-pri\/T1T85P197-F01PY0ER79R\/download\/springer_2015_virtualleak_autonomic.pdf?t=xoxe-61277783313-6938219705459-6931704589846-f9456fee8056b431d8cc920b3927c14d",
                "media_display_type": "unknown",
                "thumb_pdf": "https:\/\/files.slack.com\/files-tmb\/T1T85P197-F01PY0ER79R-5797936dad\/springer_2015_virtualleak_autonomic_thumb_pdf.png?t=xoxe-61277783313-6938219705459-6931704589846-f9456fee8056b431d8cc920b3927c14d",
                "thumb_pdf_w": 909,
                "thumb_pdf_h": 1195,
                "permalink": "https:\/\/schulzlab.slack.com\/files\/U010M1M3N9E\/F01PY0ER79R\/springer_2015_virtualleak_autonomic.pdf",
                "permalink_public": "https:\/\/slack-files.com\/T1T85P197-F01PY0ER79R-a6695c4fec",
                "is_starred": false,
                "has_rich_preview": false,
                "file_access": "visible"
            }
        ],
        "upload": false,
        "user": "U010M1M3N9E",
        "display_as_bot": false,
        "type": "message",
        "ts": "1614723509.005800"
    },
    {
        "user": "U010N31RYMV",
        "type": "message",
        "ts": "1614723540.006200",
        "client_msg_id": "849a7bcf-cb3a-4c0b-9726-619014ba1b73",
        "text": "Fake news.",
        "team": "T1T85P197",
        "user_team": "T1T85P197",
        "source_team": "T1T85P197",
        "user_profile": {
            "avatar_hash": "084d1d915961",
            "image_72": "https:\/\/avatars.slack-edge.com\/2021-06-11\/2162938824690_084d1d915961fd2a1fcb_72.png",
            "first_name": "",
            "real_name": "David Schulz",
            "display_name": "David Schulz",
            "team": "T1T85P197",
            "name": "schulzd",
            "is_restricted": false,
            "is_ultra_restricted": false
        },
        "blocks": [
            {
                "type": "rich_text",
                "block_id": "GPFs5",
                "elements": [
                    {
                        "type": "rich_text_section",
                        "elements": [
                            {
                                "type": "text",
                                "text": "Fake news."
                            }
                        ]
                    }
                ]
            }
        ]
    },
    {
        "user": "U010N31RYMV",
        "type": "message",
        "ts": "1614723542.006400",
        "client_msg_id": "3dcf84a5-765d-46c2-a940-45d82aadb079",
        "text": ":wink:",
        "team": "T1T85P197",
        "user_team": "T1T85P197",
        "source_team": "T1T85P197",
        "user_profile": {
            "avatar_hash": "084d1d915961",
            "image_72": "https:\/\/avatars.slack-edge.com\/2021-06-11\/2162938824690_084d1d915961fd2a1fcb_72.png",
            "first_name": "",
            "real_name": "David Schulz",
            "display_name": "David Schulz",
            "team": "T1T85P197",
            "name": "schulzd",
            "is_restricted": false,
            "is_ultra_restricted": false
        },
        "blocks": [
            {
                "type": "rich_text",
                "block_id": "xYpJr",
                "elements": [
                    {
                        "type": "rich_text_section",
                        "elements": [
                            {
                                "type": "emoji",
                                "name": "wink",
                                "unicode": "1f609"
                            }
                        ]
                    }
                ]
            }
        ],
        "reactions": [
            {
                "name": "+1",
                "users": [
                    "U010M1M3N9E"
                ],
                "count": 1
            }
        ]
    },
    {
        "user": "U010M1M3N9E",
        "type": "message",
        "ts": "1614723660.006700",
        "client_msg_id": "cba302b5-58d8-488f-b749-7b6db74c2ea8",
        "text": "\"Another possibility is that\nimpalement damage has led to a lower proportion of multispiking\nneurons than expected. Although some studies argue that impalement\ndamage from sharp electrodes may affect measured passive properties\nwhile leaving excitability unchanged (Li et al., 2004), there are examples\nwhere introduction of leak reduces excitability (Cymbalyuk and\nShilnikov, 2005; Springer et al., 2015). For example, Springer et al.\n(2015) showed that injection of artificial leak into multispiking neurons\nwith dynamic clamp can transform them into phasic cells. Interestingly,\nhowever, the converse is not true, as this same study showed that not all\nphasic cells can be transformed into tonic cells by injection of negative\nM. Gray, et al. Autonomic Neuroscience: Basic and Clinical 220 (2019) 102558\n15\nleak. Therefore, it is possible – but difficult to determine – that impalement\ndamage could explain the lower rate of multispiking neurons\nobserved in the present study versus that of Jobling and Lim (2008).\"",
        "team": "T1T85P197",
        "user_team": "T1T85P197",
        "source_team": "T1T85P197",
        "user_profile": {
            "avatar_hash": "63b8b876b0d0",
            "image_72": "https:\/\/avatars.slack-edge.com\/2021-01-15\/1638892537269_63b8b876b0d0bce87f79_72.jpg",
            "first_name": "Michael",
            "real_name": "Michael Gray",
            "display_name": "Michael Gray",
            "team": "T1T85P197",
            "name": "grayml",
            "is_restricted": false,
            "is_ultra_restricted": false
        },
        "blocks": [
            {
                "type": "rich_text",
                "block_id": "ia\/S",
                "elements": [
                    {
                        "type": "rich_text_section",
                        "elements": [
                            {
                                "type": "text",
                                "text": "\"Another possibility is that\nimpalement damage has led to a lower proportion of multispiking\nneurons than expected. Although some studies argue that impalement\ndamage from sharp electrodes may affect measured passive properties\nwhile leaving excitability unchanged (Li et al., 2004), there are examples\nwhere introduction of leak reduces excitability (Cymbalyuk and\nShilnikov, 2005; Springer et al., 2015). For example, Springer et al.\n(2015) showed that injection of artificial leak into multispiking neurons\nwith dynamic clamp can transform them into phasic cells. Interestingly,\nhowever, the converse is not true, as this same study showed that not all\nphasic cells can be transformed into tonic cells by injection of negative\nM. Gray, et al. Autonomic Neuroscience: Basic and Clinical 220 (2019) 102558\n15\nleak. Therefore, it is possible – but difficult to determine – that impalement\ndamage could explain the lower rate of multispiking neurons\nobserved in the present study versus that of Jobling and Lim (2008).\""
                            }
                        ]
                    }
                ]
            }
        ]
    },
    {
        "text": "",
        "files": [
            {
                "id": "F01PY4HGR8S",
                "created": 1614729567,
                "timestamp": 1614729567,
                "name": "Fund Black Scientists PIIS0092867421000118.pdf",
                "title": "Fund Black Scientists PIIS0092867421000118.pdf",
                "mimetype": "application\/pdf",
                "filetype": "pdf",
                "pretty_type": "PDF",
                "user": "U010N31RYMV",
                "user_team": "T1T85P197",
                "editable": false,
                "size": 695091,
                "mode": "hosted",
                "is_external": false,
                "external_type": "",
                "is_public": true,
                "public_url_shared": false,
                "display_as_bot": false,
                "username": "",
                "url_private": "https:\/\/files.slack.com\/files-pri\/T1T85P197-F01PY4HGR8S\/fund_black_scientists_piis0092867421000118.pdf?t=xoxe-61277783313-6938219705459-6931704589846-f9456fee8056b431d8cc920b3927c14d",
                "url_private_download": "https:\/\/files.slack.com\/files-pri\/T1T85P197-F01PY4HGR8S\/download\/fund_black_scientists_piis0092867421000118.pdf?t=xoxe-61277783313-6938219705459-6931704589846-f9456fee8056b431d8cc920b3927c14d",
                "media_display_type": "unknown",
                "thumb_pdf": "https:\/\/files.slack.com\/files-tmb\/T1T85P197-F01PY4HGR8S-af8d8977f0\/fund_black_scientists_piis0092867421000118_thumb_pdf.png?t=xoxe-61277783313-6938219705459-6931704589846-f9456fee8056b431d8cc920b3927c14d",
                "thumb_pdf_w": 921,
                "thumb_pdf_h": 1196,
                "permalink": "https:\/\/schulzlab.slack.com\/files\/U010N31RYMV\/F01PY4HGR8S\/fund_black_scientists_piis0092867421000118.pdf",
                "permalink_public": "https:\/\/slack-files.com\/T1T85P197-F01PY4HGR8S-486ab389fb",
                "is_starred": false,
                "has_rich_preview": false,
                "file_access": "visible"
            }
        ],
        "upload": false,
        "user": "U010N31RYMV",
        "display_as_bot": false,
        "type": "message",
        "ts": "1614729572.006900"
    }
]