[
    {
        "text": "<@U0103JSQYLB> peer reviewed source from human cells on protein half-life ranges (kinda wish they were more specific about protein class; but only skimmed it)",
        "files": [
            {
                "id": "F020FJKBS5P",
                "created": 1619469507,
                "timestamp": 1619469507,
                "name": "proteinhalflifes_humans.pdf",
                "title": "proteinhalflifes_humans.pdf",
                "mimetype": "application\/pdf",
                "filetype": "pdf",
                "pretty_type": "PDF",
                "user": "U010M1M3N9E",
                "user_team": "T1T85P197",
                "editable": false,
                "size": 1054237,
                "mode": "hosted",
                "is_external": false,
                "external_type": "",
                "is_public": true,
                "public_url_shared": false,
                "display_as_bot": false,
                "username": "",
                "url_private": "https:\/\/files.slack.com\/files-pri\/T1T85P197-F020FJKBS5P\/proteinhalflifes_humans.pdf?t=xoxe-61277783313-6938219705459-6931704589846-f9456fee8056b431d8cc920b3927c14d",
                "url_private_download": "https:\/\/files.slack.com\/files-pri\/T1T85P197-F020FJKBS5P\/download\/proteinhalflifes_humans.pdf?t=xoxe-61277783313-6938219705459-6931704589846-f9456fee8056b431d8cc920b3927c14d",
                "media_display_type": "unknown",
                "thumb_pdf": "https:\/\/files.slack.com\/files-tmb\/T1T85P197-F020FJKBS5P-360c7185bb\/proteinhalflifes_humans_thumb_pdf.png?t=xoxe-61277783313-6938219705459-6931704589846-f9456fee8056b431d8cc920b3927c14d",
                "thumb_pdf_w": 909,
                "thumb_pdf_h": 1191,
                "permalink": "https:\/\/schulzlab.slack.com\/files\/U010M1M3N9E\/F020FJKBS5P\/proteinhalflifes_humans.pdf",
                "permalink_public": "https:\/\/slack-files.com\/T1T85P197-F020FJKBS5P-d17bc485c8",
                "is_starred": false,
                "has_rich_preview": false,
                "file_access": "visible"
            }
        ],
        "upload": false,
        "user": "U010M1M3N9E",
        "display_as_bot": false,
        "blocks": [
            {
                "type": "rich_text",
                "block_id": "lpUSZ",
                "elements": [
                    {
                        "type": "rich_text_section",
                        "elements": [
                            {
                                "type": "user",
                                "user_id": "U0103JSQYLB"
                            },
                            {
                                "type": "text",
                                "text": " peer reviewed source from human cells on protein half-life ranges (kinda wish they were more specific about protein class; but only skimmed it)"
                            }
                        ]
                    }
                ]
            }
        ],
        "type": "message",
        "ts": "1619469525.001100",
        "reactions": [
            {
                "name": "ok_hand::skin-tone-4",
                "users": [
                    "U0103JSQYLB"
                ],
                "count": 1
            }
        ]
    },
    {
        "user": "U0103JSQYLB",
        "type": "message",
        "ts": "1619471355.001800",
        "client_msg_id": "BF4E6255-6DCB-4C5A-B960-A1C77CB1CA64",
        "text": "Thanks Mike!",
        "team": "T1T85P197",
        "user_team": "T1T85P197",
        "source_team": "T1T85P197",
        "user_profile": {
            "avatar_hash": "94bf4a6c3643",
            "image_72": "https:\/\/avatars.slack-edge.com\/2023-05-20\/5309607146049_94bf4a6c3643af0ab428_72.png",
            "first_name": "Joe",
            "real_name": "Joe",
            "display_name": "Joe",
            "team": "T1T85P197",
            "name": "joseviteri",
            "is_restricted": false,
            "is_ultra_restricted": false
        },
        "blocks": [
            {
                "type": "rich_text",
                "block_id": "oKyA",
                "elements": [
                    {
                        "type": "rich_text_section",
                        "elements": [
                            {
                                "type": "text",
                                "text": "Thanks Mike!"
                            }
                        ]
                    }
                ]
            }
        ]
    },
    {
        "user": "U010N31RYMV",
        "type": "message",
        "ts": "1619471441.002800",
        "client_msg_id": "1afdea4b-8583-4846-b5ca-d3a2a8c0f162",
        "text": "A different way to think about this question as well...how could we test or measure protein half-life (or mRNA half-life) in our system? mRNA we can do for sure (i.e. \"bar codes\").  The protein is trickier but it would be really great to know.",
        "team": "T1T85P197",
        "user_team": "T1T85P197",
        "source_team": "T1T85P197",
        "user_profile": {
            "avatar_hash": "084d1d915961",
            "image_72": "https:\/\/avatars.slack-edge.com\/2021-06-11\/2162938824690_084d1d915961fd2a1fcb_72.png",
            "first_name": "",
            "real_name": "David Schulz",
            "display_name": "David Schulz",
            "team": "T1T85P197",
            "name": "schulzd",
            "is_restricted": false,
            "is_ultra_restricted": false
        },
        "blocks": [
            {
                "type": "rich_text",
                "block_id": "5Hp",
                "elements": [
                    {
                        "type": "rich_text_section",
                        "elements": [
                            {
                                "type": "text",
                                "text": "A different way to think about this question as well...how could we test or measure protein half-life (or mRNA half-life) in our system? mRNA we can do for sure (i.e. \"bar codes\").  The protein is trickier but it would be really great to know."
                            }
                        ]
                    }
                ]
            }
        ]
    },
    {
        "user": "U010N31RYMV",
        "type": "message",
        "ts": "1619475351.003600",
        "client_msg_id": "7116b7cf-37b3-40af-82d8-8af569ff76c4",
        "text": "Best answer I can come up with - get GFP tagged channels expressed, and look at the time scale of fluorescence signal.  Then convince yourself the GFP tag doesn't alter the dynamics.",
        "team": "T1T85P197",
        "user_team": "T1T85P197",
        "source_team": "T1T85P197",
        "user_profile": {
            "avatar_hash": "084d1d915961",
            "image_72": "https:\/\/avatars.slack-edge.com\/2021-06-11\/2162938824690_084d1d915961fd2a1fcb_72.png",
            "first_name": "",
            "real_name": "David Schulz",
            "display_name": "David Schulz",
            "team": "T1T85P197",
            "name": "schulzd",
            "is_restricted": false,
            "is_ultra_restricted": false
        },
        "blocks": [
            {
                "type": "rich_text",
                "block_id": "m8Q",
                "elements": [
                    {
                        "type": "rich_text_section",
                        "elements": [
                            {
                                "type": "text",
                                "text": "Best answer I can come up with - get GFP tagged channels expressed, and look at the time scale of fluorescence signal.  Then convince yourself the GFP tag doesn't alter the dynamics."
                            }
                        ]
                    }
                ]
            }
        ]
    },
    {
        "user": "U0103JSQYLB",
        "type": "message",
        "ts": "1619475386.004100",
        "client_msg_id": "03852EFD-FE24-4D84-A5B7-12921951C09B",
        "text": "Lol true. That would be a good strategy ",
        "team": "T1T85P197",
        "user_team": "T1T85P197",
        "source_team": "T1T85P197",
        "user_profile": {
            "avatar_hash": "94bf4a6c3643",
            "image_72": "https:\/\/avatars.slack-edge.com\/2023-05-20\/5309607146049_94bf4a6c3643af0ab428_72.png",
            "first_name": "Joe",
            "real_name": "Joe",
            "display_name": "Joe",
            "team": "T1T85P197",
            "name": "joseviteri",
            "is_restricted": false,
            "is_ultra_restricted": false
        },
        "blocks": [
            {
                "type": "rich_text",
                "block_id": "\/dd",
                "elements": [
                    {
                        "type": "rich_text_section",
                        "elements": [
                            {
                                "type": "text",
                                "text": "Lol true. That would be a good strategy "
                            }
                        ]
                    }
                ]
            }
        ]
    },
    {
        "user": "U010N31RYMV",
        "type": "message",
        "ts": "1619475398.004300",
        "client_msg_id": "0bd7c59f-1868-4670-8697-2ff1641a6841",
        "text": "This is what Adam was doing when he left.",
        "team": "T1T85P197",
        "user_team": "T1T85P197",
        "source_team": "T1T85P197",
        "user_profile": {
            "avatar_hash": "084d1d915961",
            "image_72": "https:\/\/avatars.slack-edge.com\/2021-06-11\/2162938824690_084d1d915961fd2a1fcb_72.png",
            "first_name": "",
            "real_name": "David Schulz",
            "display_name": "David Schulz",
            "team": "T1T85P197",
            "name": "schulzd",
            "is_restricted": false,
            "is_ultra_restricted": false
        },
        "blocks": [
            {
                "type": "rich_text",
                "block_id": "hE27",
                "elements": [
                    {
                        "type": "rich_text_section",
                        "elements": [
                            {
                                "type": "text",
                                "text": "This is what Adam was doing when he left."
                            }
                        ]
                    }
                ]
            }
        ]
    },
    {
        "user": "U0103JSQYLB",
        "type": "message",
        "ts": "1619475517.004700",
        "client_msg_id": "C6A67FC5-71B9-4258-8911-F425D957D4FD",
        "text": "hope to follow up on that ",
        "team": "T1T85P197",
        "user_team": "T1T85P197",
        "source_team": "T1T85P197",
        "user_profile": {
            "avatar_hash": "94bf4a6c3643",
            "image_72": "https:\/\/avatars.slack-edge.com\/2023-05-20\/5309607146049_94bf4a6c3643af0ab428_72.png",
            "first_name": "Joe",
            "real_name": "Joe",
            "display_name": "Joe",
            "team": "T1T85P197",
            "name": "joseviteri",
            "is_restricted": false,
            "is_ultra_restricted": false
        },
        "blocks": [
            {
                "type": "rich_text",
                "block_id": "xi3I",
                "elements": [
                    {
                        "type": "rich_text_section",
                        "elements": [
                            {
                                "type": "text",
                                "text": "hope to follow up on that "
                            }
                        ]
                    }
                ]
            }
        ]
    },
    {
        "user": "U010N31RYMV",
        "type": "message",
        "ts": "1619475710.005400",
        "client_msg_id": "348784df-19f3-40e9-be4e-3c7c65ec3d3e",
        "text": "You must succeed where others have failed.  Your clan demands it.  :taco::crab::brain:",
        "team": "T1T85P197",
        "user_team": "T1T85P197",
        "source_team": "T1T85P197",
        "user_profile": {
            "avatar_hash": "084d1d915961",
            "image_72": "https:\/\/avatars.slack-edge.com\/2021-06-11\/2162938824690_084d1d915961fd2a1fcb_72.png",
            "first_name": "",
            "real_name": "David Schulz",
            "display_name": "David Schulz",
            "team": "T1T85P197",
            "name": "schulzd",
            "is_restricted": false,
            "is_ultra_restricted": false
        },
        "blocks": [
            {
                "type": "rich_text",
                "block_id": "shk",
                "elements": [
                    {
                        "type": "rich_text_section",
                        "elements": [
                            {
                                "type": "text",
                                "text": "You must succeed where others have failed.  Your clan demands it.  "
                            },
                            {
                                "type": "emoji",
                                "name": "taco",
                                "unicode": "1f32e"
                            },
                            {
                                "type": "emoji",
                                "name": "crab",
                                "unicode": "1f980"
                            },
                            {
                                "type": "emoji",
                                "name": "brain",
                                "unicode": "1f9e0"
                            }
                        ]
                    }
                ]
            }
        ]
    },
    {
        "user": "U0103JSQYLB",
        "type": "message",
        "ts": "1619475937.005500",
        "client_msg_id": "A5180FB5-BF18-4AB2-8C7A-E9D5F13D92CD",
        "text": "For the clan ",
        "team": "T1T85P197",
        "user_team": "T1T85P197",
        "source_team": "T1T85P197",
        "user_profile": {
            "avatar_hash": "94bf4a6c3643",
            "image_72": "https:\/\/avatars.slack-edge.com\/2023-05-20\/5309607146049_94bf4a6c3643af0ab428_72.png",
            "first_name": "Joe",
            "real_name": "Joe",
            "display_name": "Joe",
            "team": "T1T85P197",
            "name": "joseviteri",
            "is_restricted": false,
            "is_ultra_restricted": false
        },
        "blocks": [
            {
                "type": "rich_text",
                "block_id": "Ep\/D",
                "elements": [
                    {
                        "type": "rich_text_section",
                        "elements": [
                            {
                                "type": "text",
                                "text": "For the clan "
                            }
                        ]
                    }
                ]
            }
        ]
    }
]