[
    {
        "text": "So being a bit naive when I started(Guess I still am), I thought this was a cool way to measure alot of excitability data with ramps. Of course this is in motor neurons and not in post ganglionic autonomic neurons.",
        "files": [
            {
                "id": "F026M43C19P",
                "created": 1624642815,
                "timestamp": 1624642815,
                "name": "Li et al. - 2007 - Serotonin Facilitates a Persistent Calcium Current in Motoneurons of Rats With and Without Chronic Spinal Cord Injury.pdf",
                "title": "Li et al. - 2007 - Serotonin Facilitates a Persistent Calcium Current in Motoneurons of Rats With and Without Chronic Spinal Cord Injury.pdf",
                "mimetype": "application\/octet-stream",
                "filetype": "binary",
                "pretty_type": "Binary",
                "user": "U010M1M3N9E",
                "user_team": "T1T85P197",
                "editable": false,
                "size": 1325464,
                "mode": "hosted",
                "is_external": false,
                "external_type": "",
                "is_public": true,
                "public_url_shared": false,
                "display_as_bot": false,
                "username": "",
                "url_private": "https:\/\/files.slack.com\/files-pri\/T1T85P197-F026M43C19P\/li_et_al._-_2007_-_serotonin_facilitates_a_persistent_calcium_current_in_motoneurons_of_rats_with_and_without_chronic_spinal_cord_injury.pdf?t=xoxe-61277783313-6938219705459-6931704589846-f9456fee8056b431d8cc920b3927c14d",
                "url_private_download": "https:\/\/files.slack.com\/files-pri\/T1T85P197-F026M43C19P\/download\/li_et_al._-_2007_-_serotonin_facilitates_a_persistent_calcium_current_in_motoneurons_of_rats_with_and_without_chronic_spinal_cord_injury.pdf?t=xoxe-61277783313-6938219705459-6931704589846-f9456fee8056b431d8cc920b3927c14d",
                "media_display_type": "unknown",
                "permalink": "https:\/\/schulzlab.slack.com\/files\/U010M1M3N9E\/F026M43C19P\/li_et_al._-_2007_-_serotonin_facilitates_a_persistent_calcium_current_in_motoneurons_of_rats_with_and_without_chronic_spinal_cord_injury.pdf",
                "permalink_public": "https:\/\/slack-files.com\/T1T85P197-F026M43C19P-e6ef7e5cfe",
                "is_starred": false,
                "has_rich_preview": false,
                "file_access": "visible"
            },
            {
                "id": "F0261MPRR7Y",
                "created": 1624642875,
                "timestamp": 1624642875,
                "name": "Harvey et al. - 2006 - Persistent Sodium Currents and Repetitive Firing in Motoneurons of the Sacrocaudal Spinal Cord of Adult Rats.pdf",
                "title": "Harvey et al. - 2006 - Persistent Sodium Currents and Repetitive Firing in Motoneurons of the Sacrocaudal Spinal Cord of Adult Rats.pdf",
                "mimetype": "application\/octet-stream",
                "filetype": "binary",
                "pretty_type": "Binary",
                "user": "U010M1M3N9E",
                "user_team": "T1T85P197",
                "editable": false,
                "size": 827874,
                "mode": "hosted",
                "is_external": false,
                "external_type": "",
                "is_public": true,
                "public_url_shared": false,
                "display_as_bot": false,
                "username": "",
                "url_private": "https:\/\/files.slack.com\/files-pri\/T1T85P197-F0261MPRR7Y\/harvey_et_al._-_2006_-_persistent_sodium_currents_and_repetitive_firing_in_motoneurons_of_the_sacrocaudal_spinal_cord_of_adult_rats.pdf?t=xoxe-61277783313-6938219705459-6931704589846-f9456fee8056b431d8cc920b3927c14d",
                "url_private_download": "https:\/\/files.slack.com\/files-pri\/T1T85P197-F0261MPRR7Y\/download\/harvey_et_al._-_2006_-_persistent_sodium_currents_and_repetitive_firing_in_motoneurons_of_the_sacrocaudal_spinal_cord_of_adult_rats.pdf?t=xoxe-61277783313-6938219705459-6931704589846-f9456fee8056b431d8cc920b3927c14d",
                "media_display_type": "unknown",
                "permalink": "https:\/\/schulzlab.slack.com\/files\/U010M1M3N9E\/F0261MPRR7Y\/harvey_et_al._-_2006_-_persistent_sodium_currents_and_repetitive_firing_in_motoneurons_of_the_sacrocaudal_spinal_cord_of_adult_rats.pdf",
                "permalink_public": "https:\/\/slack-files.com\/T1T85P197-F0261MPRR7Y-5401e50daa",
                "is_starred": false,
                "has_rich_preview": false,
                "file_access": "visible"
            }
        ],
        "upload": false,
        "user": "U010M1M3N9E",
        "blocks": [
            {
                "type": "rich_text",
                "block_id": "4p4aF",
                "elements": [
                    {
                        "type": "rich_text_section",
                        "elements": [
                            {
                                "type": "text",
                                "text": "So being a bit naive when I started(Guess I still am), I thought this was a cool way to measure alot of excitability data with ramps. Of course this is in motor neurons and not in post ganglionic autonomic neurons."
                            }
                        ]
                    }
                ]
            }
        ],
        "type": "message",
        "ts": "1624642883.001800"
    }
]