[
    {
        "user": "U1T7R897Y",
        "type": "message",
        "ts": "1621910869.000100",
        "client_msg_id": "0a6a1d7c-ce0b-486f-becb-488e0eebb35e",
        "text": "Neat, Thank you! Bayes factor isn’t something I’ve worked with too much.",
        "team": "T1T85P197",
        "user_team": "T1T85P197",
        "source_team": "T1T85P197",
        "user_profile": {
            "avatar_hash": "c8cca50bc366",
            "image_72": "https:\/\/avatars.slack-edge.com\/2021-05-11\/2054490932018_c8cca50bc366ce61d83e_72.png",
            "first_name": "Daniel",
            "real_name": "Daniel Kick",
            "display_name": "Daniel",
            "team": "T1T85P197",
            "name": "daniel",
            "is_restricted": false,
            "is_ultra_restricted": false
        },
        "thread_ts": "1621364329.012100",
        "parent_user_id": "U010M1M3N9E",
        "blocks": [
            {
                "type": "rich_text",
                "block_id": "sJN7X",
                "elements": [
                    {
                        "type": "rich_text_section",
                        "elements": [
                            {
                                "type": "text",
                                "text": "Neat, Thank you! Bayes factor isn’t something I’ve worked with too much."
                            }
                        ]
                    }
                ]
            }
        ]
    }
]