[
    {
        "user": "U010N31RYMV",
        "type": "message",
        "ts": "1620000775.000100",
        "text": "This seems like it could be of interest. I haven’t seen it, but seems like a cool idea. \n<https:\/\/press.princeton.edu\/books\/paperback\/9780691220635\/the-annotated-hodgkin-and-huxley>",
        "team": "T1T85P197",
        "user_team": "T1T85P197",
        "source_team": "T1T85P197",
        "user_profile": {
            "avatar_hash": "084d1d915961",
            "image_72": "https:\/\/avatars.slack-edge.com\/2021-06-11\/2162938824690_084d1d915961fd2a1fcb_72.png",
            "first_name": "",
            "real_name": "David Schulz",
            "display_name": "David Schulz",
            "team": "T1T85P197",
            "name": "schulzd",
            "is_restricted": false,
            "is_ultra_restricted": false
        },
        "attachments": [
            {
                "title": "The Annotated Hodgkin and Huxley",
                "title_link": "https:\/\/press.princeton.edu\/books\/paperback\/9780691220635\/the-annotated-hodgkin-and-huxley",
                "text": "The first annotated edition of the scientific papers that created the foundation of modern neuroscience and physiology",
                "fallback": "The Annotated Hodgkin and Huxley",
                "image_url": "https:\/\/pup-assets.imgix.net\/onix\/images\/9780691220635.jpg?fit=fill&fill=solid&fill-color=ffffff&w=1200&h=630",
                "image_width": 476,
                "image_height": 250,
                "from_url": "https:\/\/press.princeton.edu\/books\/paperback\/9780691220635\/the-annotated-hodgkin-and-huxley",
                "image_bytes": 65473,
                "service_icon": "https:\/\/press.princeton.edu\/themes\/custom\/themekit\/apple-touch-icon.png?v=gAelwKMR7J",
                "service_name": "Princeton University Press",
                "id": 1,
                "original_url": "https:\/\/press.princeton.edu\/books\/paperback\/9780691220635\/the-annotated-hodgkin-and-huxley"
            }
        ],
        "blocks": [
            {
                "type": "rich_text",
                "block_id": "nM9",
                "elements": [
                    {
                        "type": "rich_text_section",
                        "elements": [
                            {
                                "type": "text",
                                "text": "This seems like it could be of interest. I haven’t seen it, but seems like a cool idea. \n"
                            },
                            {
                                "type": "link",
                                "url": "https:\/\/press.princeton.edu\/books\/paperback\/9780691220635\/the-annotated-hodgkin-and-huxley"
                            }
                        ]
                    }
                ]
            }
        ],
        "reactions": [
            {
                "name": "+1",
                "users": [
                    "U010M1M3N9E"
                ],
                "count": 1
            }
        ]
    },
    {
        "user": "U010N31RYMV",
        "type": "message",
        "ts": "1620000995.000500",
        "client_msg_id": "32150230-6BCE-4D36-9299-669ECFF10EE6",
        "text": "Bah. Not released until November. ",
        "team": "T1T85P197",
        "user_team": "T1T85P197",
        "source_team": "T1T85P197",
        "user_profile": {
            "avatar_hash": "084d1d915961",
            "image_72": "https:\/\/avatars.slack-edge.com\/2021-06-11\/2162938824690_084d1d915961fd2a1fcb_72.png",
            "first_name": "",
            "real_name": "David Schulz",
            "display_name": "David Schulz",
            "team": "T1T85P197",
            "name": "schulzd",
            "is_restricted": false,
            "is_ultra_restricted": false
        },
        "blocks": [
            {
                "type": "rich_text",
                "block_id": "nAd",
                "elements": [
                    {
                        "type": "rich_text_section",
                        "elements": [
                            {
                                "type": "text",
                                "text": "Bah. Not released until November. "
                            }
                        ]
                    }
                ]
            }
        ]
    },
    {
        "user": "U0103JSQYLB",
        "type": "message",
        "ts": "1620001034.001100",
        "client_msg_id": "A50D7C68-2E4B-42B5-9C55-8511F72FBFEB",
        "text": "I was already looking for an illegal copy to download from then inter webs that the kids use ",
        "team": "T1T85P197",
        "user_team": "T1T85P197",
        "source_team": "T1T85P197",
        "user_profile": {
            "avatar_hash": "94bf4a6c3643",
            "image_72": "https:\/\/avatars.slack-edge.com\/2023-05-20\/5309607146049_94bf4a6c3643af0ab428_72.png",
            "first_name": "Joe",
            "real_name": "Joe",
            "display_name": "Joe",
            "team": "T1T85P197",
            "name": "joseviteri",
            "is_restricted": false,
            "is_ultra_restricted": false
        },
        "blocks": [
            {
                "type": "rich_text",
                "block_id": "C8riZ",
                "elements": [
                    {
                        "type": "rich_text_section",
                        "elements": [
                            {
                                "type": "text",
                                "text": "I was already looking for an illegal copy to download from then inter webs that the kids use "
                            }
                        ]
                    }
                ]
            }
        ],
        "reactions": [
            {
                "name": "face_with_hand_over_mouth",
                "users": [
                    "U010N31RYMV"
                ],
                "count": 1
            }
        ]
    }
]