[
    {
        "user": "U010N31RYMV",
        "type": "message",
        "ts": "1638544293.000200",
        "client_msg_id": "97c3496b-d612-43f9-a4aa-f4ee419755d5",
        "text": "<https:\/\/journals.physiology.org\/doi\/abs\/10.1152\/jn.00202.2021>",
        "team": "T1T85P197",
        "user_team": "T1T85P197",
        "source_team": "T1T85P197",
        "user_profile": {
            "avatar_hash": "084d1d915961",
            "image_72": "https:\/\/avatars.slack-edge.com\/2021-06-11\/2162938824690_084d1d915961fd2a1fcb_72.png",
            "first_name": "",
            "real_name": "David Schulz",
            "display_name": "David Schulz",
            "team": "T1T85P197",
            "name": "schulzd",
            "is_restricted": false,
            "is_ultra_restricted": false
        },
        "attachments": [
            {
                "from_url": "https:\/\/journals.physiology.org\/doi\/abs\/10.1152\/jn.00202.2021",
                "service_name": "Journal of Neurophysiology",
                "title": "Single cell and ensemble activity of lumbar intermediate and ventral horn interneurons in the spinal air-stepping cat | Journal of Neurophysiology",
                "title_link": "https:\/\/journals.physiology.org\/doi\/abs\/10.1152\/jn.00202.2021",
                "text": "We explored the relationship between population interneuronal network activation and motor output in the adult, in-vivo, air stepping, spinal cat. By simultaneously measuring the activity of large numbers of spinal interneurons, we explored ensembles of coherently firing interneurons and their relation to motor output. Additionally, the networks were analyzed in relation to their spatial distribution along the lumbar enlargement for evidence of localized groups driving particular phases of the locomotor step cycle. We simultaneously recorded hindlimb EMG activity during stepping and extracellular signals from 128 channels across two polytrodes inserted within lamina V-VII of two separate lumbar segments. Results indicated that spinal interneurons participate in one of two ensembles that are highly correlated with the flexor or the extensor muscle bursts during stepping. Interestingly, less than half of the isolated single units were significantly unimodally tuned during the step cycle while &gt;97% of the single units of the ensembles were significantly correlated with muscle activity. These results show the importance of population scale analysis in neural studies of behavior as there is a much greater correlation between muscle activity and ensemble firing than between muscle activity and individual neurons. Finally, we show that there is no correlation between interneurons' rostrocaudal locations within the lumbar enlargement and their preferred phase of firing or ensemble participation. These findings indicate that spinal interneurons of lamina V-VII encoding for different phases of the locomotor cycle are spread throughout the lumbar enlargement in the adult spinal cord.",
                "image_url": "https:\/\/journals.physiology.org\/na101\/home\/literatum\/publisher\/physio\/journals\/covergifs\/jn\/cover.jpg",
                "image_width": 192,
                "image_height": 250,
                "image_bytes": 17454,
                "fallback": "Journal of Neurophysiology: Single cell and ensemble activity of lumbar intermediate and ventral horn interneurons in the spinal air-stepping cat | Journal of Neurophysiology",
                "service_icon": "https:\/\/journals.physiology.org\/favicon.ico",
                "id": 1,
                "original_url": "https:\/\/journals.physiology.org\/doi\/abs\/10.1152\/jn.00202.2021"
            }
        ],
        "blocks": [
            {
                "type": "rich_text",
                "block_id": "nHg1d",
                "elements": [
                    {
                        "type": "rich_text_section",
                        "elements": [
                            {
                                "type": "link",
                                "url": "https:\/\/journals.physiology.org\/doi\/abs\/10.1152\/jn.00202.2021"
                            }
                        ]
                    }
                ]
            }
        ]
    },
    {
        "user": "U010N31RYMV",
        "type": "message",
        "ts": "1638544316.000800",
        "client_msg_id": "428b1ebf-1928-4457-a30e-c6933a5428aa",
        "text": "I like the work that combines single cell with population level activity.  I look forward to us getting there soon as well!",
        "team": "T1T85P197",
        "user_team": "T1T85P197",
        "source_team": "T1T85P197",
        "user_profile": {
            "avatar_hash": "084d1d915961",
            "image_72": "https:\/\/avatars.slack-edge.com\/2021-06-11\/2162938824690_084d1d915961fd2a1fcb_72.png",
            "first_name": "",
            "real_name": "David Schulz",
            "display_name": "David Schulz",
            "team": "T1T85P197",
            "name": "schulzd",
            "is_restricted": false,
            "is_ultra_restricted": false
        },
        "blocks": [
            {
                "type": "rich_text",
                "block_id": "RXmuh",
                "elements": [
                    {
                        "type": "rich_text_section",
                        "elements": [
                            {
                                "type": "text",
                                "text": "I like the work that combines single cell with population level activity.  I look forward to us getting there soon as well!"
                            }
                        ]
                    }
                ]
            }
        ]
    }
]