[
    {
        "user": "U010N31RYMV",
        "type": "message",
        "ts": "1655121445.908639",
        "text": "I still think we should’ve established this species in the lab long ago….\n<https:\/\/www.nature.com\/articles\/s41559-018-0467-9>",
        "team": "T1T85P197",
        "user_team": "T1T85P197",
        "source_team": "T1T85P197",
        "user_profile": {
            "avatar_hash": "084d1d915961",
            "image_72": "https:\/\/avatars.slack-edge.com\/2021-06-11\/2162938824690_084d1d915961fd2a1fcb_72.png",
            "first_name": "",
            "real_name": "David Schulz",
            "display_name": "David Schulz",
            "team": "T1T85P197",
            "name": "schulzd",
            "is_restricted": false,
            "is_ultra_restricted": false
        },
        "attachments": [
            {
                "from_url": "https:\/\/www.nature.com\/articles\/s41559-018-0467-9",
                "image_url": "https:\/\/media.springernature.com\/full\/springer-static\/image\/art%3A10.1038%2Fs41559-018-0467-9\/MediaObjects\/41559_2018_467_Fig1_HTML.jpg",
                "image_width": 802,
                "image_height": 250,
                "image_bytes": 180827,
                "service_icon": "https:\/\/www.nature.com\/static\/images\/favicons\/nature\/apple-touch-icon.png",
                "id": 1,
                "original_url": "https:\/\/www.nature.com\/articles\/s41559-018-0467-9",
                "fallback": "Nature: Clonal genome evolution and rapid invasive spread of the marbled crayfish",
                "text": "Nature Ecology &amp; Evolution - The marbled crayfish is an emerging invasive species in freshwater habitats. Here, the authors sequence the genome of the marbled crayfish and show that evolution...",
                "title": "Clonal genome evolution and rapid invasive spread of the marbled crayfish",
                "title_link": "https:\/\/www.nature.com\/articles\/s41559-018-0467-9",
                "service_name": "Nature"
            }
        ],
        "blocks": [
            {
                "type": "rich_text",
                "block_id": "TG9k",
                "elements": [
                    {
                        "type": "rich_text_section",
                        "elements": [
                            {
                                "type": "text",
                                "text": "I still think we should’ve established this species in the lab long ago….\n"
                            },
                            {
                                "type": "link",
                                "url": "https:\/\/www.nature.com\/articles\/s41559-018-0467-9"
                            }
                        ]
                    }
                ]
            }
        ]
    },
    {
        "user": "U0103JSQYLB",
        "type": "message",
        "ts": "1655127335.214149",
        "client_msg_id": "60947200-93E0-406E-8001-48B6751398D9",
        "text": "How easy is it too so single cell stuff on crayfish? Like poking and identifying ?I'm guessing harder since they're small ",
        "team": "T1T85P197",
        "user_team": "T1T85P197",
        "source_team": "T1T85P197",
        "user_profile": {
            "avatar_hash": "94bf4a6c3643",
            "image_72": "https:\/\/avatars.slack-edge.com\/2023-05-20\/5309607146049_94bf4a6c3643af0ab428_72.png",
            "first_name": "Joe",
            "real_name": "Joe",
            "display_name": "Joe",
            "team": "T1T85P197",
            "name": "joseviteri",
            "is_restricted": false,
            "is_ultra_restricted": false
        },
        "thread_ts": "1655127335.214149",
        "reply_count": 3,
        "reply_users_count": 3,
        "latest_reply": "1655164021.331409",
        "reply_users": [
            "U028ZEAHA6S",
            "U0103JSQYLB",
            "U1T7R897Y"
        ],
        "replies": [
            {
                "user": "U028ZEAHA6S",
                "ts": "1655150577.306619"
            },
            {
                "user": "U0103JSQYLB",
                "ts": "1655152551.921399"
            },
            {
                "user": "U1T7R897Y",
                "ts": "1655164021.331409"
            }
        ],
        "is_locked": false,
        "subscribed": true,
        "last_read": "1655164021.331409",
        "blocks": [
            {
                "type": "rich_text",
                "block_id": "AZc5e",
                "elements": [
                    {
                        "type": "rich_text_section",
                        "elements": [
                            {
                                "type": "text",
                                "text": "How"
                            },
                            {
                                "type": "text",
                                "text": " "
                            },
                            {
                                "type": "text",
                                "text": "easy"
                            },
                            {
                                "type": "text",
                                "text": " "
                            },
                            {
                                "type": "text",
                                "text": "is"
                            },
                            {
                                "type": "text",
                                "text": " "
                            },
                            {
                                "type": "text",
                                "text": "it"
                            },
                            {
                                "type": "text",
                                "text": " "
                            },
                            {
                                "type": "text",
                                "text": "too"
                            },
                            {
                                "type": "text",
                                "text": " "
                            },
                            {
                                "type": "text",
                                "text": "so"
                            },
                            {
                                "type": "text",
                                "text": " single "
                            },
                            {
                                "type": "text",
                                "text": "cell"
                            },
                            {
                                "type": "text",
                                "text": " stuff "
                            },
                            {
                                "type": "text",
                                "text": "on"
                            },
                            {
                                "type": "text",
                                "text": " "
                            },
                            {
                                "type": "text",
                                "text": "crayfish?"
                            },
                            {
                                "type": "text",
                                "text": " "
                            },
                            {
                                "type": "text",
                                "text": "Like"
                            },
                            {
                                "type": "text",
                                "text": " "
                            },
                            {
                                "type": "text",
                                "text": "poking"
                            },
                            {
                                "type": "text",
                                "text": " and identifying "
                            },
                            {
                                "type": "text",
                                "text": "?"
                            },
                            {
                                "type": "text",
                                "text": "I'm "
                            },
                            {
                                "type": "text",
                                "text": "guessing"
                            },
                            {
                                "type": "text",
                                "text": " "
                            },
                            {
                                "type": "text",
                                "text": "harder"
                            },
                            {
                                "type": "text",
                                "text": " since they're "
                            },
                            {
                                "type": "text",
                                "text": "small"
                            },
                            {
                                "type": "text",
                                "text": " "
                            }
                        ]
                    }
                ]
            }
        ]
    },
    {
        "user": "U010N31RYMV",
        "type": "message",
        "ts": "1655143834.224529",
        "client_msg_id": "0CCEDAB1-BA77-4F56-B292-D57B44249B95",
        "text": "Harder. But I have faith in you. ",
        "team": "T1T85P197",
        "user_team": "T1T85P197",
        "source_team": "T1T85P197",
        "user_profile": {
            "avatar_hash": "084d1d915961",
            "image_72": "https:\/\/avatars.slack-edge.com\/2021-06-11\/2162938824690_084d1d915961fd2a1fcb_72.png",
            "first_name": "",
            "real_name": "David Schulz",
            "display_name": "David Schulz",
            "team": "T1T85P197",
            "name": "schulzd",
            "is_restricted": false,
            "is_ultra_restricted": false
        },
        "blocks": [
            {
                "type": "rich_text",
                "block_id": "jKzv",
                "elements": [
                    {
                        "type": "rich_text_section",
                        "elements": [
                            {
                                "type": "text",
                                "text": "Harder. But"
                            },
                            {
                                "type": "text",
                                "text": " I have "
                            },
                            {
                                "type": "text",
                                "text": "faith"
                            },
                            {
                                "type": "text",
                                "text": " "
                            },
                            {
                                "type": "text",
                                "text": "in"
                            },
                            {
                                "type": "text",
                                "text": " you"
                            },
                            {
                                "type": "text",
                                "text": ". "
                            }
                        ]
                    }
                ]
            }
        ],
        "reactions": [
            {
                "name": "joy",
                "users": [
                    "U0103JSQYLB"
                ],
                "count": 1
            }
        ]
    },
    {
        "user": "U028ZEAHA6S",
        "type": "message",
        "ts": "1655150577.306619",
        "client_msg_id": "5a35e0e5-6341-406c-9b64-e7bec1d918d5",
        "text": "I’ve only ever tried to do cardiac ganglion stuff in crayfish, but could never even get the ganglion out of the heart. Supposedly the STG is more doable.",
        "team": "T1T85P197",
        "user_team": "T1T85P197",
        "source_team": "T1T85P197",
        "user_profile": {
            "avatar_hash": "1839fba3b3db",
            "image_72": "https:\/\/avatars.slack-edge.com\/2021-07-27\/2341195265936_1839fba3b3db46348d0b_72.png",
            "first_name": "",
            "real_name": "Brian Lane",
            "display_name": "Brian Lane",
            "team": "T1T85P197",
            "name": "laneb",
            "is_restricted": false,
            "is_ultra_restricted": false
        },
        "thread_ts": "1655127335.214149",
        "parent_user_id": "U0103JSQYLB",
        "blocks": [
            {
                "type": "rich_text",
                "block_id": "v0n",
                "elements": [
                    {
                        "type": "rich_text_section",
                        "elements": [
                            {
                                "type": "text",
                                "text": "I’ve only ever tried to do cardiac ganglion stuff in crayfish, but could never even get the ganglion out of the heart. Supposedly the STG is more doable."
                            }
                        ]
                    }
                ]
            }
        ]
    },
    {
        "user": "U0103JSQYLB",
        "type": "message",
        "ts": "1655152551.921399",
        "client_msg_id": "6DA641E8-8B53-46F7-99A0-FF05BAE41E9F",
        "text": "Ahhhh shit. Interesting. ",
        "team": "T1T85P197",
        "user_team": "T1T85P197",
        "source_team": "T1T85P197",
        "user_profile": {
            "avatar_hash": "94bf4a6c3643",
            "image_72": "https:\/\/avatars.slack-edge.com\/2023-05-20\/5309607146049_94bf4a6c3643af0ab428_72.png",
            "first_name": "Joe",
            "real_name": "Joe",
            "display_name": "Joe",
            "team": "T1T85P197",
            "name": "joseviteri",
            "is_restricted": false,
            "is_ultra_restricted": false
        },
        "thread_ts": "1655127335.214149",
        "parent_user_id": "U0103JSQYLB",
        "blocks": [
            {
                "type": "rich_text",
                "block_id": "Fz6",
                "elements": [
                    {
                        "type": "rich_text_section",
                        "elements": [
                            {
                                "type": "text",
                                "text": "Ahhhh"
                            },
                            {
                                "type": "text",
                                "text": " shit"
                            },
                            {
                                "type": "text",
                                "text": ". "
                            },
                            {
                                "type": "text",
                                "text": "Inter"
                            },
                            {
                                "type": "text",
                                "text": "esting. "
                            }
                        ]
                    }
                ]
            }
        ]
    },
    {
        "user": "U1T7R897Y",
        "type": "message",
        "ts": "1655164021.331409",
        "client_msg_id": "EBFE4572-DDD6-4F82-9354-AB4000B6DAB8",
        "text": "I think digestion is the way to go for the cg. There's a protocol in green crab from the 90s or early 2000s.",
        "team": "T1T85P197",
        "user_team": "T1T85P197",
        "source_team": "T1T85P197",
        "user_profile": {
            "avatar_hash": "c8cca50bc366",
            "image_72": "https:\/\/avatars.slack-edge.com\/2021-05-11\/2054490932018_c8cca50bc366ce61d83e_72.png",
            "first_name": "Daniel",
            "real_name": "Daniel Kick",
            "display_name": "Daniel",
            "team": "T1T85P197",
            "name": "daniel",
            "is_restricted": false,
            "is_ultra_restricted": false
        },
        "thread_ts": "1655127335.214149",
        "parent_user_id": "U0103JSQYLB",
        "blocks": [
            {
                "type": "rich_text",
                "block_id": "AQwO",
                "elements": [
                    {
                        "type": "rich_text_section",
                        "elements": [
                            {
                                "type": "text",
                                "text": "I"
                            },
                            {
                                "type": "text",
                                "text": " "
                            },
                            {
                                "type": "text",
                                "text": "think"
                            },
                            {
                                "type": "text",
                                "text": " digestion is "
                            },
                            {
                                "type": "text",
                                "text": "the"
                            },
                            {
                                "type": "text",
                                "text": " "
                            },
                            {
                                "type": "text",
                                "text": "way"
                            },
                            {
                                "type": "text",
                                "text": " "
                            },
                            {
                                "type": "text",
                                "text": "to"
                            },
                            {
                                "type": "text",
                                "text": " "
                            },
                            {
                                "type": "text",
                                "text": "go"
                            },
                            {
                                "type": "text",
                                "text": " for "
                            },
                            {
                                "type": "text",
                                "text": "the"
                            },
                            {
                                "type": "text",
                                "text": " "
                            },
                            {
                                "type": "text",
                                "text": "cg."
                            },
                            {
                                "type": "text",
                                "text": " There's "
                            },
                            {
                                "type": "text",
                                "text": "a"
                            },
                            {
                                "type": "text",
                                "text": " "
                            },
                            {
                                "type": "text",
                                "text": "protocol"
                            },
                            {
                                "type": "text",
                                "text": " "
                            },
                            {
                                "type": "text",
                                "text": "in"
                            },
                            {
                                "type": "text",
                                "text": " "
                            },
                            {
                                "type": "text",
                                "text": "green"
                            },
                            {
                                "type": "text",
                                "text": " "
                            },
                            {
                                "type": "text",
                                "text": "crab"
                            },
                            {
                                "type": "text",
                                "text": " "
                            },
                            {
                                "type": "text",
                                "text": "from"
                            },
                            {
                                "type": "text",
                                "text": " "
                            },
                            {
                                "type": "text",
                                "text": "the"
                            },
                            {
                                "type": "text",
                                "text": " "
                            },
                            {
                                "type": "text",
                                "text": "90s"
                            },
                            {
                                "type": "text",
                                "text": " "
                            },
                            {
                                "type": "text",
                                "text": "or"
                            },
                            {
                                "type": "text",
                                "text": " "
                            },
                            {
                                "type": "text",
                                "text": "early"
                            },
                            {
                                "type": "text",
                                "text": " "
                            },
                            {
                                "type": "text",
                                "text": "2000s."
                            }
                        ]
                    }
                ]
            }
        ]
    }
]