[
    {
        "user": "U010N31RYMV",
        "type": "message",
        "ts": "1659565207.799789",
        "client_msg_id": "9d015dd4-ec6b-4399-ac34-a0cecb9ea284",
        "text": "<https:\/\/www.eneuro.org\/content\/9\/4\/ENEURO.0017-22.2022>",
        "team": "T1T85P197",
        "user_team": "T1T85P197",
        "source_team": "T1T85P197",
        "user_profile": {
            "avatar_hash": "084d1d915961",
            "image_72": "https:\/\/avatars.slack-edge.com\/2021-06-11\/2162938824690_084d1d915961fd2a1fcb_72.png",
            "first_name": "",
            "real_name": "David Schulz",
            "display_name": "David Schulz",
            "team": "T1T85P197",
            "name": "schulzd",
            "is_restricted": false,
            "is_ultra_restricted": false
        },
        "blocks": [
            {
                "type": "rich_text",
                "block_id": "nqM",
                "elements": [
                    {
                        "type": "rich_text_section",
                        "elements": [
                            {
                                "type": "link",
                                "url": "https:\/\/www.eneuro.org\/content\/9\/4\/ENEURO.0017-22.2022"
                            }
                        ]
                    }
                ]
            }
        ]
    }
]