[
    {
        "user": "U0103JSQYLB",
        "type": "message",
        "ts": "1654040917.937109",
        "client_msg_id": "26727E14-2140-4691-AA17-9EEDF437CD68",
        "text": "<https:\/\/www.cell.com\/neuron\/fulltext\/S0896-6273(22)00409-3?_returnURL=https%3A%2F%2Flinkinghub.elsevier.com%2Fretrieve%2Fpii%2FS0896627322004093%3Fshowall%3Dtrue|https:\/\/www.cell.com\/neuron\/fulltext\/S0896-6273(22)00409-3?_returnURL=https%3A%2F%2Flinkinghub.elsevier.com%2Fretrieve%2Fpii%2FS0896627322004093%3Fshowall%3Dtrue><https:\/\/www.cell.com\/neuron\/fulltext\/S0896-6273(22)00409-3?_returnURL=https%3A%2F%2Flinkinghub.elsevier.com%2Fretrieve%2Fpii%2FS0896627322004093%3Fshowall%3Dtrue| >cool stuff ",
        "team": "T1T85P197",
        "user_team": "T1T85P197",
        "source_team": "T1T85P197",
        "user_profile": {
            "avatar_hash": "94bf4a6c3643",
            "image_72": "https:\/\/avatars.slack-edge.com\/2023-05-20\/5309607146049_94bf4a6c3643af0ab428_72.png",
            "first_name": "Joe",
            "real_name": "Joe",
            "display_name": "Joe",
            "team": "T1T85P197",
            "name": "joseviteri",
            "is_restricted": false,
            "is_ultra_restricted": false
        },
        "blocks": [
            {
                "type": "rich_text",
                "block_id": "lTCm",
                "elements": [
                    {
                        "type": "rich_text_section",
                        "elements": [
                            {
                                "type": "link",
                                "url": "https:\/\/www.cell.com\/neuron\/fulltext\/S0896-6273(22)00409-3?_returnURL=https%3A%2F%2Flinkinghub.elsevier.com%2Fretrieve%2Fpii%2FS0896627322004093%3Fshowall%3Dtrue",
                                "text": "https:\/\/www.cell.com\/neuron\/fulltext\/S0896-6273(22)00409-3?_returnURL=https%3A%2F%2Flinkinghub.elsevier.com%2Fretrieve%2Fpii%2FS0896627322004093%3Fshowall%3Dtrue"
                            },
                            {
                                "type": "link",
                                "url": "https:\/\/www.cell.com\/neuron\/fulltext\/S0896-6273(22)00409-3?_returnURL=https%3A%2F%2Flinkinghub.elsevier.com%2Fretrieve%2Fpii%2FS0896627322004093%3Fshowall%3Dtrue",
                                "text": " ",
                                "unsafe": true
                            },
                            {
                                "type": "text",
                                "text": "cool"
                            },
                            {
                                "type": "text",
                                "text": " "
                            },
                            {
                                "type": "text",
                                "text": "stuff"
                            },
                            {
                                "type": "text",
                                "text": " "
                            }
                        ]
                    }
                ]
            }
        ]
    },
    {
        "user": "U028ZEAHA6S",
        "type": "message",
        "ts": "1654040997.189949",
        "client_msg_id": "32e75e2a-87e4-4edf-989f-155ef659880a",
        "text": "Very cool",
        "team": "T1T85P197",
        "user_team": "T1T85P197",
        "source_team": "T1T85P197",
        "user_profile": {
            "avatar_hash": "1839fba3b3db",
            "image_72": "https:\/\/avatars.slack-edge.com\/2021-07-27\/2341195265936_1839fba3b3db46348d0b_72.png",
            "first_name": "",
            "real_name": "Brian Lane",
            "display_name": "Brian Lane",
            "team": "T1T85P197",
            "name": "laneb",
            "is_restricted": false,
            "is_ultra_restricted": false
        },
        "blocks": [
            {
                "type": "rich_text",
                "block_id": "Im\/",
                "elements": [
                    {
                        "type": "rich_text_section",
                        "elements": [
                            {
                                "type": "text",
                                "text": "Very cool"
                            }
                        ]
                    }
                ]
            }
        ]
    },
    {
        "user": "U0103JSQYLB",
        "type": "message",
        "ts": "1654041824.410569",
        "client_msg_id": "C1EE72B9-022D-4703-BD9F-373E4C426B1D",
        "text": "Oh yeah ",
        "team": "T1T85P197",
        "user_team": "T1T85P197",
        "source_team": "T1T85P197",
        "user_profile": {
            "avatar_hash": "94bf4a6c3643",
            "image_72": "https:\/\/avatars.slack-edge.com\/2023-05-20\/5309607146049_94bf4a6c3643af0ab428_72.png",
            "first_name": "Joe",
            "real_name": "Joe",
            "display_name": "Joe",
            "team": "T1T85P197",
            "name": "joseviteri",
            "is_restricted": false,
            "is_ultra_restricted": false
        },
        "blocks": [
            {
                "type": "rich_text",
                "block_id": "Onq",
                "elements": [
                    {
                        "type": "rich_text_section",
                        "elements": [
                            {
                                "type": "text",
                                "text": "Oh"
                            },
                            {
                                "type": "text",
                                "text": " "
                            },
                            {
                                "type": "text",
                                "text": "yeah"
                            },
                            {
                                "type": "text",
                                "text": " "
                            }
                        ]
                    }
                ]
            }
        ]
    },
    {
        "user": "U010N31RYMV",
        "type": "message",
        "ts": "1654041944.572289",
        "client_msg_id": "C6C5A8CB-489F-4C7B-BC5B-1842DCADEFAB",
        "text": "So here's a thought. What if this isn't how it works in people? ",
        "team": "T1T85P197",
        "user_team": "T1T85P197",
        "source_team": "T1T85P197",
        "user_profile": {
            "avatar_hash": "084d1d915961",
            "image_72": "https:\/\/avatars.slack-edge.com\/2021-06-11\/2162938824690_084d1d915961fd2a1fcb_72.png",
            "first_name": "",
            "real_name": "David Schulz",
            "display_name": "David Schulz",
            "team": "T1T85P197",
            "name": "schulzd",
            "is_restricted": false,
            "is_ultra_restricted": false
        },
        "blocks": [
            {
                "type": "rich_text",
                "block_id": "k1q9O",
                "elements": [
                    {
                        "type": "rich_text_section",
                        "elements": [
                            {
                                "type": "text",
                                "text": "So"
                            },
                            {
                                "type": "text",
                                "text": " here's "
                            },
                            {
                                "type": "text",
                                "text": "a"
                            },
                            {
                                "type": "text",
                                "text": " thought"
                            },
                            {
                                "type": "text",
                                "text": ". What"
                            },
                            {
                                "type": "text",
                                "text": " "
                            },
                            {
                                "type": "text",
                                "text": "if"
                            },
                            {
                                "type": "text",
                                "text": " "
                            },
                            {
                                "type": "text",
                                "text": "this"
                            },
                            {
                                "type": "text",
                                "text": " isn't how it "
                            },
                            {
                                "type": "text",
                                "text": "works"
                            },
                            {
                                "type": "text",
                                "text": " in people"
                            },
                            {
                                "type": "text",
                                "text": "?"
                            },
                            {
                                "type": "text",
                                "text": " "
                            }
                        ]
                    }
                ]
            }
        ]
    },
    {
        "user": "U0103JSQYLB",
        "type": "message",
        "ts": "1654041991.959809",
        "client_msg_id": "AD85BD3E-0643-427D-B916-88B8755BBDA1",
        "text": "We need people ",
        "team": "T1T85P197",
        "user_team": "T1T85P197",
        "source_team": "T1T85P197",
        "user_profile": {
            "avatar_hash": "94bf4a6c3643",
            "image_72": "https:\/\/avatars.slack-edge.com\/2023-05-20\/5309607146049_94bf4a6c3643af0ab428_72.png",
            "first_name": "Joe",
            "real_name": "Joe",
            "display_name": "Joe",
            "team": "T1T85P197",
            "name": "joseviteri",
            "is_restricted": false,
            "is_ultra_restricted": false
        },
        "blocks": [
            {
                "type": "rich_text",
                "block_id": "zeR",
                "elements": [
                    {
                        "type": "rich_text_section",
                        "elements": [
                            {
                                "type": "text",
                                "text": "We"
                            },
                            {
                                "type": "text",
                                "text": " "
                            },
                            {
                                "type": "text",
                                "text": "need"
                            },
                            {
                                "type": "text",
                                "text": " "
                            },
                            {
                                "type": "text",
                                "text": "people"
                            },
                            {
                                "type": "text",
                                "text": " "
                            }
                        ]
                    }
                ]
            }
        ]
    },
    {
        "user": "U028ZEAHA6S",
        "type": "message",
        "ts": "1654043107.269649",
        "edited": {
            "user": "U028ZEAHA6S",
            "ts": "1654043134.000000"
        },
        "client_msg_id": "713aaea6-5993-485f-bc88-bfed1456f2ea",
        "text": "I haven’t really read about this stuff for a while, but I thought they were pretty sure it was a metabolic breakdown product of ketamine that really matters. And that we started using ketamine clinically because it had a known safety profile, had been through trials, etc. Anybody know if there’s a reason they’re using ketamine given all its other effects?",
        "team": "T1T85P197",
        "user_team": "T1T85P197",
        "source_team": "T1T85P197",
        "user_profile": {
            "avatar_hash": "1839fba3b3db",
            "image_72": "https:\/\/avatars.slack-edge.com\/2021-07-27\/2341195265936_1839fba3b3db46348d0b_72.png",
            "first_name": "",
            "real_name": "Brian Lane",
            "display_name": "Brian Lane",
            "team": "T1T85P197",
            "name": "laneb",
            "is_restricted": false,
            "is_ultra_restricted": false
        },
        "blocks": [
            {
                "type": "rich_text",
                "block_id": "6qVx",
                "elements": [
                    {
                        "type": "rich_text_section",
                        "elements": [
                            {
                                "type": "text",
                                "text": "I haven’t really read about this stuff for a while, but I thought they were pretty sure it was a metabolic breakdown product of ketamine that really matters. And that we started using ketamine clinically because it had a known safety profile, had been through trials, etc. Anybody know if there’s a reason they’re using ketamine given all its other effects?"
                            }
                        ]
                    }
                ]
            }
        ]
    },
    {
        "user": "U028ZEAHA6S",
        "type": "message",
        "ts": "1654043228.500059",
        "client_msg_id": "9a895fd9-aa93-4b71-8b74-4a0275ce0b54",
        "text": "If you don’t know what I’m talking about, this could be a place to start: <https:\/\/www.ncbi.nlm.nih.gov\/pmc\/articles\/PMC4922311\/>",
        "team": "T1T85P197",
        "user_team": "T1T85P197",
        "source_team": "T1T85P197",
        "user_profile": {
            "avatar_hash": "1839fba3b3db",
            "image_72": "https:\/\/avatars.slack-edge.com\/2021-07-27\/2341195265936_1839fba3b3db46348d0b_72.png",
            "first_name": "",
            "real_name": "Brian Lane",
            "display_name": "Brian Lane",
            "team": "T1T85P197",
            "name": "laneb",
            "is_restricted": false,
            "is_ultra_restricted": false
        },
        "attachments": [
            {
                "from_url": "https:\/\/www.ncbi.nlm.nih.gov\/pmc\/articles\/PMC4922311\/",
                "thumb_url": "https:\/\/www.ncbi.nlm.nih.gov\/corehtml\/pmc\/pmcgifs\/pmc-logo-share.png?_=0",
                "thumb_width": 144,
                "thumb_height": 144,
                "service_icon": "https:\/\/www.ncbi.nlm.nih.gov\/coreutils\/nwds\/img\/favicons\/favicon-57.png",
                "id": 1,
                "original_url": "https:\/\/www.ncbi.nlm.nih.gov\/pmc\/articles\/PMC4922311\/",
                "fallback": "PubMed Central (PMC): NMDAR inhibition-independent antidepressant actions of ketamine metabolites",
                "text": "Major depressive disorder afflicts ~16 percent of the world population at some point in their lives. Despite a number of available monoaminergic-based antidepressants, most patients require many weeks, if not months, to respond to these treatments, and ...",
                "title": "NMDAR inhibition-independent antidepressant actions of ketamine metabolites",
                "title_link": "https:\/\/www.ncbi.nlm.nih.gov\/pmc\/articles\/PMC4922311\/",
                "service_name": "PubMed Central (PMC)"
            }
        ],
        "blocks": [
            {
                "type": "rich_text",
                "block_id": "\/vE",
                "elements": [
                    {
                        "type": "rich_text_section",
                        "elements": [
                            {
                                "type": "text",
                                "text": "If you don’t know what I’m talking about, this could be a place to start: "
                            },
                            {
                                "type": "link",
                                "url": "https:\/\/www.ncbi.nlm.nih.gov\/pmc\/articles\/PMC4922311\/"
                            }
                        ]
                    }
                ]
            }
        ]
    }
]