[
    {
        "user": "U010N31RYMV",
        "type": "message",
        "ts": "1642119841.000100",
        "text": "\n<https:\/\/www.science.org\/doi\/10.1126\/science.abj8222>",
        "team": "T1T85P197",
        "user_team": "T1T85P197",
        "source_team": "T1T85P197",
        "user_profile": {
            "avatar_hash": "084d1d915961",
            "image_72": "https:\/\/avatars.slack-edge.com\/2021-06-11\/2162938824690_084d1d915961fd2a1fcb_72.png",
            "first_name": "",
            "real_name": "David Schulz",
            "display_name": "David Schulz",
            "team": "T1T85P197",
            "name": "schulzd",
            "is_restricted": false,
            "is_ultra_restricted": false
        },
        "attachments": [
            {
                "from_url": "https:\/\/www.science.org\/doi\/10.1126\/science.abj8222",
                "image_url": "https:\/\/www.science.org\/cms\/asset\/1d54eaaf-4f22-49d9-862f-c66b1f20cff5\/keyimage.gif",
                "image_width": 325,
                "image_height": 250,
                "image_bytes": 77530,
                "service_icon": "https:\/\/www.science.org\/favicon.ico",
                "id": 1,
                "original_url": "https:\/\/www.science.org\/doi\/10.1126\/science.abj8222",
                "fallback": "Science: Longitudinal analysis reveals high prevalence of Epstein-Barr virus associated with multiple sclerosis",
                "text": "Multiple sclerosis (MS) is a chronic inflammatory demyelinating disease of the central nervous system of unknown etiology. We tested the hypothesis that MS is caused by Epstein-Barr virus (EBV) in a cohort comprising more than 10 million young adults on ...",
                "title": "Longitudinal analysis reveals high prevalence of Epstein-Barr virus associated with multiple sclerosis",
                "title_link": "https:\/\/www.science.org\/doi\/10.1126\/science.abj8222",
                "service_name": "Science"
            }
        ],
        "blocks": [
            {
                "type": "rich_text",
                "block_id": "nT5",
                "elements": [
                    {
                        "type": "rich_text_section",
                        "elements": [
                            {
                                "type": "link",
                                "url": "https:\/\/www.science.org\/doi\/10.1126\/science.abj8222"
                            }
                        ]
                    }
                ]
            }
        ]
    },
    {
        "user": "U028ZEAHA6S",
        "type": "message",
        "ts": "1642120060.001100",
        "client_msg_id": "8abb0e5a-24cb-43b4-aa26-21d3fe030f75",
        "text": "Wow, a 32 fold increase? I had never heard that connection suggested before.  Is that entirely novel?",
        "team": "T1T85P197",
        "user_team": "T1T85P197",
        "source_team": "T1T85P197",
        "user_profile": {
            "avatar_hash": "1839fba3b3db",
            "image_72": "https:\/\/avatars.slack-edge.com\/2021-07-27\/2341195265936_1839fba3b3db46348d0b_72.png",
            "first_name": "",
            "real_name": "Brian Lane",
            "display_name": "Brian Lane",
            "team": "T1T85P197",
            "name": "laneb",
            "is_restricted": false,
            "is_ultra_restricted": false
        },
        "blocks": [
            {
                "type": "rich_text",
                "block_id": "gctYk",
                "elements": [
                    {
                        "type": "rich_text_section",
                        "elements": [
                            {
                                "type": "text",
                                "text": "Wow, a 32 fold increase? I had never heard that connection suggested before.  Is that entirely novel?"
                            }
                        ]
                    }
                ]
            }
        ]
    },
    {
        "user": "U010N31RYMV",
        "type": "message",
        "ts": "1642120156.003000",
        "edited": {
            "user": "U010N31RYMV",
            "ts": "1642120345.000000"
        },
        "client_msg_id": "222143C3-8452-47D6-923A-7935EDC2D6F0",
        "text": "I guess the idea has been around maybe since the 90’s maybe? But this seems like a compelling, if correlational, confirmation result. Sadly, our silly ethics oversight prevents experimental work to determine causality. ",
        "team": "T1T85P197",
        "user_team": "T1T85P197",
        "source_team": "T1T85P197",
        "user_profile": {
            "avatar_hash": "084d1d915961",
            "image_72": "https:\/\/avatars.slack-edge.com\/2021-06-11\/2162938824690_084d1d915961fd2a1fcb_72.png",
            "first_name": "",
            "real_name": "David Schulz",
            "display_name": "David Schulz",
            "team": "T1T85P197",
            "name": "schulzd",
            "is_restricted": false,
            "is_ultra_restricted": false
        },
        "blocks": [
            {
                "type": "rich_text",
                "block_id": "eYA",
                "elements": [
                    {
                        "type": "rich_text_section",
                        "elements": [
                            {
                                "type": "text",
                                "text": "I guess the idea has been around maybe since the 90’s maybe? But this seems like a compelling, if correlational, confirmation result. Sadly, our silly ethics oversight prevents experimental work to determine causality. "
                            }
                        ]
                    }
                ]
            }
        ]
    },
    {
        "user": "U028ZEAHA6S",
        "type": "message",
        "ts": "1642120385.004100",
        "client_msg_id": "9bcb5441-8fd0-49d4-b8ca-0eb205fab275",
        "text": "Well I guess we’ll just have to wait for some brave souls like the guys that figured out Helicobacter bacteria cause ulcers…",
        "team": "T1T85P197",
        "user_team": "T1T85P197",
        "source_team": "T1T85P197",
        "user_profile": {
            "avatar_hash": "1839fba3b3db",
            "image_72": "https:\/\/avatars.slack-edge.com\/2021-07-27\/2341195265936_1839fba3b3db46348d0b_72.png",
            "first_name": "",
            "real_name": "Brian Lane",
            "display_name": "Brian Lane",
            "team": "T1T85P197",
            "name": "laneb",
            "is_restricted": false,
            "is_ultra_restricted": false
        },
        "blocks": [
            {
                "type": "rich_text",
                "block_id": "uM3a",
                "elements": [
                    {
                        "type": "rich_text_section",
                        "elements": [
                            {
                                "type": "text",
                                "text": "Well I guess we’ll just have to wait for some brave souls like the guys that figured out Helicobacter bacteria cause ulcers…"
                            }
                        ]
                    }
                ]
            }
        ]
    },
    {
        "user": "U028ZEAHA6S",
        "type": "message",
        "ts": "1642120395.004400",
        "client_msg_id": "3055ef10-4bea-49be-b797-ddb03be14d04",
        "text": "Except in this case, much braver since there is no cure",
        "team": "T1T85P197",
        "user_team": "T1T85P197",
        "source_team": "T1T85P197",
        "user_profile": {
            "avatar_hash": "1839fba3b3db",
            "image_72": "https:\/\/avatars.slack-edge.com\/2021-07-27\/2341195265936_1839fba3b3db46348d0b_72.png",
            "first_name": "",
            "real_name": "Brian Lane",
            "display_name": "Brian Lane",
            "team": "T1T85P197",
            "name": "laneb",
            "is_restricted": false,
            "is_ultra_restricted": false
        },
        "blocks": [
            {
                "type": "rich_text",
                "block_id": "3Px",
                "elements": [
                    {
                        "type": "rich_text_section",
                        "elements": [
                            {
                                "type": "text",
                                "text": "Except in this case, much braver since there is no cure"
                            }
                        ]
                    }
                ]
            }
        ]
    },
    {
        "user": "U010N31RYMV",
        "type": "message",
        "ts": "1642120471.006100",
        "client_msg_id": "AC1644FC-3068-4FB0-BAED-DC6CA8E2C1BD",
        "text": "It's way out of my expertise, but given that virtually everyone on the planet is infected with this virus, I'd be curious to know where one goes from here with respect to using this information for prevention\/treatment if that's possible. ",
        "team": "T1T85P197",
        "user_team": "T1T85P197",
        "source_team": "T1T85P197",
        "user_profile": {
            "avatar_hash": "084d1d915961",
            "image_72": "https:\/\/avatars.slack-edge.com\/2021-06-11\/2162938824690_084d1d915961fd2a1fcb_72.png",
            "first_name": "",
            "real_name": "David Schulz",
            "display_name": "David Schulz",
            "team": "T1T85P197",
            "name": "schulzd",
            "is_restricted": false,
            "is_ultra_restricted": false
        },
        "blocks": [
            {
                "type": "rich_text",
                "block_id": "KVG3v",
                "elements": [
                    {
                        "type": "rich_text_section",
                        "elements": [
                            {
                                "type": "text",
                                "text": "It's way out of my expertise, but given that virtually everyone on the planet is infected with this virus, I'd be curious to know where one goes from here with respect to using this information for prevention\/treatment if that's possible. "
                            }
                        ]
                    }
                ]
            }
        ]
    },
    {
        "user": "U028ZEAHA6S",
        "type": "message",
        "ts": "1642120493.006400",
        "client_msg_id": "9ee3d1de-211a-4723-8e04-0adcb7e54a7d",
        "text": "No more kissing. Anyone. Ever.",
        "team": "T1T85P197",
        "user_team": "T1T85P197",
        "source_team": "T1T85P197",
        "user_profile": {
            "avatar_hash": "1839fba3b3db",
            "image_72": "https:\/\/avatars.slack-edge.com\/2021-07-27\/2341195265936_1839fba3b3db46348d0b_72.png",
            "first_name": "",
            "real_name": "Brian Lane",
            "display_name": "Brian Lane",
            "team": "T1T85P197",
            "name": "laneb",
            "is_restricted": false,
            "is_ultra_restricted": false
        },
        "blocks": [
            {
                "type": "rich_text",
                "block_id": "DZpo",
                "elements": [
                    {
                        "type": "rich_text_section",
                        "elements": [
                            {
                                "type": "text",
                                "text": "No more kissing. Anyone. Ever."
                            }
                        ]
                    }
                ]
            }
        ]
    },
    {
        "user": "U028ZEAHA6S",
        "type": "message",
        "ts": "1642120539.006600",
        "client_msg_id": "a638c6c9-e841-4681-b6a3-a9a64d0c05f7",
        "text": "Happy New Year everyone!!!",
        "team": "T1T85P197",
        "user_team": "T1T85P197",
        "source_team": "T1T85P197",
        "user_profile": {
            "avatar_hash": "1839fba3b3db",
            "image_72": "https:\/\/avatars.slack-edge.com\/2021-07-27\/2341195265936_1839fba3b3db46348d0b_72.png",
            "first_name": "",
            "real_name": "Brian Lane",
            "display_name": "Brian Lane",
            "team": "T1T85P197",
            "name": "laneb",
            "is_restricted": false,
            "is_ultra_restricted": false
        },
        "blocks": [
            {
                "type": "rich_text",
                "block_id": "NrQ",
                "elements": [
                    {
                        "type": "rich_text_section",
                        "elements": [
                            {
                                "type": "text",
                                "text": "Happy New Year everyone!!!"
                            }
                        ]
                    }
                ]
            }
        ]
    },
    {
        "user": "U0103JSQYLB",
        "type": "message",
        "ts": "1642121086.007100",
        "client_msg_id": "6770D820-87D6-438B-BB13-B82C14BE08C4",
        "text": "This is some crazy shit ",
        "team": "T1T85P197",
        "user_team": "T1T85P197",
        "source_team": "T1T85P197",
        "user_profile": {
            "avatar_hash": "94bf4a6c3643",
            "image_72": "https:\/\/avatars.slack-edge.com\/2023-05-20\/5309607146049_94bf4a6c3643af0ab428_72.png",
            "first_name": "Joe",
            "real_name": "Joe",
            "display_name": "Joe",
            "team": "T1T85P197",
            "name": "joseviteri",
            "is_restricted": false,
            "is_ultra_restricted": false
        },
        "blocks": [
            {
                "type": "rich_text",
                "block_id": "hCwr",
                "elements": [
                    {
                        "type": "rich_text_section",
                        "elements": [
                            {
                                "type": "text",
                                "text": "This is some crazy shit "
                            }
                        ]
                    }
                ]
            }
        ]
    },
    {
        "user": "U010N31RYMV",
        "type": "message",
        "ts": "1642122516.007500",
        "client_msg_id": "88795671-A697-470F-976D-2480B1334D4F",
        "text": "The article or the no kissing thing?",
        "team": "T1T85P197",
        "user_team": "T1T85P197",
        "source_team": "T1T85P197",
        "user_profile": {
            "avatar_hash": "084d1d915961",
            "image_72": "https:\/\/avatars.slack-edge.com\/2021-06-11\/2162938824690_084d1d915961fd2a1fcb_72.png",
            "first_name": "",
            "real_name": "David Schulz",
            "display_name": "David Schulz",
            "team": "T1T85P197",
            "name": "schulzd",
            "is_restricted": false,
            "is_ultra_restricted": false
        },
        "blocks": [
            {
                "type": "rich_text",
                "block_id": "bEi=0",
                "elements": [
                    {
                        "type": "rich_text_section",
                        "elements": [
                            {
                                "type": "text",
                                "text": "The article or the no kissing thing?"
                            }
                        ]
                    }
                ]
            }
        ]
    },
    {
        "user": "U0103JSQYLB",
        "type": "message",
        "ts": "1642123068.007800",
        "client_msg_id": "112020CD-2B38-402F-9986-362B13F80EE5",
        "text": "Both Dave. Both. ",
        "team": "T1T85P197",
        "user_team": "T1T85P197",
        "source_team": "T1T85P197",
        "user_profile": {
            "avatar_hash": "94bf4a6c3643",
            "image_72": "https:\/\/avatars.slack-edge.com\/2023-05-20\/5309607146049_94bf4a6c3643af0ab428_72.png",
            "first_name": "Joe",
            "real_name": "Joe",
            "display_name": "Joe",
            "team": "T1T85P197",
            "name": "joseviteri",
            "is_restricted": false,
            "is_ultra_restricted": false
        },
        "blocks": [
            {
                "type": "rich_text",
                "block_id": "C2yh+",
                "elements": [
                    {
                        "type": "rich_text_section",
                        "elements": [
                            {
                                "type": "text",
                                "text": "Both Dave. Both. "
                            }
                        ]
                    }
                ]
            }
        ]
    },
    {
        "user": "U010N31RYMV",
        "type": "message",
        "ts": "1642123086.008100",
        "client_msg_id": "34E5CD45-244C-4651-9622-8EF839B40387",
        "text": "Then yeah. It's a lot to take in. ",
        "team": "T1T85P197",
        "user_team": "T1T85P197",
        "source_team": "T1T85P197",
        "user_profile": {
            "avatar_hash": "084d1d915961",
            "image_72": "https:\/\/avatars.slack-edge.com\/2021-06-11\/2162938824690_084d1d915961fd2a1fcb_72.png",
            "first_name": "",
            "real_name": "David Schulz",
            "display_name": "David Schulz",
            "team": "T1T85P197",
            "name": "schulzd",
            "is_restricted": false,
            "is_ultra_restricted": false
        },
        "blocks": [
            {
                "type": "rich_text",
                "block_id": "q8BaW",
                "elements": [
                    {
                        "type": "rich_text_section",
                        "elements": [
                            {
                                "type": "text",
                                "text": "Then yeah. It's a lot to take in. "
                            }
                        ]
                    }
                ]
            }
        ]
    }
]