[
    {
        "user": "U028ZEAHA6S",
        "type": "message",
        "ts": "1642612118.003100",
        "client_msg_id": "e7e00ecb-f463-45ae-b84c-908c3a1dd7da",
        "text": "This one’s not a journal article, but has anyone read N. K. Jemisin’s Broken Earth trilogy? I’m halfway through and I can’t rave about it enough. If you’re a sci-fi\/fantasy fan, I’ll just point out that each of the 3 books won the Hugo Award the year it came out. Absolutely incredible.",
        "team": "T1T85P197",
        "user_team": "T1T85P197",
        "source_team": "T1T85P197",
        "user_profile": {
            "avatar_hash": "1839fba3b3db",
            "image_72": "https:\/\/avatars.slack-edge.com\/2021-07-27\/2341195265936_1839fba3b3db46348d0b_72.png",
            "first_name": "",
            "real_name": "Brian Lane",
            "display_name": "Brian Lane",
            "team": "T1T85P197",
            "name": "laneb",
            "is_restricted": false,
            "is_ultra_restricted": false
        },
        "blocks": [
            {
                "type": "rich_text",
                "block_id": "3yqE+",
                "elements": [
                    {
                        "type": "rich_text_section",
                        "elements": [
                            {
                                "type": "text",
                                "text": "This one’s not a journal article, but has anyone read N. K. Jemisin’s Broken Earth trilogy? I’m halfway through and I can’t rave about it enough. If you’re a sci-fi\/fantasy fan, I’ll just point out that each of the 3 books won the Hugo Award the year it came out. Absolutely incredible."
                            }
                        ]
                    }
                ]
            }
        ]
    }
]