[
    {
        "user": "U0112A19YFN",
        "type": "message",
        "ts": "1657574302.049169",
        "text": "For understanding pelvic anatomy (with pelvic symphysis cut) in female mice\n<https:\/\/journals.physiology.org\/doi\/full\/10.1152\/ajpregu.00111.2010>",
        "team": "T1T85P197",
        "user_team": "T1T85P197",
        "source_team": "T1T85P197",
        "user_profile": {
            "avatar_hash": "82931094ef90",
            "image_72": "https:\/\/avatars.slack-edge.com\/2022-06-17\/3708168624352_82931094ef904079310a_72.jpg",
            "first_name": "",
            "real_name": "Sherryl",
            "display_name": "Sherryl",
            "team": "T1T85P197",
            "name": "sherryl.henderson",
            "is_restricted": false,
            "is_ultra_restricted": false
        },
        "attachments": [
            {
                "from_url": "https:\/\/journals.physiology.org\/doi\/full\/10.1152\/ajpregu.00111.2010",
                "image_url": "https:\/\/journals.physiology.org\/na101\/home\/literatum\/publisher\/physio\/journals\/content\/ajpregu\/2010\/ajpregu.2010.299.issue-2\/ajpregu.2010.299.issue-2\/production\/ajpregu.2010.299.issue-2.largecover.jpeg",
                "image_width": 193,
                "image_height": 250,
                "image_bytes": 241591,
                "service_icon": "https:\/\/journals.physiology.org\/favicon.ico",
                "id": 1,
                "original_url": "https:\/\/journals.physiology.org\/doi\/full\/10.1152\/ajpregu.00111.2010",
                "fallback": "American Journal of Physiology-Regulatory, Integrative and Comparative Physiology: Neural control of the female urethral and anal rhabdosphincters and pelvic floor muscles | American Journal of Physiology-Regulatory, Integrative and Comparative Physiology",
                "text": "The urethral rhabdosphincter and pelvic floor muscles are important in maintenance of urinary continence and in preventing descent of pelvic organs [i.e., pelvic organ prolapse (POP)]. Despite its clinical importance and complexity, a comprehensive review of neural control of the rhabdosphincter and pelvic floor muscles is lacking. The present review places historical and recent basic science findings on neural control into the context of functional anatomy of the pelvic muscles and their coordination with visceral function and correlates basic science findings with clinical findings when possible. This review briefly describes the striated muscles of the pelvis and then provides details on the peripheral innervation and, in particular, the contributions of the pudendal and levator ani nerves to the function of the various pelvic muscles. The locations and unique phenotypic characteristics of rhabdosphincter motor neurons located in Onuf's nucleus, and levator ani motor neurons located diffusely in the sacral ventral horn, are provided along with the locations and phenotypes of primary afferent neurons that convey sensory information from these muscles. Spinal and supraspinal pathways mediating excitatory and inhibitory inputs to the motor neurons are described; the relative contributions of the nerves to urethral function and their involvement in POP and incontinence are discussed. Finally, a detailed summary of the neurochemical anatomy of Onuf's nucleus and the pharmacological control of the rhabdosphincter are provided.",
                "title": "Neural control of the female urethral and anal rhabdosphincters and pelvic floor muscles | American Journal of Physiology-Regulatory, Integrative and Comparative Physiology",
                "title_link": "https:\/\/journals.physiology.org\/doi\/full\/10.1152\/ajpregu.00111.2010",
                "service_name": "American Journal of Physiology-Regulatory, Integrative and Comparative Physiology"
            }
        ],
        "blocks": [
            {
                "type": "rich_text",
                "block_id": "o88t",
                "elements": [
                    {
                        "type": "rich_text_section",
                        "elements": [
                            {
                                "type": "text",
                                "text": "For understanding pelvic anatomy (with pelvic symphysis cut) in female mice\n"
                            },
                            {
                                "type": "link",
                                "url": "https:\/\/journals.physiology.org\/doi\/full\/10.1152\/ajpregu.00111.2010"
                            }
                        ]
                    }
                ]
            }
        ]
    }
]