[
    {
        "user": "U010N31RYMV",
        "type": "message",
        "ts": "1657109975.921719",
        "text": "\n<https:\/\/journals.physiology.org\/doi\/abs\/10.1152\/jn.00545.2021>",
        "team": "T1T85P197",
        "user_team": "T1T85P197",
        "source_team": "T1T85P197",
        "user_profile": {
            "avatar_hash": "084d1d915961",
            "image_72": "https:\/\/avatars.slack-edge.com\/2021-06-11\/2162938824690_084d1d915961fd2a1fcb_72.png",
            "first_name": "",
            "real_name": "David Schulz",
            "display_name": "David Schulz",
            "team": "T1T85P197",
            "name": "schulzd",
            "is_restricted": false,
            "is_ultra_restricted": false
        },
        "blocks": [
            {
                "type": "rich_text",
                "block_id": "=hvyE",
                "elements": [
                    {
                        "type": "rich_text_section",
                        "elements": [
                            {
                                "type": "link",
                                "url": "https:\/\/journals.physiology.org\/doi\/abs\/10.1152\/jn.00545.2021"
                            }
                        ]
                    }
                ]
            }
        ]
    }
]