[
    {
        "user": "U0103JSQYLB",
        "type": "message",
        "ts": "1650886130.890939",
        "client_msg_id": "0d9a4a26-7e3b-42a2-a716-92ee2887cae2",
        "text": "<https:\/\/www.nature.com\/articles\/s41586-022-04637-w#Abs1> cool stuff",
        "team": "T1T85P197",
        "user_team": "T1T85P197",
        "source_team": "T1T85P197",
        "user_profile": {
            "avatar_hash": "94bf4a6c3643",
            "image_72": "https:\/\/avatars.slack-edge.com\/2023-05-20\/5309607146049_94bf4a6c3643af0ab428_72.png",
            "first_name": "Joe",
            "real_name": "Joe",
            "display_name": "Joe",
            "team": "T1T85P197",
            "name": "joseviteri",
            "is_restricted": false,
            "is_ultra_restricted": false
        },
        "attachments": [
            {
                "from_url": "https:\/\/www.nature.com\/articles\/s41586-022-04637-w#Abs1",
                "image_url": "https:\/\/media.springernature.com\/full\/springer-static\/image\/art%3A10.1038%2Fs41586-022-04637-w\/MediaObjects\/41586_2022_4637_Fig1_HTML.png",
                "image_width": 435,
                "image_height": 250,
                "image_bytes": 192400,
                "service_icon": "https:\/\/www.nature.com\/static\/images\/favicons\/nature\/apple-touch-icon.png",
                "id": 1,
                "original_url": "https:\/\/www.nature.com\/articles\/s41586-022-04637-w#Abs1",
                "fallback": "Nature: Opening of glutamate receptor channel to subconductance levels",
                "text": "Nature - Cryo-EM structures of AMPA receptor with the subunit γ2 in non-desensitizing conditions at low glutamate concentrations disprove the one-to-one link between the number of...",
                "title": "Opening of glutamate receptor channel to subconductance levels",
                "title_link": "https:\/\/www.nature.com\/articles\/s41586-022-04637-w#Abs1",
                "service_name": "Nature"
            }
        ],
        "blocks": [
            {
                "type": "rich_text",
                "block_id": "4c+dM",
                "elements": [
                    {
                        "type": "rich_text_section",
                        "elements": [
                            {
                                "type": "link",
                                "url": "https:\/\/www.nature.com\/articles\/s41586-022-04637-w#Abs1"
                            },
                            {
                                "type": "text",
                                "text": " cool stuff"
                            }
                        ]
                    }
                ]
            }
        ]
    }
]