[
    {
        "user": "U0103JSQYLB",
        "type": "message",
        "ts": "1669395695.474399",
        "client_msg_id": "5e1ee15e-dec8-4eb7-943c-81c261a0ae49",
        "text": "<https:\/\/www.nature.com\/articles\/s41586-022-05385-7>",
        "team": "T1T85P197",
        "user_team": "T1T85P197",
        "source_team": "T1T85P197",
        "user_profile": {
            "avatar_hash": "94bf4a6c3643",
            "image_72": "https:\/\/avatars.slack-edge.com\/2023-05-20\/5309607146049_94bf4a6c3643af0ab428_72.png",
            "first_name": "Joe",
            "real_name": "Joe",
            "display_name": "Joe",
            "team": "T1T85P197",
            "name": "joseviteri",
            "is_restricted": false,
            "is_ultra_restricted": false
        },
        "attachments": [
            {
                "from_url": "https:\/\/www.nature.com\/articles\/s41586-022-05385-7",
                "image_url": "https:\/\/media.springernature.com\/full\/springer-static\/image\/art%3A10.1038%2Fs41586-022-05385-7\/MediaObjects\/41586_2022_5385_Fig1_HTML.png",
                "image_width": 305,
                "image_height": 250,
                "image_bytes": 1711293,
                "service_icon": "https:\/\/www.nature.com\/static\/images\/favicons\/nature\/apple-touch-icon-f39cb19454.png",
                "id": 1,
                "original_url": "https:\/\/www.nature.com\/articles\/s41586-022-05385-7",
                "fallback": "Nature: The neurons that restore walking after paralysis",
                "text": "Nature - Transcriptomic analysis following epidural electrical stimulation of the lumbar spinal cord during neurorehabilitation in mice identifies a population of neurons that orchestrates the...",
                "title": "The neurons that restore walking after paralysis",
                "title_link": "https:\/\/www.nature.com\/articles\/s41586-022-05385-7",
                "service_name": "Nature"
            }
        ],
        "blocks": [
            {
                "type": "rich_text",
                "block_id": "vo0Rt",
                "elements": [
                    {
                        "type": "rich_text_section",
                        "elements": [
                            {
                                "type": "link",
                                "url": "https:\/\/www.nature.com\/articles\/s41586-022-05385-7"
                            }
                        ]
                    }
                ]
            }
        ]
    }
]