[
    {
        "user": "U0103JSQYLB",
        "type": "message",
        "ts": "1664811767.012139",
        "client_msg_id": "47F7D838-9A70-4886-807E-97ACBABE1C4C",
        "text": "<https:\/\/www.nature.com\/articles\/533452a|https:\/\/www.nature.com\/articles\/533452a>",
        "team": "T1T85P197",
        "user_team": "T1T85P197",
        "source_team": "T1T85P197",
        "user_profile": {
            "avatar_hash": "94bf4a6c3643",
            "image_72": "https:\/\/avatars.slack-edge.com\/2023-05-20\/5309607146049_94bf4a6c3643af0ab428_72.png",
            "first_name": "Joe",
            "real_name": "Joe",
            "display_name": "Joe",
            "team": "T1T85P197",
            "name": "joseviteri",
            "is_restricted": false,
            "is_ultra_restricted": false
        },
        "attachments": [
            {
                "from_url": "https:\/\/www.nature.com\/articles\/533452a",
                "image_url": "https:\/\/media.springernature.com\/full\/springer-static\/image\/art%3A10.1038%2F533452a\/MediaObjects\/41586_2016_BF533452a_Figd_HTML.jpg",
                "image_width": 294,
                "image_height": 250,
                "image_bytes": 105095,
                "service_icon": "https:\/\/www.nature.com\/static\/images\/favicons\/nature\/apple-touch-icon-f39cb19454.png",
                "id": 1,
                "original_url": "https:\/\/www.nature.com\/articles\/533452a",
                "fallback": "Nature: 1,500 scientists lift the lid on reproducibility",
                "text": "Nature - Survey sheds light on the ‘crisis’ rocking research.",
                "title": "1,500 scientists lift the lid on reproducibility",
                "title_link": "https:\/\/www.nature.com\/articles\/533452a",
                "service_name": "Nature"
            }
        ],
        "blocks": [
            {
                "type": "rich_text",
                "block_id": "NhMO",
                "elements": [
                    {
                        "type": "rich_text_section",
                        "elements": [
                            {
                                "type": "link",
                                "url": "https:\/\/www.nature.com\/articles\/533452a",
                                "text": "https:\/\/www.nature.com\/articles\/533452a"
                            }
                        ]
                    }
                ]
            }
        ]
    }
]