[
    {
        "user": "U1T7R897Y",
        "type": "message",
        "ts": "1654882654.146569",
        "client_msg_id": "26038663-4F15-4EE2-9570-3BFE10F3D80B",
        "text": "<http:\/\/www.stat.columbia.edu\/~gelman\/research\/published\/multiple2f.pdf|http:\/\/www.stat.columbia.edu\/~gelman\/research\/published\/multiple2f.pdf>\n\nThis is an interesting take. In brief, models that shrink parameter estimates towards the same value probably don't need correction. \n\nFor those that don't want to take the jump to bayes, the paper includes a simple example with lmer. It might also be possible to use a regression that penalizes the size of estimates (eg ridge regression) but the authors don't mention that specifically.\n\n\nIt's not clear to me that applying a mixed model to mRNA data would alleviate the need to correct for fdr, but it might be helpful depending on the design.",
        "team": "T1T85P197",
        "user_team": "T1T85P197",
        "source_team": "T1T85P197",
        "user_profile": {
            "avatar_hash": "c8cca50bc366",
            "image_72": "https:\/\/avatars.slack-edge.com\/2021-05-11\/2054490932018_c8cca50bc366ce61d83e_72.png",
            "first_name": "Daniel",
            "real_name": "Daniel Kick",
            "display_name": "Daniel",
            "team": "T1T85P197",
            "name": "daniel",
            "is_restricted": false,
            "is_ultra_restricted": false
        },
        "blocks": [
            {
                "type": "rich_text",
                "block_id": "3jik",
                "elements": [
                    {
                        "type": "rich_text_section",
                        "elements": [
                            {
                                "type": "link",
                                "url": "http:\/\/www.stat.columbia.edu\/~gelman\/research\/published\/multiple2f.pdf",
                                "text": "http:\/\/www.stat.columbia.edu\/~gelman\/research\/published\/multiple2f.pdf"
                            },
                            {
                                "type": "text",
                                "text": "\n"
                            },
                            {
                                "type": "text",
                                "text": "\n"
                            },
                            {
                                "type": "text",
                                "text": "This"
                            },
                            {
                                "type": "text",
                                "text": " "
                            },
                            {
                                "type": "text",
                                "text": "is"
                            },
                            {
                                "type": "text",
                                "text": " "
                            },
                            {
                                "type": "text",
                                "text": "an"
                            },
                            {
                                "type": "text",
                                "text": " interesting "
                            },
                            {
                                "type": "text",
                                "text": "take."
                            },
                            {
                                "type": "text",
                                "text": " "
                            },
                            {
                                "type": "text",
                                "text": "In"
                            },
                            {
                                "type": "text",
                                "text": " brief"
                            },
                            {
                                "type": "text",
                                "text": ","
                            },
                            {
                                "type": "text",
                                "text": " models "
                            },
                            {
                                "type": "text",
                                "text": "that"
                            },
                            {
                                "type": "text",
                                "text": " "
                            },
                            {
                                "type": "text",
                                "text": "shrink"
                            },
                            {
                                "type": "text",
                                "text": " parameter "
                            },
                            {
                                "type": "text",
                                "text": "estimates"
                            },
                            {
                                "type": "text",
                                "text": " "
                            },
                            {
                                "type": "text",
                                "text": "towards"
                            },
                            {
                                "type": "text",
                                "text": " "
                            },
                            {
                                "type": "text",
                                "text": "the"
                            },
                            {
                                "type": "text",
                                "text": " same value probably don't "
                            },
                            {
                                "type": "text",
                                "text": "need"
                            },
                            {
                                "type": "text",
                                "text": " correctio"
                            },
                            {
                                "type": "text",
                                "text": "n."
                            },
                            {
                                "type": "text",
                                "text": " "
                            },
                            {
                                "type": "text",
                                "text": "\n"
                            },
                            {
                                "type": "text",
                                "text": "\n"
                            },
                            {
                                "type": "text",
                                "text": "For"
                            },
                            {
                                "type": "text",
                                "text": " "
                            },
                            {
                                "type": "text",
                                "text": "those"
                            },
                            {
                                "type": "text",
                                "text": " "
                            },
                            {
                                "type": "text",
                                "text": "that"
                            },
                            {
                                "type": "text",
                                "text": " don't "
                            },
                            {
                                "type": "text",
                                "text": "want"
                            },
                            {
                                "type": "text",
                                "text": " "
                            },
                            {
                                "type": "text",
                                "text": "to"
                            },
                            {
                                "type": "text",
                                "text": " "
                            },
                            {
                                "type": "text",
                                "text": "take"
                            },
                            {
                                "type": "text",
                                "text": " "
                            },
                            {
                                "type": "text",
                                "text": "the"
                            },
                            {
                                "type": "text",
                                "text": " "
                            },
                            {
                                "type": "text",
                                "text": "jump"
                            },
                            {
                                "type": "text",
                                "text": " "
                            },
                            {
                                "type": "text",
                                "text": "to"
                            },
                            {
                                "type": "text",
                                "text": " "
                            },
                            {
                                "type": "text",
                                "text": "bayes,"
                            },
                            {
                                "type": "text",
                                "text": " "
                            },
                            {
                                "type": "text",
                                "text": "the"
                            },
                            {
                                "type": "text",
                                "text": " "
                            },
                            {
                                "type": "text",
                                "text": "paper"
                            },
                            {
                                "type": "text",
                                "text": " "
                            },
                            {
                                "type": "text",
                                "text": "includes"
                            },
                            {
                                "type": "text",
                                "text": " "
                            },
                            {
                                "type": "text",
                                "text": "a"
                            },
                            {
                                "type": "text",
                                "text": " "
                            },
                            {
                                "type": "text",
                                "text": "simple"
                            },
                            {
                                "type": "text",
                                "text": " "
                            },
                            {
                                "type": "text",
                                "text": "example"
                            },
                            {
                                "type": "text",
                                "text": " "
                            },
                            {
                                "type": "text",
                                "text": "with"
                            },
                            {
                                "type": "text",
                                "text": " "
                            },
                            {
                                "type": "text",
                                "text": "lmer."
                            },
                            {
                                "type": "text",
                                "text": " "
                            },
                            {
                                "type": "text",
                                "text": "It"
                            },
                            {
                                "type": "text",
                                "text": " "
                            },
                            {
                                "type": "text",
                                "text": "might"
                            },
                            {
                                "type": "text",
                                "text": " also "
                            },
                            {
                                "type": "text",
                                "text": "be"
                            },
                            {
                                "type": "text",
                                "text": " possible "
                            },
                            {
                                "type": "text",
                                "text": "to"
                            },
                            {
                                "type": "text",
                                "text": " "
                            },
                            {
                                "type": "text",
                                "text": "use"
                            },
                            {
                                "type": "text",
                                "text": " "
                            },
                            {
                                "type": "text",
                                "text": "a"
                            },
                            {
                                "type": "text",
                                "text": " regression "
                            },
                            {
                                "type": "text",
                                "text": "that"
                            },
                            {
                                "type": "text",
                                "text": " "
                            },
                            {
                                "type": "text",
                                "text": "penalizes"
                            },
                            {
                                "type": "text",
                                "text": " "
                            },
                            {
                                "type": "text",
                                "text": "the"
                            },
                            {
                                "type": "text",
                                "text": " "
                            },
                            {
                                "type": "text",
                                "text": "size"
                            },
                            {
                                "type": "text",
                                "text": " of estimates "
                            },
                            {
                                "type": "text",
                                "text": "(eg"
                            },
                            {
                                "type": "text",
                                "text": " "
                            },
                            {
                                "type": "text",
                                "text": "ridge"
                            },
                            {
                                "type": "text",
                                "text": " regression"
                            },
                            {
                                "type": "text",
                                "text": ")"
                            },
                            {
                                "type": "text",
                                "text": " "
                            },
                            {
                                "type": "text",
                                "text": "but"
                            },
                            {
                                "type": "text",
                                "text": " "
                            },
                            {
                                "type": "text",
                                "text": "the"
                            },
                            {
                                "type": "text",
                                "text": " author"
                            },
                            {
                                "type": "text",
                                "text": "s"
                            },
                            {
                                "type": "text",
                                "text": " don't mention "
                            },
                            {
                                "type": "text",
                                "text": "that"
                            },
                            {
                                "type": "text",
                                "text": " specifically"
                            },
                            {
                                "type": "text",
                                "text": "."
                            },
                            {
                                "type": "text",
                                "text": "\n"
                            },
                            {
                                "type": "text",
                                "text": "\n"
                            },
                            {
                                "type": "text",
                                "text": "\n"
                            },
                            {
                                "type": "text",
                                "text": "It's "
                            },
                            {
                                "type": "text",
                                "text": "not"
                            },
                            {
                                "type": "text",
                                "text": " "
                            },
                            {
                                "type": "text",
                                "text": "clear"
                            },
                            {
                                "type": "text",
                                "text": " to "
                            },
                            {
                                "type": "text",
                                "text": "me"
                            },
                            {
                                "type": "text",
                                "text": " "
                            },
                            {
                                "type": "text",
                                "text": "that"
                            },
                            {
                                "type": "text",
                                "text": " applying "
                            },
                            {
                                "type": "text",
                                "text": "a"
                            },
                            {
                                "type": "text",
                                "text": " "
                            },
                            {
                                "type": "text",
                                "text": "mixed"
                            },
                            {
                                "type": "text",
                                "text": " "
                            },
                            {
                                "type": "text",
                                "text": "model"
                            },
                            {
                                "type": "text",
                                "text": " "
                            },
                            {
                                "type": "text",
                                "text": "to"
                            },
                            {
                                "type": "text",
                                "text": " "
                            },
                            {
                                "type": "text",
                                "text": "mRNA data"
                            },
                            {
                                "type": "text",
                                "text": " "
                            },
                            {
                                "type": "text",
                                "text": "would"
                            },
                            {
                                "type": "text",
                                "text": " alleviate "
                            },
                            {
                                "type": "text",
                                "text": "the"
                            },
                            {
                                "type": "text",
                                "text": " "
                            },
                            {
                                "type": "text",
                                "text": "need"
                            },
                            {
                                "type": "text",
                                "text": " "
                            },
                            {
                                "type": "text",
                                "text": "to"
                            },
                            {
                                "type": "text",
                                "text": " "
                            },
                            {
                                "type": "text",
                                "text": "correct"
                            },
                            {
                                "type": "text",
                                "text": " "
                            },
                            {
                                "type": "text",
                                "text": "for"
                            },
                            {
                                "type": "text",
                                "text": " "
                            },
                            {
                                "type": "text",
                                "text": "fdr,"
                            },
                            {
                                "type": "text",
                                "text": " "
                            },
                            {
                                "type": "text",
                                "text": "but"
                            },
                            {
                                "type": "text",
                                "text": " "
                            },
                            {
                                "type": "text",
                                "text": "it"
                            },
                            {
                                "type": "text",
                                "text": " might "
                            },
                            {
                                "type": "text",
                                "text": "be"
                            },
                            {
                                "type": "text",
                                "text": " helpful "
                            },
                            {
                                "type": "text",
                                "text": "depending"
                            },
                            {
                                "type": "text",
                                "text": " "
                            },
                            {
                                "type": "text",
                                "text": "on"
                            },
                            {
                                "type": "text",
                                "text": " "
                            },
                            {
                                "type": "text",
                                "text": "the"
                            },
                            {
                                "type": "text",
                                "text": " design"
                            },
                            {
                                "type": "text",
                                "text": "."
                            }
                        ]
                    }
                ]
            }
        ]
    }
]