[
    {
        "user": "U010N31RYMV",
        "type": "message",
        "ts": "1658257309.274539",
        "client_msg_id": "3e29ba93-6344-486a-900a-dda7d2f28b4e",
        "text": "Congrats to Daniel, whose electrical coupling plasticity manuscript is officially *ACCEPTED* at _Journal of Neuroscience_!  CONGRATs, DANIEL!!!!!!!",
        "team": "T1T85P197",
        "user_team": "T1T85P197",
        "source_team": "T1T85P197",
        "user_profile": {
            "avatar_hash": "084d1d915961",
            "image_72": "https:\/\/avatars.slack-edge.com\/2021-06-11\/2162938824690_084d1d915961fd2a1fcb_72.png",
            "first_name": "",
            "real_name": "David Schulz",
            "display_name": "David Schulz",
            "team": "T1T85P197",
            "name": "schulzd",
            "is_restricted": false,
            "is_ultra_restricted": false
        },
        "thread_ts": "1658257309.274539",
        "reply_count": 1,
        "reply_users_count": 1,
        "latest_reply": "1658510691.452939",
        "reply_users": [
            "U1T7R897Y"
        ],
        "replies": [
            {
                "user": "U1T7R897Y",
                "ts": "1658510691.452939"
            }
        ],
        "is_locked": false,
        "subscribed": true,
        "last_read": "1658510691.452939",
        "blocks": [
            {
                "type": "rich_text",
                "block_id": "7lYG",
                "elements": [
                    {
                        "type": "rich_text_section",
                        "elements": [
                            {
                                "type": "text",
                                "text": "Congrats to Daniel, whose electrical coupling plasticity manuscript is officially "
                            },
                            {
                                "type": "text",
                                "text": "ACCEPTED ",
                                "style": {
                                    "bold": true
                                }
                            },
                            {
                                "type": "text",
                                "text": "at "
                            },
                            {
                                "type": "text",
                                "text": "Journal of Neuroscience",
                                "style": {
                                    "italic": true
                                }
                            },
                            {
                                "type": "text",
                                "text": "!  CONGRATs, DANIEL!!!!!!!"
                            }
                        ]
                    }
                ]
            }
        ],
        "reactions": [
            {
                "name": "microscope",
                "users": [
                    "U1T7R897Y"
                ],
                "count": 1
            }
        ]
    }
]