[
    {
        "text": "This is one of those papers that I am always happy when someone takes the time to publish. This is not new, but this is either something I never encountered before, or more likely have found and forgotten multiple times in the past.",
        "files": [
            {
                "id": "F04F1LNRTAA",
                "created": 1671038998,
                "timestamp": 1671038998,
                "name": "A_Direct_Comparison_of_Whole_Cell_Patch_and_Sharp_.pdf",
                "title": "A_Direct_Comparison_of_Whole_Cell_Patch_and_Sharp_.pdf",
                "mimetype": "application\/pdf",
                "filetype": "pdf",
                "pretty_type": "PDF",
                "user": "U010N31RYMV",
                "user_team": "T1T85P197",
                "editable": false,
                "size": 287148,
                "mode": "hosted",
                "is_external": false,
                "external_type": "",
                "is_public": true,
                "public_url_shared": false,
                "display_as_bot": false,
                "username": "",
                "url_private": "https:\/\/files.slack.com\/files-pri\/T1T85P197-F04F1LNRTAA\/a_direct_comparison_of_whole_cell_patch_and_sharp_.pdf?t=xoxe-61277783313-6938219705459-6931704589846-f9456fee8056b431d8cc920b3927c14d",
                "url_private_download": "https:\/\/files.slack.com\/files-pri\/T1T85P197-F04F1LNRTAA\/download\/a_direct_comparison_of_whole_cell_patch_and_sharp_.pdf?t=xoxe-61277783313-6938219705459-6931704589846-f9456fee8056b431d8cc920b3927c14d",
                "media_display_type": "unknown",
                "thumb_pdf": "https:\/\/files.slack.com\/files-tmb\/T1T85P197-F04F1LNRTAA-5c1a4e3794\/a_direct_comparison_of_whole_cell_patch_and_sharp__thumb_pdf.png?t=xoxe-61277783313-6938219705459-6931704589846-f9456fee8056b431d8cc920b3927c14d",
                "thumb_pdf_w": 921,
                "thumb_pdf_h": 1196,
                "permalink": "https:\/\/schulzlab.slack.com\/files\/U010N31RYMV\/F04F1LNRTAA\/a_direct_comparison_of_whole_cell_patch_and_sharp_.pdf",
                "permalink_public": "https:\/\/slack-files.com\/T1T85P197-F04F1LNRTAA-1ad058cf48",
                "is_starred": false,
                "has_rich_preview": false,
                "file_access": "visible"
            }
        ],
        "upload": false,
        "user": "U010N31RYMV",
        "display_as_bot": false,
        "blocks": [
            {
                "type": "rich_text",
                "block_id": "H6iW",
                "elements": [
                    {
                        "type": "rich_text_section",
                        "elements": [
                            {
                                "type": "text",
                                "text": "This is one of those papers that I am always happy when someone takes the time to publish. This is not new, but this is either something I never encountered before, or more likely have found and forgotten multiple times in the past."
                            }
                        ]
                    }
                ]
            }
        ],
        "type": "message",
        "ts": "1671039001.728529",
        "client_msg_id": "e2e56538-f54d-456d-9174-7c5cf3b67959"
    },
    {
        "user": "U0103JSQYLB",
        "type": "message",
        "ts": "1671039158.285249",
        "client_msg_id": "88187344-a66c-4cf2-a93a-af186a93d522",
        "text": "nice!",
        "team": "T1T85P197",
        "user_team": "T1T85P197",
        "source_team": "T1T85P197",
        "user_profile": {
            "avatar_hash": "94bf4a6c3643",
            "image_72": "https:\/\/avatars.slack-edge.com\/2023-05-20\/5309607146049_94bf4a6c3643af0ab428_72.png",
            "first_name": "Joe",
            "real_name": "Joe",
            "display_name": "Joe",
            "team": "T1T85P197",
            "name": "joseviteri",
            "is_restricted": false,
            "is_ultra_restricted": false
        },
        "blocks": [
            {
                "type": "rich_text",
                "block_id": "Mfm",
                "elements": [
                    {
                        "type": "rich_text_section",
                        "elements": [
                            {
                                "type": "text",
                                "text": "nice!"
                            }
                        ]
                    }
                ]
            }
        ]
    }
]