[
    {
        "user": "U010N31RYMV",
        "type": "message",
        "ts": "1671721763.647889",
        "text": "For you Animal Phys folks, or just anyone interested in classic invertebrate Neuroscience. \n<https:\/\/www.frontiersin.org\/articles\/10.3389\/fphys.2022.1052354\/full>",
        "team": "T1T85P197",
        "user_team": "T1T85P197",
        "source_team": "T1T85P197",
        "user_profile": {
            "avatar_hash": "084d1d915961",
            "image_72": "https:\/\/avatars.slack-edge.com\/2021-06-11\/2162938824690_084d1d915961fd2a1fcb_72.png",
            "first_name": "",
            "real_name": "David Schulz",
            "display_name": "David Schulz",
            "team": "T1T85P197",
            "name": "schulzd",
            "is_restricted": false,
            "is_ultra_restricted": false
        },
        "attachments": [
            {
                "from_url": "https:\/\/www.frontiersin.org\/articles\/10.3389\/fphys.2022.1052354\/full",
                "image_url": "https:\/\/www.frontiersin.org\/files\/MyHome%20Article%20Library\/1052354\/1052354_Thumb_400.jpg",
                "image_width": 218,
                "image_height": 250,
                "image_bytes": 23254,
                "service_icon": "https:\/\/3718aeafc638f96f5bd6-d4a9ca15fc46ba40e71f94dec0aad28c.ssl.cf1.rackcdn.com\/favicon_16x16.ico",
                "id": 1,
                "original_url": "https:\/\/www.frontiersin.org\/articles\/10.3389\/fphys.2022.1052354\/full",
                "fallback": "Frontiers: The giant escape neurons of crayfish: Past discoveries and present opportunities",
                "text": "Crayfish are equipped with two prominent neural circuits that control rapid, stereotyped escape behaviors. Central to these circuits are bilateral pairs of giant neurons that transverse the nervous system and generate escape tail-flips in opposite directions away from threatening stimuli.",
                "title": "The giant escape neurons of crayfish: Past discoveries and present opportunities",
                "title_link": "https:\/\/www.frontiersin.org\/articles\/10.3389\/fphys.2022.1052354\/full",
                "service_name": "Frontiers"
            }
        ],
        "blocks": [
            {
                "type": "rich_text",
                "block_id": "0Yl",
                "elements": [
                    {
                        "type": "rich_text_section",
                        "elements": [
                            {
                                "type": "text",
                                "text": "For you Animal Phys folks, or just anyone interested in classic invertebrate Neuroscience. \n"
                            },
                            {
                                "type": "link",
                                "url": "https:\/\/www.frontiersin.org\/articles\/10.3389\/fphys.2022.1052354\/full"
                            }
                        ]
                    }
                ]
            }
        ]
    }
]