[
    {
        "user": "U010N31RYMV",
        "type": "message",
        "ts": "1645473145.108599",
        "client_msg_id": "8578cbba-6f57-4474-940c-9efb155c2ec2",
        "text": "Here is a nice editorial from a graduate student perspective on peer reviewing:\n<https:\/\/elifesciences.org\/articles\/77719?utm_source=content_alert&amp;utm_medium=email&amp;utm_content=fulltext&amp;utm_campaign=21-February-22-elife-alert>",
        "team": "T1T85P197",
        "user_team": "T1T85P197",
        "source_team": "T1T85P197",
        "user_profile": {
            "avatar_hash": "084d1d915961",
            "image_72": "https:\/\/avatars.slack-edge.com\/2021-06-11\/2162938824690_084d1d915961fd2a1fcb_72.png",
            "first_name": "",
            "real_name": "David Schulz",
            "display_name": "David Schulz",
            "team": "T1T85P197",
            "name": "schulzd",
            "is_restricted": false,
            "is_ultra_restricted": false
        },
        "attachments": [
            {
                "from_url": "https:\/\/elifesciences.org\/articles\/77719?utm_source=content_alert&utm_medium=email&utm_content=fulltext&utm_campaign=21-February-22-elife-alert",
                "thumb_url": "https:\/\/iiif.elifesciences.org\/journal-cms\/article%2Fsocial%2F2022-02%2Fsparks-purple.jpg\/full\/full\/0\/default.jpg",
                "thumb_width": 1920,
                "thumb_height": 1080,
                "service_icon": "https:\/\/elifesciences.org\/assets\/favicons\/apple-touch-icon-57x57.1ab0c037.png",
                "id": 1,
                "original_url": "https:\/\/elifesciences.org\/articles\/77719?utm_source=content_alert&amp;utm_medium=email&amp;utm_content=fulltext&amp;utm_campaign=21-February-22-elife-alert",
                "fallback": "eLife: Peer Review: Feeling like a ‘real’ scientist",
                "text": "Peer reviewing helped a graduate student to finally gain a sense of belonging within the research community.",
                "title": "Peer Review: Feeling like a ‘real’ scientist",
                "title_link": "https:\/\/elifesciences.org\/articles\/77719?utm_source=content_alert&utm_medium=email&utm_content=fulltext&utm_campaign=21-February-22-elife-alert",
                "service_name": "eLife"
            }
        ],
        "blocks": [
            {
                "type": "rich_text",
                "block_id": "hh2k",
                "elements": [
                    {
                        "type": "rich_text_section",
                        "elements": [
                            {
                                "type": "text",
                                "text": "Here is a nice editorial from a graduate student perspective on peer reviewing:\n"
                            },
                            {
                                "type": "link",
                                "url": "https:\/\/elifesciences.org\/articles\/77719?utm_source=content_alert&utm_medium=email&utm_content=fulltext&utm_campaign=21-February-22-elife-alert"
                            }
                        ]
                    }
                ]
            }
        ],
        "reactions": [
            {
                "name": "+1",
                "users": [
                    "U02D68LLBAQ"
                ],
                "count": 1
            }
        ]
    },
    {
        "user": "U028ZEAHA6S",
        "type": "message",
        "ts": "1645473950.966979",
        "client_msg_id": "301087e8-a644-47bc-ae5d-dcdcb03961b2",
        "text": "Very much agree with this.  The author also mentions posting reviews on preprints, which I think could be valuable if done more frequently. Sometimes I’ve participated in journal clubs where we dive into a new paper on BioRxiv, and wonder whether the author would appreciate unsolicited feedback.",
        "team": "T1T85P197",
        "user_team": "T1T85P197",
        "source_team": "T1T85P197",
        "user_profile": {
            "avatar_hash": "1839fba3b3db",
            "image_72": "https:\/\/avatars.slack-edge.com\/2021-07-27\/2341195265936_1839fba3b3db46348d0b_72.png",
            "first_name": "",
            "real_name": "Brian Lane",
            "display_name": "Brian Lane",
            "team": "T1T85P197",
            "name": "laneb",
            "is_restricted": false,
            "is_ultra_restricted": false
        },
        "blocks": [
            {
                "type": "rich_text",
                "block_id": "Sqj",
                "elements": [
                    {
                        "type": "rich_text_section",
                        "elements": [
                            {
                                "type": "text",
                                "text": "Very much agree with this.  The author also mentions posting reviews on preprints, which I think could be valuable if done more frequently. Sometimes I’ve participated in journal clubs where we dive into a new paper on BioRxiv, and wonder whether the author would appreciate unsolicited feedback."
                            }
                        ]
                    }
                ]
            }
        ]
    },
    {
        "user": "U028ZEAHA6S",
        "type": "message",
        "ts": "1645474002.561789",
        "client_msg_id": "e8da7c8c-2e8a-407e-8bd6-ee2d77e62b41",
        "text": "But they’re probably going to try to submit that same study to a journal and have to deal with actual reviewers. If done right, it couldn’t hurt and only help.",
        "team": "T1T85P197",
        "user_team": "T1T85P197",
        "source_team": "T1T85P197",
        "user_profile": {
            "avatar_hash": "1839fba3b3db",
            "image_72": "https:\/\/avatars.slack-edge.com\/2021-07-27\/2341195265936_1839fba3b3db46348d0b_72.png",
            "first_name": "",
            "real_name": "Brian Lane",
            "display_name": "Brian Lane",
            "team": "T1T85P197",
            "name": "laneb",
            "is_restricted": false,
            "is_ultra_restricted": false
        },
        "blocks": [
            {
                "type": "rich_text",
                "block_id": "USF",
                "elements": [
                    {
                        "type": "rich_text_section",
                        "elements": [
                            {
                                "type": "text",
                                "text": "But they’re probably going to try to submit that same study to a journal and have to deal with actual reviewers. If done right, it couldn’t hurt and only help."
                            }
                        ]
                    }
                ]
            }
        ]
    },
    {
        "user": "U010N31RYMV",
        "type": "message",
        "ts": "1645474064.441349",
        "client_msg_id": "d0a94201-13f8-4d60-aa42-447c37c55f8c",
        "text": "Some journals _do not_ accept manuscripts that have been posted on a pre-print server.  Always check the fine print before you do so",
        "team": "T1T85P197",
        "user_team": "T1T85P197",
        "source_team": "T1T85P197",
        "user_profile": {
            "avatar_hash": "084d1d915961",
            "image_72": "https:\/\/avatars.slack-edge.com\/2021-06-11\/2162938824690_084d1d915961fd2a1fcb_72.png",
            "first_name": "",
            "real_name": "David Schulz",
            "display_name": "David Schulz",
            "team": "T1T85P197",
            "name": "schulzd",
            "is_restricted": false,
            "is_ultra_restricted": false
        },
        "blocks": [
            {
                "type": "rich_text",
                "block_id": "0Bb",
                "elements": [
                    {
                        "type": "rich_text_section",
                        "elements": [
                            {
                                "type": "text",
                                "text": "Some journals "
                            },
                            {
                                "type": "text",
                                "text": "do not ",
                                "style": {
                                    "italic": true
                                }
                            },
                            {
                                "type": "text",
                                "text": "accept manuscripts that have been posted on a pre-print server.  Always check the fine print before you do so"
                            }
                        ]
                    }
                ]
            }
        ],
        "reactions": [
            {
                "name": "+1",
                "users": [
                    "U028ZEAHA6S"
                ],
                "count": 1
            }
        ]
    }
]