[
    {
        "user": "U0103JSQYLB",
        "type": "message",
        "ts": "1658369954.622769",
        "client_msg_id": "e88331ef-ef0b-49dc-a2cc-1678ac402efa",
        "text": "<https:\/\/www.pnas.org\/doi\/10.1073\/pnas.1521577113> if youre cursed by correlations, interesting paper about the interaction between co-regulated transcripts and co-translation of ion channel subunits",
        "team": "T1T85P197",
        "user_team": "T1T85P197",
        "source_team": "T1T85P197",
        "user_profile": {
            "avatar_hash": "94bf4a6c3643",
            "image_72": "https:\/\/avatars.slack-edge.com\/2023-05-20\/5309607146049_94bf4a6c3643af0ab428_72.png",
            "first_name": "Joe",
            "real_name": "Joe",
            "display_name": "Joe",
            "team": "T1T85P197",
            "name": "joseviteri",
            "is_restricted": false,
            "is_ultra_restricted": false
        },
        "blocks": [
            {
                "type": "rich_text",
                "block_id": "Ooh8V",
                "elements": [
                    {
                        "type": "rich_text_section",
                        "elements": [
                            {
                                "type": "link",
                                "url": "https:\/\/www.pnas.org\/doi\/10.1073\/pnas.1521577113"
                            },
                            {
                                "type": "text",
                                "text": " if youre cursed by correlations, interesting paper about the interaction between co-regulated transcripts and co-translation of ion channel subunits"
                            }
                        ]
                    }
                ]
            }
        ]
    }
]