[
    {
        "user": "U0103JSQYLB",
        "type": "message",
        "ts": "1658182052.855919",
        "client_msg_id": "b0145fc8-2a10-49c2-977f-ef9e243d8720",
        "text": "<https:\/\/elifesciences.org\/articles\/72875> cool shit!",
        "team": "T1T85P197",
        "user_team": "T1T85P197",
        "source_team": "T1T85P197",
        "user_profile": {
            "avatar_hash": "94bf4a6c3643",
            "image_72": "https:\/\/avatars.slack-edge.com\/2023-05-20\/5309607146049_94bf4a6c3643af0ab428_72.png",
            "first_name": "Joe",
            "real_name": "Joe",
            "display_name": "Joe",
            "team": "T1T85P197",
            "name": "joseviteri",
            "is_restricted": false,
            "is_ultra_restricted": false
        },
        "attachments": [
            {
                "from_url": "https:\/\/elifesciences.org\/articles\/72875",
                "thumb_url": "https:\/\/elifesciences.org\/assets\/images\/social\/icon-600x600@1.75dbe4c9.png",
                "thumb_width": 600,
                "thumb_height": 600,
                "service_icon": "https:\/\/elifesciences.org\/assets\/favicons\/apple-touch-icon-57x57.1ab0c037.png",
                "id": 1,
                "original_url": "https:\/\/elifesciences.org\/articles\/72875",
                "fallback": "eLife: Minimal requirements for a neuron to coregulate many properties and the implications for ion channel correlations and robustness",
                "text": "In order to homeostatically regulate many (n) properties at the same time, neurons must coadjust many (n + 1) ion channels with the appropriate ratios, which can lead to ion channel correlations and increased risk of regulation failure.",
                "title": "Minimal requirements for a neuron to coregulate many properties and the implications for ion channel correlations and robustness",
                "title_link": "https:\/\/elifesciences.org\/articles\/72875",
                "service_name": "eLife"
            }
        ],
        "blocks": [
            {
                "type": "rich_text",
                "block_id": "O0mj",
                "elements": [
                    {
                        "type": "rich_text_section",
                        "elements": [
                            {
                                "type": "link",
                                "url": "https:\/\/elifesciences.org\/articles\/72875"
                            },
                            {
                                "type": "text",
                                "text": " cool shit!"
                            }
                        ]
                    }
                ]
            }
        ]
    },
    {
        "user": "U010N31RYMV",
        "type": "message",
        "ts": "1658182237.072029",
        "client_msg_id": "0889ae24-7025-48db-b263-a66476e06008",
        "text": "Not sure who this group is, but they cited the fuck out of us so they must be smart.",
        "team": "T1T85P197",
        "user_team": "T1T85P197",
        "source_team": "T1T85P197",
        "user_profile": {
            "avatar_hash": "084d1d915961",
            "image_72": "https:\/\/avatars.slack-edge.com\/2021-06-11\/2162938824690_084d1d915961fd2a1fcb_72.png",
            "first_name": "",
            "real_name": "David Schulz",
            "display_name": "David Schulz",
            "team": "T1T85P197",
            "name": "schulzd",
            "is_restricted": false,
            "is_ultra_restricted": false
        },
        "blocks": [
            {
                "type": "rich_text",
                "block_id": "sOM",
                "elements": [
                    {
                        "type": "rich_text_section",
                        "elements": [
                            {
                                "type": "text",
                                "text": "Not sure who this group is, but they cited the fuck out of us so they must be smart."
                            }
                        ]
                    }
                ]
            }
        ]
    },
    {
        "user": "U0103JSQYLB",
        "type": "message",
        "ts": "1658182260.301379",
        "client_msg_id": "3adf86a5-1c06-45ea-ad9c-ebc54f685b76",
        "text": "oh yeah. just saw that lol",
        "team": "T1T85P197",
        "user_team": "T1T85P197",
        "source_team": "T1T85P197",
        "user_profile": {
            "avatar_hash": "94bf4a6c3643",
            "image_72": "https:\/\/avatars.slack-edge.com\/2023-05-20\/5309607146049_94bf4a6c3643af0ab428_72.png",
            "first_name": "Joe",
            "real_name": "Joe",
            "display_name": "Joe",
            "team": "T1T85P197",
            "name": "joseviteri",
            "is_restricted": false,
            "is_ultra_restricted": false
        },
        "blocks": [
            {
                "type": "rich_text",
                "block_id": "fZv3D",
                "elements": [
                    {
                        "type": "rich_text_section",
                        "elements": [
                            {
                                "type": "text",
                                "text": "oh yeah. just saw that lol"
                            }
                        ]
                    }
                ]
            }
        ]
    }
]