[
    {
        "user": "U0103JSQYLB",
        "type": "message",
        "ts": "1666294457.400959",
        "client_msg_id": "95826375-FF75-4D1D-A794-46F490938778",
        "text": "<https:\/\/www.nature.com\/articles\/d41586-022-03161-1?utm_medium=Social&amp;utm_campaign=nature&amp;utm_source=Facebook&amp;fbclid=IwAR1Ug0JvXis-BDGwKTpOq-PwWzFsl4vymnEvfNalPFrV5v1PbAAdtERQAQo#Echobox=1666213619|https:\/\/www.nature.com\/articles\/d41586-022-03161-1?utm_medium=Social&amp;utm_campaign=nature&amp;utm_source=Facebook&amp;fbclid=IwAR1Ug0JvXis-BDGwKTpOq-PwWzFsl4vymnEvfNalPFrV5v1PbAAdtERQAQo#Echobox=1666213619>",
        "team": "T1T85P197",
        "user_team": "T1T85P197",
        "source_team": "T1T85P197",
        "user_profile": {
            "avatar_hash": "94bf4a6c3643",
            "image_72": "https:\/\/avatars.slack-edge.com\/2023-05-20\/5309607146049_94bf4a6c3643af0ab428_72.png",
            "first_name": "Joe",
            "real_name": "Joe",
            "display_name": "Joe",
            "team": "T1T85P197",
            "name": "joseviteri",
            "is_restricted": false,
            "is_ultra_restricted": false
        },
        "attachments": [
            {
                "from_url": "https:\/\/www.nature.com\/articles\/d41586-022-03161-1?utm_medium=Social&utm_campaign=nature&utm_source=Facebook&fbclid=IwAR1Ug0JvXis-BDGwKTpOq-PwWzFsl4vymnEvfNalPFrV5v1PbAAdtERQAQo#Echobox=1666213619",
                "image_url": "https:\/\/media.nature.com\/lw1024\/magazine-assets\/d41586-022-03161-1\/d41586-022-03161-1_23604060.png",
                "image_width": 444,
                "image_height": 250,
                "image_bytes": 279747,
                "service_icon": "https:\/\/www.nature.com\/static\/images\/favicons\/nature\/apple-touch-icon-f39cb19454.png",
                "id": 1,
                "original_url": "https:\/\/www.nature.com\/articles\/d41586-022-03161-1?utm_medium=Social&amp;utm_campaign=nature&amp;utm_source=Facebook&amp;fbclid=IwAR1Ug0JvXis-BDGwKTpOq-PwWzFsl4vymnEvfNalPFrV5v1PbAAdtERQAQo#Echobox=1666213619",
                "fallback": "Skin colour affects the accuracy of medical oxygen sensors",
                "text": "Two views on the pigmentation dependence of pulse oximetry.",
                "title": "Skin colour affects the accuracy of medical oxygen sensors",
                "title_link": "https:\/\/www.nature.com\/articles\/d41586-022-03161-1?utm_medium=Social&utm_campaign=nature&utm_source=Facebook&fbclid=IwAR1Ug0JvXis-BDGwKTpOq-PwWzFsl4vymnEvfNalPFrV5v1PbAAdtERQAQo#Echobox=1666213619",
                "service_name": "Nature"
            }
        ],
        "blocks": [
            {
                "type": "rich_text",
                "block_id": "3QxXY",
                "elements": [
                    {
                        "type": "rich_text_section",
                        "elements": [
                            {
                                "type": "link",
                                "url": "https:\/\/www.nature.com\/articles\/d41586-022-03161-1?utm_medium=Social&utm_campaign=nature&utm_source=Facebook&fbclid=IwAR1Ug0JvXis-BDGwKTpOq-PwWzFsl4vymnEvfNalPFrV5v1PbAAdtERQAQo#Echobox=1666213619",
                                "text": "https:\/\/www.nature.com\/articles\/d41586-022-03161-1?utm_medium=Social&utm_campaign=nature&utm_source=Facebook&fbclid=IwAR1Ug0JvXis-BDGwKTpOq-PwWzFsl4vymnEvfNalPFrV5v1PbAAdtERQAQo#Echobox=1666213619"
                            }
                        ]
                    }
                ]
            }
        ]
    },
    {
        "user": "U0103JSQYLB",
        "type": "message",
        "ts": "1666294460.364359",
        "client_msg_id": "3A06A8D6-93BD-4E84-ACAC-96BB31F5A11C",
        "text": "Crazy ",
        "team": "T1T85P197",
        "user_team": "T1T85P197",
        "source_team": "T1T85P197",
        "user_profile": {
            "avatar_hash": "94bf4a6c3643",
            "image_72": "https:\/\/avatars.slack-edge.com\/2023-05-20\/5309607146049_94bf4a6c3643af0ab428_72.png",
            "first_name": "Joe",
            "real_name": "Joe",
            "display_name": "Joe",
            "team": "T1T85P197",
            "name": "joseviteri",
            "is_restricted": false,
            "is_ultra_restricted": false
        },
        "blocks": [
            {
                "type": "rich_text",
                "block_id": "qHIgV",
                "elements": [
                    {
                        "type": "rich_text_section",
                        "elements": [
                            {
                                "type": "text",
                                "text": "Crazy "
                            }
                        ]
                    }
                ]
            }
        ]
    },
    {
        "user": "U0112A19YFN",
        "type": "message",
        "ts": "1666295078.787189",
        "client_msg_id": "79314050-1f62-4870-bded-decb91ad0726",
        "text": "I knew about this which is why I always ask for it to be done manually too in the ER. They hate it, but are always surprised when they find my heart rate is 115 instead of 86",
        "team": "T1T85P197",
        "user_team": "T1T85P197",
        "source_team": "T1T85P197",
        "user_profile": {
            "avatar_hash": "82931094ef90",
            "image_72": "https:\/\/avatars.slack-edge.com\/2022-06-17\/3708168624352_82931094ef904079310a_72.jpg",
            "first_name": "",
            "real_name": "Sherryl",
            "display_name": "Sherryl",
            "team": "T1T85P197",
            "name": "sherryl.henderson",
            "is_restricted": false,
            "is_ultra_restricted": false
        },
        "blocks": [
            {
                "type": "rich_text",
                "block_id": "6pbE",
                "elements": [
                    {
                        "type": "rich_text_section",
                        "elements": [
                            {
                                "type": "text",
                                "text": "I knew about this which is why I always ask for it to be done manually too in the ER. They hate it, but are always surprised when they find my heart rate is 115 instead of 86"
                            }
                        ]
                    }
                ]
            }
        ]
    },
    {
        "user": "U0103JSQYLB",
        "type": "message",
        "ts": "1666295125.240119",
        "client_msg_id": "0043130A-7033-4E38-A0DD-C431A94E9FB9",
        "text": "Holy shit. That’s bananas. ",
        "team": "T1T85P197",
        "user_team": "T1T85P197",
        "source_team": "T1T85P197",
        "user_profile": {
            "avatar_hash": "94bf4a6c3643",
            "image_72": "https:\/\/avatars.slack-edge.com\/2023-05-20\/5309607146049_94bf4a6c3643af0ab428_72.png",
            "first_name": "Joe",
            "real_name": "Joe",
            "display_name": "Joe",
            "team": "T1T85P197",
            "name": "joseviteri",
            "is_restricted": false,
            "is_ultra_restricted": false
        },
        "blocks": [
            {
                "type": "rich_text",
                "block_id": "EhXzQ",
                "elements": [
                    {
                        "type": "rich_text_section",
                        "elements": [
                            {
                                "type": "text",
                                "text": "Holy shit"
                            },
                            {
                                "type": "text",
                                "text": "."
                            },
                            {
                                "type": "text",
                                "text": " "
                            },
                            {
                                "type": "text",
                                "text": "That’s"
                            },
                            {
                                "type": "text",
                                "text": " bananas"
                            },
                            {
                                "type": "text",
                                "text": "."
                            },
                            {
                                "type": "text",
                                "text": " "
                            }
                        ]
                    }
                ]
            }
        ]
    },
    {
        "user": "U0112A19YFN",
        "type": "message",
        "ts": "1666295222.885459",
        "client_msg_id": "5f60e502-ab59-44df-8aa2-5b105fc52b1c",
        "text": "yup my resting is 102 because of metabolic syndromes and shoots to 115-120 when I'm in pain",
        "team": "T1T85P197",
        "user_team": "T1T85P197",
        "source_team": "T1T85P197",
        "user_profile": {
            "avatar_hash": "82931094ef90",
            "image_72": "https:\/\/avatars.slack-edge.com\/2022-06-17\/3708168624352_82931094ef904079310a_72.jpg",
            "first_name": "",
            "real_name": "Sherryl",
            "display_name": "Sherryl",
            "team": "T1T85P197",
            "name": "sherryl.henderson",
            "is_restricted": false,
            "is_ultra_restricted": false
        },
        "blocks": [
            {
                "type": "rich_text",
                "block_id": "8w1",
                "elements": [
                    {
                        "type": "rich_text_section",
                        "elements": [
                            {
                                "type": "text",
                                "text": "yup my resting is 102 because of metabolic syndromes and shoots to 115-120 when I'm in pain"
                            }
                        ]
                    }
                ]
            }
        ]
    }
]