[
    {
        "user": "U010N31RYMV",
        "type": "message",
        "ts": "1658403260.416789",
        "client_msg_id": "E2C0F40A-ADD2-4DBD-B7DC-BFA3A4B58A26",
        "text": "This paper does not seem to cite us at all…and therefore has no business being published. ",
        "team": "T1T85P197",
        "user_team": "T1T85P197",
        "source_team": "T1T85P197",
        "user_profile": {
            "avatar_hash": "084d1d915961",
            "image_72": "https:\/\/avatars.slack-edge.com\/2021-06-11\/2162938824690_084d1d915961fd2a1fcb_72.png",
            "first_name": "",
            "real_name": "David Schulz",
            "display_name": "David Schulz",
            "team": "T1T85P197",
            "name": "schulzd",
            "is_restricted": false,
            "is_ultra_restricted": false
        },
        "blocks": [
            {
                "type": "rich_text",
                "block_id": "SsB",
                "elements": [
                    {
                        "type": "rich_text_section",
                        "elements": [
                            {
                                "type": "text",
                                "text": "This paper does not seem to cite us at all…and therefore has no business being published. "
                            }
                        ]
                    }
                ]
            }
        ],
        "reactions": [
            {
                "name": "joy",
                "users": [
                    "U0103JSQYLB"
                ],
                "count": 1
            }
        ]
    }
]