[
    {
        "user": "U0112A19YFN",
        "type": "message",
        "ts": "1656630483.471959",
        "text": "\n<https:\/\/www.sciencedirect.com\/science\/article\/pii\/S0959437X20300551>",
        "team": "T1T85P197",
        "user_team": "T1T85P197",
        "source_team": "T1T85P197",
        "user_profile": {
            "avatar_hash": "82931094ef90",
            "image_72": "https:\/\/avatars.slack-edge.com\/2022-06-17\/3708168624352_82931094ef904079310a_72.jpg",
            "first_name": "",
            "real_name": "Sherryl",
            "display_name": "Sherryl",
            "team": "T1T85P197",
            "name": "sherryl.henderson",
            "is_restricted": false,
            "is_ultra_restricted": false
        },
        "attachments": [
            {
                "from_url": "https:\/\/www.sciencedirect.com\/science\/article\/pii\/S0959437X20300551",
                "thumb_url": "https:\/\/ars.els-cdn.com\/content\/image\/1-s2.0-S0959437X20X00074-cov150h.gif",
                "thumb_width": 114,
                "thumb_height": 150,
                "service_icon": "https:\/\/sdfestaticassets-us-east-1.sciencedirectassets.com\/shared-assets\/13\/images\/favSD.ico",
                "id": 1,
                "original_url": "https:\/\/www.sciencedirect.com\/science\/article\/pii\/S0959437X20300551",
                "fallback": "The evolution of the human brain and disease susceptibility",
                "text": "Evolutionary perspective is critical for understanding human biology, human medicine, and the traits that make human beings unique. One of the crucial…",
                "title": "The evolution of the human brain and disease susceptibility",
                "title_link": "https:\/\/www.sciencedirect.com\/science\/article\/pii\/S0959437X20300551",
                "service_name": "sciencedirect.com"
            }
        ],
        "blocks": [
            {
                "type": "rich_text",
                "block_id": "mbem",
                "elements": [
                    {
                        "type": "rich_text_section",
                        "elements": [
                            {
                                "type": "link",
                                "url": "https:\/\/www.sciencedirect.com\/science\/article\/pii\/S0959437X20300551"
                            }
                        ]
                    }
                ]
            }
        ]
    }
]