[
    {
        "text": "pretty crazy we can do this now. you can select a brain region and the transmitter associated. here is primary motor cortex layer 5. most cells are glutametergic, which makes sense",
        "files": [
            {
                "id": "F06ATSULCTA",
                "created": 1702552905,
                "timestamp": 1702552905,
                "name": "image.png",
                "title": "image.png",
                "mimetype": "image\/png",
                "filetype": "png",
                "pretty_type": "PNG",
                "user": "U0103JSQYLB",
                "user_team": "T1T85P197",
                "editable": false,
                "size": 770258,
                "mode": "hosted",
                "is_external": false,
                "external_type": "",
                "is_public": true,
                "public_url_shared": false,
                "display_as_bot": false,
                "username": "",
                "url_private": "https:\/\/files.slack.com\/files-pri\/T1T85P197-F06ATSULCTA\/image.png?t=xoxe-61277783313-6938219705459-6931704589846-f9456fee8056b431d8cc920b3927c14d",
                "url_private_download": "https:\/\/files.slack.com\/files-pri\/T1T85P197-F06ATSULCTA\/download\/image.png?t=xoxe-61277783313-6938219705459-6931704589846-f9456fee8056b431d8cc920b3927c14d",
                "media_display_type": "unknown",
                "thumb_64": "https:\/\/files.slack.com\/files-tmb\/T1T85P197-F06ATSULCTA-c646ec8917\/image_64.png?t=xoxe-61277783313-6938219705459-6931704589846-f9456fee8056b431d8cc920b3927c14d",
                "thumb_80": "https:\/\/files.slack.com\/files-tmb\/T1T85P197-F06ATSULCTA-c646ec8917\/image_80.png?t=xoxe-61277783313-6938219705459-6931704589846-f9456fee8056b431d8cc920b3927c14d",
                "thumb_360": "https:\/\/files.slack.com\/files-tmb\/T1T85P197-F06ATSULCTA-c646ec8917\/image_360.png?t=xoxe-61277783313-6938219705459-6931704589846-f9456fee8056b431d8cc920b3927c14d",
                "thumb_360_w": 360,
                "thumb_360_h": 244,
                "thumb_480": "https:\/\/files.slack.com\/files-tmb\/T1T85P197-F06ATSULCTA-c646ec8917\/image_480.png?t=xoxe-61277783313-6938219705459-6931704589846-f9456fee8056b431d8cc920b3927c14d",
                "thumb_480_w": 480,
                "thumb_480_h": 325,
                "thumb_160": "https:\/\/files.slack.com\/files-tmb\/T1T85P197-F06ATSULCTA-c646ec8917\/image_160.png?t=xoxe-61277783313-6938219705459-6931704589846-f9456fee8056b431d8cc920b3927c14d",
                "thumb_720": "https:\/\/files.slack.com\/files-tmb\/T1T85P197-F06ATSULCTA-c646ec8917\/image_720.png?t=xoxe-61277783313-6938219705459-6931704589846-f9456fee8056b431d8cc920b3927c14d",
                "thumb_720_w": 720,
                "thumb_720_h": 488,
                "thumb_800": "https:\/\/files.slack.com\/files-tmb\/T1T85P197-F06ATSULCTA-c646ec8917\/image_800.png?t=xoxe-61277783313-6938219705459-6931704589846-f9456fee8056b431d8cc920b3927c14d",
                "thumb_800_w": 800,
                "thumb_800_h": 542,
                "thumb_960": "https:\/\/files.slack.com\/files-tmb\/T1T85P197-F06ATSULCTA-c646ec8917\/image_960.png?t=xoxe-61277783313-6938219705459-6931704589846-f9456fee8056b431d8cc920b3927c14d",
                "thumb_960_w": 960,
                "thumb_960_h": 651,
                "thumb_1024": "https:\/\/files.slack.com\/files-tmb\/T1T85P197-F06ATSULCTA-c646ec8917\/image_1024.png?t=xoxe-61277783313-6938219705459-6931704589846-f9456fee8056b431d8cc920b3927c14d",
                "thumb_1024_w": 1024,
                "thumb_1024_h": 694,
                "original_w": 2576,
                "original_h": 1746,
                "thumb_tiny": "AwAgADCiT34ptOPBpygMwAyM0AR5pKBzTwBj3oAZRTwB3ppFADzxSqAXHvSNSxn94OlAEQp1N7UtADqQ0nNFAH\/\/2Q==",
                "permalink": "https:\/\/schulzlab.slack.com\/files\/U0103JSQYLB\/F06ATSULCTA\/image.png",
                "permalink_public": "https:\/\/slack-files.com\/T1T85P197-F06ATSULCTA-c2125fb9dd",
                "is_starred": false,
                "has_rich_preview": false,
                "file_access": "visible"
            }
        ],
        "upload": false,
        "user": "U0103JSQYLB",
        "display_as_bot": false,
        "blocks": [
            {
                "type": "rich_text",
                "block_id": "Fo5jC",
                "elements": [
                    {
                        "type": "rich_text_section",
                        "elements": [
                            {
                                "type": "text",
                                "text": "pretty crazy we can do this now. you can select a brain region and the transmitter associated. here is primary motor cortex layer 5. most cells are glutametergic, which makes sense"
                            }
                        ]
                    }
                ]
            }
        ],
        "type": "message",
        "ts": "1702552942.637799",
        "client_msg_id": "778459b1-256d-4113-ad11-df3d09e5b874"
    },
    {
        "user": "U010N31RYMV",
        "type": "message",
        "ts": "1702559893.138379",
        "edited": {
            "user": "U010N31RYMV",
            "ts": "1702559916.000000"
        },
        "client_msg_id": "7FEC0C34-8598-4E06-A9AA-72A3BD9E6FF4",
        "text": "Seeing this and the overwhelming nature of it makes me never happier to not give a single shit about mouse brains. Good luck, suckers.  \n\nNow when we do this for the leech ganglion, that will be something. ",
        "team": "T1T85P197",
        "user_team": "T1T85P197",
        "source_team": "T1T85P197",
        "user_profile": {
            "avatar_hash": "084d1d915961",
            "image_72": "https:\/\/avatars.slack-edge.com\/2021-06-11\/2162938824690_084d1d915961fd2a1fcb_72.png",
            "first_name": "",
            "real_name": "David Schulz",
            "display_name": "David Schulz",
            "team": "T1T85P197",
            "name": "schulzd",
            "is_restricted": false,
            "is_ultra_restricted": false
        },
        "blocks": [
            {
                "type": "rich_text",
                "block_id": "f9Jhx",
                "elements": [
                    {
                        "type": "rich_text_section",
                        "elements": [
                            {
                                "type": "text",
                                "text": "Seeing this and the overwhelming nature of it makes me never happier to not give a single shit about mouse brains. Good luck, suckers.  \n\nNow when we do this for the leech ganglion, that will be something. "
                            }
                        ]
                    }
                ]
            }
        ]
    }
]