[
    {
        "user": "U010N31RYMV",
        "type": "message",
        "ts": "1675983165.655819",
        "client_msg_id": "ef10b447-fb44-4795-bc45-e01abfe52f09",
        "text": "I found the ideas encapsulated in this paper really interesting, but not the actual content itself:\n<https:\/\/genomebiology.biomedcentral.com\/articles\/10.1186\/s13059-018-1451-z>",
        "team": "T1T85P197",
        "user_team": "T1T85P197",
        "source_team": "T1T85P197",
        "user_profile": {
            "avatar_hash": "084d1d915961",
            "image_72": "https:\/\/avatars.slack-edge.com\/2021-06-11\/2162938824690_084d1d915961fd2a1fcb_72.png",
            "first_name": "",
            "real_name": "David Schulz",
            "display_name": "David Schulz",
            "team": "T1T85P197",
            "name": "schulzd",
            "is_restricted": false,
            "is_ultra_restricted": false
        },
        "attachments": [
            {
                "from_url": "https:\/\/genomebiology.biomedcentral.com\/articles\/10.1186\/s13059-018-1451-z",
                "image_url": "https:\/\/media.springernature.com\/w200\/springer-static\/cover\/journal\/13059.jpg",
                "image_width": 177,
                "image_height": 250,
                "image_bytes": 12187,
                "service_icon": "https:\/\/genomebiology.biomedcentral.com\/static\/img\/favicons\/bmc\/apple-touch-icon-582ef1d0f5.png",
                "id": 1,
                "original_url": "https:\/\/genomebiology.biomedcentral.com\/articles\/10.1186\/s13059-018-1451-z",
                "fallback": "BioMed Central: Post-translational buffering leads to convergent protein expression levels between primates - Genome Biology",
                "text": "Background Differences in gene regulation between human and closely related species influence phenotypes that are distinctly human. While gene regulation is a multi-step process, the majority of research concerning divergence in gene regulation among primates has focused on transcription. Results To gain a comprehensive view of gene regulation, we surveyed genome-wide ribosome occupancy, which reflects levels of protein translation, in lymphoblastoid cell lines derived from human, chimpanzee, and rhesus macaque. We further integrated messenger RNA and protein level measurements collected from matching cell lines. We find that, in addition to transcriptional regulation, the major factor determining protein level divergence between human and closely related species is post-translational buffering. Inter-species divergence in transcription is generally propagated to the level of protein translation. In contrast, gene expression divergence is often attenuated post-translationally, potentially mediated through post-translational modifications. Conclusions Results from our analysis indicate that post-translational buffering is a conserved mechanism that led to relaxation of selective constraint on transcript levels in humans.",
                "title": "Post-translational buffering leads to convergent protein expression levels between primates - Genome Biology",
                "title_link": "https:\/\/genomebiology.biomedcentral.com\/articles\/10.1186\/s13059-018-1451-z",
                "service_name": "BioMed Central"
            }
        ],
        "blocks": [
            {
                "type": "rich_text",
                "block_id": "t54QR",
                "elements": [
                    {
                        "type": "rich_text_section",
                        "elements": [
                            {
                                "type": "text",
                                "text": "I found the ideas encapsulated in this paper really interesting, but not the actual content itself:\n"
                            },
                            {
                                "type": "link",
                                "url": "https:\/\/genomebiology.biomedcentral.com\/articles\/10.1186\/s13059-018-1451-z"
                            }
                        ]
                    }
                ]
            }
        ]
    },
    {
        "user": "U010N31RYMV",
        "type": "message",
        "ts": "1675983270.686259",
        "client_msg_id": "e661954b-5ff9-4253-8070-6144253e323d",
        "text": "In effect, what I believe this is stating is that you can have lots of variability at the mRNA stage, but it doesn't matter at the functional stage because the translation is limited by the availability of the ribosomal subunits to process that RNA.  <@U0103JSQYLB> this is similar to the miRNA stuff we just discussed, but in reverse in some ways. In all of my massive spare time, I need to do some digging into the concept of \"post-translational buffering.\"",
        "team": "T1T85P197",
        "user_team": "T1T85P197",
        "source_team": "T1T85P197",
        "user_profile": {
            "avatar_hash": "084d1d915961",
            "image_72": "https:\/\/avatars.slack-edge.com\/2021-06-11\/2162938824690_084d1d915961fd2a1fcb_72.png",
            "first_name": "",
            "real_name": "David Schulz",
            "display_name": "David Schulz",
            "team": "T1T85P197",
            "name": "schulzd",
            "is_restricted": false,
            "is_ultra_restricted": false
        },
        "blocks": [
            {
                "type": "rich_text",
                "block_id": "JQ5",
                "elements": [
                    {
                        "type": "rich_text_section",
                        "elements": [
                            {
                                "type": "text",
                                "text": "In effect, what I believe this is stating is that you can have lots of variability at the mRNA stage, but it doesn't matter at the functional stage because the translation is limited by the availability of the ribosomal subunits to process that RNA.  "
                            },
                            {
                                "type": "user",
                                "user_id": "U0103JSQYLB"
                            },
                            {
                                "type": "text",
                                "text": " this is similar to the miRNA stuff we just discussed, but in reverse in some ways. In all of my massive spare time, I need to do some digging into the concept of \"post-translational buffering.\""
                            }
                        ]
                    }
                ]
            }
        ]
    }
]