[
    {
        "user": "U010N31RYMV",
        "type": "message",
        "ts": "1695862552.499249",
        "text": "What is this witchcraft?\n<https:\/\/www.nature.com\/articles\/s41586-023-06569-5>",
        "team": "T1T85P197",
        "user_team": "T1T85P197",
        "source_team": "T1T85P197",
        "user_profile": {
            "avatar_hash": "084d1d915961",
            "image_72": "https:\/\/avatars.slack-edge.com\/2021-06-11\/2162938824690_084d1d915961fd2a1fcb_72.png",
            "first_name": "",
            "real_name": "David Schulz",
            "display_name": "David Schulz",
            "team": "T1T85P197",
            "name": "schulzd",
            "is_restricted": false,
            "is_ultra_restricted": false
        },
        "attachments": [
            {
                "image_url": "https:\/\/media.springernature.com\/full\/springer-static\/image\/art%3A10.1038%2Fs41586-023-06569-5\/MediaObjects\/41586_2023_6569_Fig1_HTML.png",
                "image_width": 2124,
                "image_height": 1972,
                "image_bytes": 3254108,
                "from_url": "https:\/\/www.nature.com\/articles\/s41586-023-06569-5",
                "service_icon": "https:\/\/www.nature.com\/static\/images\/favicons\/nature\/apple-touch-icon-f39cb19454.png",
                "id": 1,
                "original_url": "https:\/\/www.nature.com\/articles\/s41586-023-06569-5",
                "fallback": "Nature: Spatial atlas of the mouse central nervous system at molecular resolution",
                "text": "Nature - In situ spatial transcriptomic analysis of more than 1 million cells are used to create a 200-nm-resolution spatial molecular atlas of the adult mouse central nervous system and identify...",
                "title": "Spatial atlas of the mouse central nervous system at molecular resolution",
                "title_link": "https:\/\/www.nature.com\/articles\/s41586-023-06569-5",
                "service_name": "Nature"
            }
        ],
        "blocks": [
            {
                "type": "rich_text",
                "block_id": "\/evcS",
                "elements": [
                    {
                        "type": "rich_text_section",
                        "elements": [
                            {
                                "type": "text",
                                "text": "What is this witchcraft?\n"
                            },
                            {
                                "type": "link",
                                "url": "https:\/\/www.nature.com\/articles\/s41586-023-06569-5"
                            }
                        ]
                    }
                ]
            }
        ]
    }
]