[
    {
        "user": "U010N31RYMV",
        "type": "message",
        "ts": "1699802211.690619",
        "text": "Dropping papers related to cool talks seen at SFN here for later reference or for anyone interested. \n<https:\/\/www.nature.com\/articles\/s41467-023-36587-w>",
        "team": "T1T85P197",
        "user_team": "T1T85P197",
        "source_team": "T1T85P197",
        "user_profile": {
            "avatar_hash": "084d1d915961",
            "image_72": "https:\/\/avatars.slack-edge.com\/2021-06-11\/2162938824690_084d1d915961fd2a1fcb_72.png",
            "first_name": "",
            "real_name": "David Schulz",
            "display_name": "David Schulz",
            "team": "T1T85P197",
            "name": "schulzd",
            "is_restricted": false,
            "is_ultra_restricted": false
        },
        "attachments": [
            {
                "from_url": "https:\/\/www.nature.com\/articles\/s41467-023-36587-w",
                "image_url": "https:\/\/media.springernature.com\/full\/springer-static\/image\/art%3A10.1038%2Fs41467-023-36587-w\/MediaObjects\/41467_2023_36587_Fig1_HTML.png",
                "image_width": 1936,
                "image_height": 2492,
                "image_bytes": 1833205,
                "service_icon": "https:\/\/www.nature.com\/static\/images\/favicons\/nature\/apple-touch-icon-f39cb19454.png",
                "id": 1,
                "original_url": "https:\/\/www.nature.com\/articles\/s41467-023-36587-w",
                "fallback": "Nature: Deconstructing the modular organization and real-time dynamics of mammalian spinal locomotor networks",
                "text": "Nature Communications - Where and how the command signal for initiation of locomotion is integrated in the spinal cord has remained unresolved. Here, the authors uncover the functional chain of...",
                "title": "Deconstructing the modular organization and real-time dynamics of mammalian spinal locomotor networks",
                "title_link": "https:\/\/www.nature.com\/articles\/s41467-023-36587-w",
                "service_name": "Nature"
            }
        ],
        "blocks": [
            {
                "type": "rich_text",
                "block_id": "GwU",
                "elements": [
                    {
                        "type": "rich_text_section",
                        "elements": [
                            {
                                "type": "text",
                                "text": "Dropping papers related to cool talks seen at SFN here for later reference or for anyone interested. \n"
                            },
                            {
                                "type": "link",
                                "url": "https:\/\/www.nature.com\/articles\/s41467-023-36587-w"
                            }
                        ]
                    }
                ]
            }
        ]
    },
    {
        "user": "U010N31RYMV",
        "type": "message",
        "ts": "1699802261.840389",
        "client_msg_id": "F8F73A51-BA68-4D95-A637-33F6C2A02BFA",
        "text": "Please feel free to do the same. ",
        "team": "T1T85P197",
        "user_team": "T1T85P197",
        "source_team": "T1T85P197",
        "user_profile": {
            "avatar_hash": "084d1d915961",
            "image_72": "https:\/\/avatars.slack-edge.com\/2021-06-11\/2162938824690_084d1d915961fd2a1fcb_72.png",
            "first_name": "",
            "real_name": "David Schulz",
            "display_name": "David Schulz",
            "team": "T1T85P197",
            "name": "schulzd",
            "is_restricted": false,
            "is_ultra_restricted": false
        },
        "blocks": [
            {
                "type": "rich_text",
                "block_id": "U0xga",
                "elements": [
                    {
                        "type": "rich_text_section",
                        "elements": [
                            {
                                "type": "text",
                                "text": "Please feel free to do the same"
                            },
                            {
                                "type": "text",
                                "text": "."
                            },
                            {
                                "type": "text",
                                "text": " "
                            }
                        ]
                    }
                ]
            }
        ]
    }
]