[
    {
        "user": "U010N31RYMV",
        "type": "message",
        "ts": "1702520515.944449",
        "text": "Pretty crazy. But what’s it good for? To be determined. \n<https:\/\/alleninstitute.org\/news\/scientists-unveil-first-complete-cellular-map-of-adult-mouse-brain\/>",
        "team": "T1T85P197",
        "user_team": "T1T85P197",
        "source_team": "T1T85P197",
        "user_profile": {
            "avatar_hash": "084d1d915961",
            "image_72": "https:\/\/avatars.slack-edge.com\/2021-06-11\/2162938824690_084d1d915961fd2a1fcb_72.png",
            "first_name": "",
            "real_name": "David Schulz",
            "display_name": "David Schulz",
            "team": "T1T85P197",
            "name": "schulzd",
            "is_restricted": false,
            "is_ultra_restricted": false
        },
        "attachments": [
            {
                "image_url": "https:\/\/alleninstitute.org\/wp-content\/uploads\/2023\/12\/Whole-Mouse-Brain-Cells-Header-Low-Res.jpg",
                "image_width": 1995,
                "image_height": 1225,
                "image_bytes": 440950,
                "from_url": "https:\/\/alleninstitute.org\/news\/scientists-unveil-first-complete-cellular-map-of-adult-mouse-brain\/",
                "service_icon": "https:\/\/alleninstitute.org\/wp-content\/uploads\/2022\/11\/cropped-favicon-180x180.png",
                "id": 1,
                "original_url": "https:\/\/alleninstitute.org\/news\/scientists-unveil-first-complete-cellular-map-of-adult-mouse-brain\/",
                "fallback": "Allen Institute: Scientists unveil first complete cellular map of adult mouse brain",
                "text": "High-resolution atlas charts neural neighborhoods for more than 5,300 cell types.",
                "title": "Scientists unveil first complete cellular map of adult mouse brain",
                "title_link": "https:\/\/alleninstitute.org\/news\/scientists-unveil-first-complete-cellular-map-of-adult-mouse-brain\/",
                "service_name": "Allen Institute"
            }
        ],
        "blocks": [
            {
                "type": "rich_text",
                "block_id": "RfK",
                "elements": [
                    {
                        "type": "rich_text_section",
                        "elements": [
                            {
                                "type": "text",
                                "text": "Pretty crazy. But what’s it good for? To be determined. \n"
                            },
                            {
                                "type": "link",
                                "url": "https:\/\/alleninstitute.org\/news\/scientists-unveil-first-complete-cellular-map-of-adult-mouse-brain\/"
                            }
                        ]
                    }
                ]
            }
        ]
    },
    {
        "user": "U0112A19YFN",
        "type": "message",
        "ts": "1702520569.161459",
        "client_msg_id": "BBBDBB48-2DBE-4583-8958-334A92906944",
        "text": "Holy shit",
        "team": "T1T85P197",
        "user_team": "T1T85P197",
        "source_team": "T1T85P197",
        "user_profile": {
            "avatar_hash": "82931094ef90",
            "image_72": "https:\/\/avatars.slack-edge.com\/2022-06-17\/3708168624352_82931094ef904079310a_72.jpg",
            "first_name": "",
            "real_name": "Sherryl",
            "display_name": "Sherryl",
            "team": "T1T85P197",
            "name": "sherryl.henderson",
            "is_restricted": false,
            "is_ultra_restricted": false
        },
        "blocks": [
            {
                "type": "rich_text",
                "block_id": "F4juE",
                "elements": [
                    {
                        "type": "rich_text_section",
                        "elements": [
                            {
                                "type": "text",
                                "text": "Holy shit"
                            }
                        ]
                    }
                ]
            }
        ]
    },
    {
        "user": "U0112A19YFN",
        "type": "message",
        "ts": "1702520648.955639",
        "client_msg_id": "7DB96942-29E5-4BAB-927B-C20C0A0EBDEA",
        "text": "This is super cool!",
        "team": "T1T85P197",
        "user_team": "T1T85P197",
        "source_team": "T1T85P197",
        "user_profile": {
            "avatar_hash": "82931094ef90",
            "image_72": "https:\/\/avatars.slack-edge.com\/2022-06-17\/3708168624352_82931094ef904079310a_72.jpg",
            "first_name": "",
            "real_name": "Sherryl",
            "display_name": "Sherryl",
            "team": "T1T85P197",
            "name": "sherryl.henderson",
            "is_restricted": false,
            "is_ultra_restricted": false
        },
        "blocks": [
            {
                "type": "rich_text",
                "block_id": "oY05K",
                "elements": [
                    {
                        "type": "rich_text_section",
                        "elements": [
                            {
                                "type": "text",
                                "text": "This is super cool!"
                            }
                        ]
                    }
                ]
            }
        ]
    },
    {
        "user": "U010N31RYMV",
        "type": "message",
        "ts": "1702520724.099959",
        "client_msg_id": "A9E5BA02-5745-48E6-A651-E1DFE75C4D9E",
        "text": "I don’t think I’ve ever heard of 10 Nature papers strung together before.  ",
        "team": "T1T85P197",
        "user_team": "T1T85P197",
        "source_team": "T1T85P197",
        "user_profile": {
            "avatar_hash": "084d1d915961",
            "image_72": "https:\/\/avatars.slack-edge.com\/2021-06-11\/2162938824690_084d1d915961fd2a1fcb_72.png",
            "first_name": "",
            "real_name": "David Schulz",
            "display_name": "David Schulz",
            "team": "T1T85P197",
            "name": "schulzd",
            "is_restricted": false,
            "is_ultra_restricted": false
        },
        "blocks": [
            {
                "type": "rich_text",
                "block_id": "uI+zJ",
                "elements": [
                    {
                        "type": "rich_text_section",
                        "elements": [
                            {
                                "type": "text",
                                "text": "I don’t"
                            },
                            {
                                "type": "text",
                                "text": " think "
                            },
                            {
                                "type": "text",
                                "text": "I’ve"
                            },
                            {
                                "type": "text",
                                "text": " ever heard of 10 Nature papers strung together before"
                            },
                            {
                                "type": "text",
                                "text": "."
                            },
                            {
                                "type": "text",
                                "text": "  "
                            }
                        ]
                    }
                ]
            }
        ]
    }
]