[
    {
        "user": "U010N31RYMV",
        "type": "message",
        "ts": "1689172034.950079",
        "text": "\n<https:\/\/journals.physiology.org\/doi\/full\/10.1152\/jn.00380.2022>",
        "team": "T1T85P197",
        "user_team": "T1T85P197",
        "source_team": "T1T85P197",
        "user_profile": {
            "avatar_hash": "084d1d915961",
            "image_72": "https:\/\/avatars.slack-edge.com\/2021-06-11\/2162938824690_084d1d915961fd2a1fcb_72.png",
            "first_name": "",
            "real_name": "David Schulz",
            "display_name": "David Schulz",
            "team": "T1T85P197",
            "name": "schulzd",
            "is_restricted": false,
            "is_ultra_restricted": false
        },
        "blocks": [
            {
                "type": "rich_text",
                "block_id": "hKH",
                "elements": [
                    {
                        "type": "rich_text_section",
                        "elements": [
                            {
                                "type": "link",
                                "url": "https:\/\/journals.physiology.org\/doi\/full\/10.1152\/jn.00380.2022"
                            }
                        ]
                    }
                ]
            }
        ]
    },
    {
        "text": "",
        "files": [
            {
                "id": "F05GSAZF3V2",
                "created": 1689172107,
                "timestamp": 1689172107,
                "name": "Image from iOS.jpg",
                "title": "Image from iOS",
                "mimetype": "image\/jpeg",
                "filetype": "jpg",
                "pretty_type": "JPEG",
                "user": "U010N31RYMV",
                "user_team": "T1T85P197",
                "editable": false,
                "size": 66764,
                "mode": "hosted",
                "is_external": false,
                "external_type": "",
                "is_public": true,
                "public_url_shared": false,
                "display_as_bot": false,
                "username": "",
                "subtype": "slack_image",
                "url_private": "https:\/\/files.slack.com\/files-pri\/T1T85P197-F05GSAZF3V2\/image_from_ios.jpg?t=xoxe-61277783313-6938219705459-6931704589846-f9456fee8056b431d8cc920b3927c14d",
                "url_private_download": "https:\/\/files.slack.com\/files-pri\/T1T85P197-F05GSAZF3V2\/download\/image_from_ios.jpg?t=xoxe-61277783313-6938219705459-6931704589846-f9456fee8056b431d8cc920b3927c14d",
                "media_display_type": "unknown",
                "thumb_64": "https:\/\/files.slack.com\/files-tmb\/T1T85P197-F05GSAZF3V2-26b19774b4\/image_from_ios_64.jpg?t=xoxe-61277783313-6938219705459-6931704589846-f9456fee8056b431d8cc920b3927c14d",
                "thumb_80": "https:\/\/files.slack.com\/files-tmb\/T1T85P197-F05GSAZF3V2-26b19774b4\/image_from_ios_80.jpg?t=xoxe-61277783313-6938219705459-6931704589846-f9456fee8056b431d8cc920b3927c14d",
                "thumb_360": "https:\/\/files.slack.com\/files-tmb\/T1T85P197-F05GSAZF3V2-26b19774b4\/image_from_ios_360.jpg?t=xoxe-61277783313-6938219705459-6931704589846-f9456fee8056b431d8cc920b3927c14d",
                "thumb_360_w": 360,
                "thumb_360_h": 258,
                "thumb_480": "https:\/\/files.slack.com\/files-tmb\/T1T85P197-F05GSAZF3V2-26b19774b4\/image_from_ios_480.jpg?t=xoxe-61277783313-6938219705459-6931704589846-f9456fee8056b431d8cc920b3927c14d",
                "thumb_480_w": 480,
                "thumb_480_h": 343,
                "thumb_160": "https:\/\/files.slack.com\/files-tmb\/T1T85P197-F05GSAZF3V2-26b19774b4\/image_from_ios_160.jpg?t=xoxe-61277783313-6938219705459-6931704589846-f9456fee8056b431d8cc920b3927c14d",
                "thumb_720": "https:\/\/files.slack.com\/files-tmb\/T1T85P197-F05GSAZF3V2-26b19774b4\/image_from_ios_720.jpg?t=xoxe-61277783313-6938219705459-6931704589846-f9456fee8056b431d8cc920b3927c14d",
                "thumb_720_w": 720,
                "thumb_720_h": 515,
                "thumb_800": "https:\/\/files.slack.com\/files-tmb\/T1T85P197-F05GSAZF3V2-26b19774b4\/image_from_ios_800.jpg?t=xoxe-61277783313-6938219705459-6931704589846-f9456fee8056b431d8cc920b3927c14d",
                "thumb_800_w": 800,
                "thumb_800_h": 572,
                "thumb_960": "https:\/\/files.slack.com\/files-tmb\/T1T85P197-F05GSAZF3V2-26b19774b4\/image_from_ios_960.jpg?t=xoxe-61277783313-6938219705459-6931704589846-f9456fee8056b431d8cc920b3927c14d",
                "thumb_960_w": 960,
                "thumb_960_h": 687,
                "thumb_1024": "https:\/\/files.slack.com\/files-tmb\/T1T85P197-F05GSAZF3V2-26b19774b4\/image_from_ios_1024.jpg?t=xoxe-61277783313-6938219705459-6931704589846-f9456fee8056b431d8cc920b3927c14d",
                "thumb_1024_w": 1024,
                "thumb_1024_h": 733,
                "original_w": 1170,
                "original_h": 837,
                "thumb_tiny": "AwAiADDSOe1M8wb9m5d3pTbhuiYz3NEZdyG3KB3XFK+th20uSZPqKTJ9RT6Q5zxTEJ83tThnvTSGxwQPqKdQBFOuVGBk\/wD1jSiJMhio3etVJL1lkcHyhtYgbs5pn25gMjyM\/jStrcd9LGic9qBmsxtQkGfkiP4006lIDjyoz9KYjUOc04dKyP7Tf\/njHVuzunmlZGRFwM\/LQBcooooAMUYoooAMUUUUAf\/Z",
                "permalink": "https:\/\/schulzlab.slack.com\/files\/U010N31RYMV\/F05GSAZF3V2\/image_from_ios.jpg",
                "permalink_public": "https:\/\/slack-files.com\/T1T85P197-F05GSAZF3V2-bea66a6887",
                "is_starred": false,
                "has_rich_preview": false,
                "file_access": "visible"
            }
        ],
        "upload": false,
        "user": "U010N31RYMV",
        "display_as_bot": false,
        "type": "message",
        "ts": "1689172110.039599",
        "client_msg_id": "6B526A06-9EC4-45FD-A348-FF613DCD111B"
    }
]