[
    {
        "subtype": "channel_join",
        "user": "U010N31RYMV",
        "text": "<@U010N31RYMV> has joined the channel",
        "type": "message",
        "ts": "1585604643.000200"
    },
    {
        "subtype": "channel_join",
        "user": "U1T7R897Y",
        "text": "<@U1T7R897Y> has joined the channel",
        "inviter": "U010N31RYMV",
        "type": "message",
        "ts": "1585604681.000500"
    },
    {
        "user": "U1T7R897Y",
        "type": "message",
        "ts": "1585604703.000900",
        "client_msg_id": "9a9332d9-83e9-4ae3-b94d-59c9e63f2f37",
        "text": "What if we mention people like <@U0112A19YFN>?",
        "team": "T1T85P197",
        "user_team": "T1T85P197",
        "source_team": "T1T85P197",
        "user_profile": {
            "avatar_hash": "c8cca50bc366",
            "image_72": "https:\/\/avatars.slack-edge.com\/2021-05-11\/2054490932018_c8cca50bc366ce61d83e_72.png",
            "first_name": "Daniel",
            "real_name": "Daniel Kick",
            "display_name": "Daniel",
            "team": "T1T85P197",
            "name": "daniel",
            "is_restricted": false,
            "is_ultra_restricted": false
        },
        "blocks": [
            {
                "type": "rich_text",
                "block_id": "RH8",
                "elements": [
                    {
                        "type": "rich_text_section",
                        "elements": [
                            {
                                "type": "text",
                                "text": "What if we mention people like "
                            },
                            {
                                "type": "user",
                                "user_id": "U0112A19YFN"
                            },
                            {
                                "type": "text",
                                "text": "?"
                            }
                        ]
                    }
                ]
            }
        ]
    },
    {
        "subtype": "channel_leave",
        "user": "U010N31RYMV",
        "text": "<@U010N31RYMV> has left the channel",
        "type": "message",
        "ts": "1585604709.001100"
    },
    {
        "subtype": "channel_leave",
        "user": "U1T7R897Y",
        "text": "<@U1T7R897Y> has left the channel",
        "type": "message",
        "ts": "1585604834.001300"
    }
]