[
    {
        "user": "U010N31RYMV",
        "type": "message",
        "ts": "1601916966.034700",
        "client_msg_id": "6e606eb4-d2a4-4f0c-86f0-2da5c699da13",
        "text": "Hi everyone,  A heads-up that there will be a going away party for Mathangi next wednesday (Oct. 14) in the evening.  It will be outdoors and socially distanced. You should receive an invite from Elizabeth King for this. Let me know if you have any questions\/concerns about attending. Obviously you should do whatever you feel most comfortable with. Thanks!",
        "team": "T1T85P197",
        "user_team": "T1T85P197",
        "source_team": "T1T85P197",
        "user_profile": {
            "avatar_hash": "084d1d915961",
            "image_72": "https:\/\/avatars.slack-edge.com\/2021-06-11\/2162938824690_084d1d915961fd2a1fcb_72.png",
            "first_name": "",
            "real_name": "David Schulz",
            "display_name": "David Schulz",
            "team": "T1T85P197",
            "name": "schulzd",
            "is_restricted": false,
            "is_ultra_restricted": false
        },
        "blocks": [
            {
                "type": "rich_text",
                "block_id": "JUE",
                "elements": [
                    {
                        "type": "rich_text_section",
                        "elements": [
                            {
                                "type": "text",
                                "text": "Hi everyone,  A heads-up that there will be a going away party for Mathangi next wednesday (Oct. 14) in the evening.  It will be outdoors and socially distanced. You should receive an invite from Elizabeth King for this. Let me know if you have any questions\/concerns about attending. Obviously you should do whatever you feel most comfortable with. Thanks!"
                            }
                        ]
                    }
                ]
            }
        ],
        "reactions": [
            {
                "name": "heart",
                "users": [
                    "U0112A19YFN"
                ],
                "count": 1
            }
        ]
    }
]