[
    {
        "user": "U010N31RYMV",
        "type": "message",
        "ts": "1603133788.008300",
        "client_msg_id": "e0cc0d52-df20-43d4-b79f-761d042f62c2",
        "text": "I know the answer to this question, but I have to ask anyway: how much of a pain in the a$$ would it be if we didn't have an ice machine in LeFevre Hall? And what would our possible solution to this be - hauling a couple few buckets over from Tucker or Stewart? How much would this impact Animal Physiology lab? Thanks.",
        "team": "T1T85P197",
        "user_team": "T1T85P197",
        "source_team": "T1T85P197",
        "user_profile": {
            "avatar_hash": "084d1d915961",
            "image_72": "https:\/\/avatars.slack-edge.com\/2021-06-11\/2162938824690_084d1d915961fd2a1fcb_72.png",
            "first_name": "",
            "real_name": "David Schulz",
            "display_name": "David Schulz",
            "team": "T1T85P197",
            "name": "schulzd",
            "is_restricted": false,
            "is_ultra_restricted": false
        },
        "blocks": [
            {
                "type": "rich_text",
                "block_id": "uh4",
                "elements": [
                    {
                        "type": "rich_text_section",
                        "elements": [
                            {
                                "type": "text",
                                "text": "I know the answer to this question, but I have to ask anyway: how much of a pain in the a$$ would it be if we didn't have an ice machine in LeFevre Hall? And what would our possible solution to this be - hauling a couple few buckets over from Tucker or Stewart? How much would this impact Animal Physiology lab? Thanks."
                            }
                        ]
                    }
                ]
            }
        ]
    },
    {
        "user": "U0103JSQYLB",
        "type": "message",
        "ts": "1603134952.011000",
        "client_msg_id": "F45ACF84-3C2A-4656-814E-54B9A67B204D",
        "text": "I think it would be a pain yes. If anyone is doing long term STG experiments you would have to add “ice travel time” from tucker to lefevre into the schedule. But it’s doable , wouldn’t be the end of the world. Since you\nMentioned Stewart. I’m wondering if Stewart hall has an ice machine anywhere. ",
        "team": "T1T85P197",
        "user_team": "T1T85P197",
        "source_team": "T1T85P197",
        "user_profile": {
            "avatar_hash": "94bf4a6c3643",
            "image_72": "https:\/\/avatars.slack-edge.com\/2023-05-20\/5309607146049_94bf4a6c3643af0ab428_72.png",
            "first_name": "Joe",
            "real_name": "Joe",
            "display_name": "Joe",
            "team": "T1T85P197",
            "name": "joseviteri",
            "is_restricted": false,
            "is_ultra_restricted": false
        },
        "blocks": [
            {
                "type": "rich_text",
                "block_id": "uAwv",
                "elements": [
                    {
                        "type": "rich_text_section",
                        "elements": [
                            {
                                "type": "text",
                                "text": "I think it would be a pain yes. If anyone is doing long term STG experiments you would have to add “ice travel time” from tucker to lefevre into the schedule. But it’s doable , wouldn’t be the end of the world. Since you\nMentioned Stewart. I’m wondering if Stewart hall has an ice machine anywhere. "
                            }
                        ]
                    }
                ]
            }
        ]
    },
    {
        "user": "U010N31RYMV",
        "type": "message",
        "ts": "1603135272.012600",
        "client_msg_id": "0d687550-a3a8-43ee-9f7c-e3d85b7f0d5d",
        "text": "I am thinking something along the lines of using a couple of those coolers we got from Andy when he left and just having us fill those each morning for use throughout the day. Isn't this why they invented undergrad researchers? I know it is sub-ideal - and I don't think this will come to pass in the short-term, but it becomes increasingly difficult to justify expensive upkeep on equipment for one active lab in the building.",
        "team": "T1T85P197",
        "user_team": "T1T85P197",
        "source_team": "T1T85P197",
        "user_profile": {
            "avatar_hash": "084d1d915961",
            "image_72": "https:\/\/avatars.slack-edge.com\/2021-06-11\/2162938824690_084d1d915961fd2a1fcb_72.png",
            "first_name": "",
            "real_name": "David Schulz",
            "display_name": "David Schulz",
            "team": "T1T85P197",
            "name": "schulzd",
            "is_restricted": false,
            "is_ultra_restricted": false
        },
        "blocks": [
            {
                "type": "rich_text",
                "block_id": "r07A",
                "elements": [
                    {
                        "type": "rich_text_section",
                        "elements": [
                            {
                                "type": "text",
                                "text": "I am thinking something along the lines of using a couple of those coolers we got from Andy when he left and just having us fill those each morning for use throughout the day. Isn't this why they invented undergrad researchers? I know it is sub-ideal - and I don't think this will come to pass in the short-term, but it becomes increasingly difficult to justify expensive upkeep on equipment for one active lab in the building."
                            }
                        ]
                    }
                ]
            }
        ]
    },
    {
        "user": "U010N31RYMV",
        "type": "message",
        "ts": "1603135301.013000",
        "client_msg_id": "e9440610-699d-4bb3-bed6-2e5712d872d5",
        "text": "How much does an ice machine cost, you may ask? About $4000.",
        "team": "T1T85P197",
        "user_team": "T1T85P197",
        "source_team": "T1T85P197",
        "user_profile": {
            "avatar_hash": "084d1d915961",
            "image_72": "https:\/\/avatars.slack-edge.com\/2021-06-11\/2162938824690_084d1d915961fd2a1fcb_72.png",
            "first_name": "",
            "real_name": "David Schulz",
            "display_name": "David Schulz",
            "team": "T1T85P197",
            "name": "schulzd",
            "is_restricted": false,
            "is_ultra_restricted": false
        },
        "blocks": [
            {
                "type": "rich_text",
                "block_id": "Yjr",
                "elements": [
                    {
                        "type": "rich_text_section",
                        "elements": [
                            {
                                "type": "text",
                                "text": "How much does an ice machine cost, you may ask? About $4000."
                            }
                        ]
                    }
                ]
            }
        ]
    },
    {
        "user": "U0103JSQYLB",
        "type": "message",
        "ts": "1603135397.014100",
        "client_msg_id": "E1C744FF-709E-4EC3-95A1-681E8F794875",
        "text": "Yeah with those coolers it’s totally doable. Load them up in a car and drive them over to lefevre. ",
        "team": "T1T85P197",
        "user_team": "T1T85P197",
        "source_team": "T1T85P197",
        "user_profile": {
            "avatar_hash": "94bf4a6c3643",
            "image_72": "https:\/\/avatars.slack-edge.com\/2023-05-20\/5309607146049_94bf4a6c3643af0ab428_72.png",
            "first_name": "Joe",
            "real_name": "Joe",
            "display_name": "Joe",
            "team": "T1T85P197",
            "name": "joseviteri",
            "is_restricted": false,
            "is_ultra_restricted": false
        },
        "blocks": [
            {
                "type": "rich_text",
                "block_id": "hi6l",
                "elements": [
                    {
                        "type": "rich_text_section",
                        "elements": [
                            {
                                "type": "text",
                                "text": "Yeah with those coolers it’s totally doable. Load them up in a car and drive them over to lefevre. "
                            }
                        ]
                    }
                ]
            }
        ]
    }
]