[
    {
        "user": "U010N31RYMV",
        "type": "message",
        "ts": "1596219575.018900",
        "client_msg_id": "f1bf42f6-5570-4884-8566-1010dbdf9429",
        "text": "Hello mouse friends. During the ACUC inspection, we found a huge amount of expired drugs in the lockbox. I will help get rid of these. But just wanted to give you a heads up that if you are planning on doing any experiments that will require controlled substances, make sure you see how much we have and when it will expire before you begin so you are not caught off guard and expect something to be there that isn't.  I think there was still some ketamine, but no usable buprenorphine.  I do not know the status of the non-controlled substances (carprofen, for example).  Finally, I am ordering some isoflurane now and when it comes in it will need to be picked up at OAR.  We can coordinate when that happens.  Thanks, all.",
        "team": "T1T85P197",
        "user_team": "T1T85P197",
        "source_team": "T1T85P197",
        "user_profile": {
            "avatar_hash": "084d1d915961",
            "image_72": "https:\/\/avatars.slack-edge.com\/2021-06-11\/2162938824690_084d1d915961fd2a1fcb_72.png",
            "first_name": "",
            "real_name": "David Schulz",
            "display_name": "David Schulz",
            "team": "T1T85P197",
            "name": "schulzd",
            "is_restricted": false,
            "is_ultra_restricted": false
        },
        "blocks": [
            {
                "type": "rich_text",
                "block_id": "4yI4T",
                "elements": [
                    {
                        "type": "rich_text_section",
                        "elements": [
                            {
                                "type": "text",
                                "text": "Hello mouse friends. During the ACUC inspection, we found a huge amount of expired drugs in the lockbox. I will help get rid of these. But just wanted to give you a heads up that if you are planning on doing any experiments that will require controlled substances, make sure you see how much we have and when it will expire before you begin so you are not caught off guard and expect something to be there that isn't.  I think there was still some ketamine, but no usable buprenorphine.  I do not know the status of the non-controlled substances (carprofen, for example).  Finally, I am ordering some isoflurane now and when it comes in it will need to be picked up at OAR.  We can coordinate when that happens.  Thanks, all."
                            }
                        ]
                    }
                ]
            }
        ]
    },
    {
        "user": "U010N31RYMV",
        "type": "message",
        "ts": "1596219671.019200",
        "client_msg_id": "ec28513e-dd95-4d43-8938-6b04b2a4ed28",
        "text": "I also do not know the status of gentamicin.",
        "team": "T1T85P197",
        "user_team": "T1T85P197",
        "source_team": "T1T85P197",
        "user_profile": {
            "avatar_hash": "084d1d915961",
            "image_72": "https:\/\/avatars.slack-edge.com\/2021-06-11\/2162938824690_084d1d915961fd2a1fcb_72.png",
            "first_name": "",
            "real_name": "David Schulz",
            "display_name": "David Schulz",
            "team": "T1T85P197",
            "name": "schulzd",
            "is_restricted": false,
            "is_ultra_restricted": false
        },
        "blocks": [
            {
                "type": "rich_text",
                "block_id": "F\/6",
                "elements": [
                    {
                        "type": "rich_text_section",
                        "elements": [
                            {
                                "type": "text",
                                "text": "I also do not know the status of gentamicin."
                            }
                        ]
                    }
                ]
            }
        ]
    },
    {
        "user": "U010N31RYMV",
        "type": "message",
        "ts": "1596229041.020000",
        "client_msg_id": "a96d361c-da31-4c35-a7b0-7d529fca2087",
        "text": "Suggestion: do something nice for yourself this weekend. You most definitely deserve it. For possibilities, see the <#CUG8ZMD7Z|tacos> thread.",
        "team": "T1T85P197",
        "user_team": "T1T85P197",
        "source_team": "T1T85P197",
        "user_profile": {
            "avatar_hash": "084d1d915961",
            "image_72": "https:\/\/avatars.slack-edge.com\/2021-06-11\/2162938824690_084d1d915961fd2a1fcb_72.png",
            "first_name": "",
            "real_name": "David Schulz",
            "display_name": "David Schulz",
            "team": "T1T85P197",
            "name": "schulzd",
            "is_restricted": false,
            "is_ultra_restricted": false
        },
        "blocks": [
            {
                "type": "rich_text",
                "block_id": "FoA",
                "elements": [
                    {
                        "type": "rich_text_section",
                        "elements": [
                            {
                                "type": "text",
                                "text": "Suggestion: do something nice for yourself this weekend. You most definitely deserve it. For possibilities, see the "
                            },
                            {
                                "type": "channel",
                                "channel_id": "CUG8ZMD7Z"
                            },
                            {
                                "type": "text",
                                "text": " thread."
                            }
                        ]
                    }
                ]
            }
        ]
    },
    {
        "user": "U010N31RYMV",
        "type": "message",
        "ts": "1596229059.020400",
        "client_msg_id": "f9e00c7e-a153-4831-8883-fbd1f8cfc421",
        "text": "I have to sign off.  Have a great weekend everyone.",
        "team": "T1T85P197",
        "user_team": "T1T85P197",
        "source_team": "T1T85P197",
        "user_profile": {
            "avatar_hash": "084d1d915961",
            "image_72": "https:\/\/avatars.slack-edge.com\/2021-06-11\/2162938824690_084d1d915961fd2a1fcb_72.png",
            "first_name": "",
            "real_name": "David Schulz",
            "display_name": "David Schulz",
            "team": "T1T85P197",
            "name": "schulzd",
            "is_restricted": false,
            "is_ultra_restricted": false
        },
        "blocks": [
            {
                "type": "rich_text",
                "block_id": "RGhRa",
                "elements": [
                    {
                        "type": "rich_text_section",
                        "elements": [
                            {
                                "type": "text",
                                "text": "I have to sign off.  Have a great weekend everyone."
                            }
                        ]
                    }
                ]
            }
        ]
    }
]