[
    {
        "user": "U010N31RYMV",
        "type": "message",
        "ts": "1607008435.000400",
        "client_msg_id": "975325fa-613f-47ed-9f9a-5f096224f5a7",
        "text": "What? In vivo imaging with GcAMP? Where have I heard that before.......",
        "team": "T1T85P197",
        "user_team": "T1T85P197",
        "source_team": "T1T85P197",
        "user_profile": {
            "avatar_hash": "084d1d915961",
            "image_72": "https:\/\/avatars.slack-edge.com\/2021-06-11\/2162938824690_084d1d915961fd2a1fcb_72.png",
            "first_name": "",
            "real_name": "David Schulz",
            "display_name": "David Schulz",
            "team": "T1T85P197",
            "name": "schulzd",
            "is_restricted": false,
            "is_ultra_restricted": false
        },
        "blocks": [
            {
                "type": "rich_text",
                "block_id": "Hmz",
                "elements": [
                    {
                        "type": "rich_text_section",
                        "elements": [
                            {
                                "type": "text",
                                "text": "What? In vivo imaging with GcAMP? Where have I heard that before......."
                            }
                        ]
                    }
                ]
            }
        ]
    },
    {
        "user": "U010M1M3N9E",
        "type": "message",
        "ts": "1607008457.000700",
        "client_msg_id": "b791749d-9fec-4a42-9e1a-1798e56f796d",
        "text": "Don't tell Benton!",
        "team": "T1T85P197",
        "user_team": "T1T85P197",
        "source_team": "T1T85P197",
        "user_profile": {
            "avatar_hash": "63b8b876b0d0",
            "image_72": "https:\/\/avatars.slack-edge.com\/2021-01-15\/1638892537269_63b8b876b0d0bce87f79_72.jpg",
            "first_name": "Michael",
            "real_name": "Michael Gray",
            "display_name": "Michael Gray",
            "team": "T1T85P197",
            "name": "grayml",
            "is_restricted": false,
            "is_ultra_restricted": false
        },
        "blocks": [
            {
                "type": "rich_text",
                "block_id": "wURI",
                "elements": [
                    {
                        "type": "rich_text_section",
                        "elements": [
                            {
                                "type": "text",
                                "text": "Don't tell Benton!"
                            }
                        ]
                    }
                ]
            }
        ],
        "reactions": [
            {
                "name": "shushing_face",
                "users": [
                    "U010N31RYMV"
                ],
                "count": 1
            }
        ]
    },
    {
        "user": "U010N31RYMV",
        "type": "message",
        "ts": "1607008500.001200",
        "client_msg_id": "138bf8ad-491d-41b3-a34c-ebb1ffe72a05",
        "text": "Sherryl and Benton gonna get this to work for us and it's going to be super kickass.",
        "team": "T1T85P197",
        "user_team": "T1T85P197",
        "source_team": "T1T85P197",
        "user_profile": {
            "avatar_hash": "084d1d915961",
            "image_72": "https:\/\/avatars.slack-edge.com\/2021-06-11\/2162938824690_084d1d915961fd2a1fcb_72.png",
            "first_name": "",
            "real_name": "David Schulz",
            "display_name": "David Schulz",
            "team": "T1T85P197",
            "name": "schulzd",
            "is_restricted": false,
            "is_ultra_restricted": false
        },
        "blocks": [
            {
                "type": "rich_text",
                "block_id": "pDSbF",
                "elements": [
                    {
                        "type": "rich_text_section",
                        "elements": [
                            {
                                "type": "text",
                                "text": "Sherryl and Benton gonna get this to work for us and it's going to be super kickass."
                            }
                        ]
                    }
                ]
            }
        ]
    },
    {
        "user": "U010N31RYMV",
        "type": "message",
        "ts": "1607008564.001600",
        "client_msg_id": "ddbbd3a9-cdae-40cd-8d21-138cdaadb1b8",
        "text": "if I am not mistaken, Sherryl has already injected virus into MPG...right Sherryl?",
        "team": "T1T85P197",
        "user_team": "T1T85P197",
        "source_team": "T1T85P197",
        "user_profile": {
            "avatar_hash": "084d1d915961",
            "image_72": "https:\/\/avatars.slack-edge.com\/2021-06-11\/2162938824690_084d1d915961fd2a1fcb_72.png",
            "first_name": "",
            "real_name": "David Schulz",
            "display_name": "David Schulz",
            "team": "T1T85P197",
            "name": "schulzd",
            "is_restricted": false,
            "is_ultra_restricted": false
        },
        "blocks": [
            {
                "type": "rich_text",
                "block_id": "XOF2q",
                "elements": [
                    {
                        "type": "rich_text_section",
                        "elements": [
                            {
                                "type": "text",
                                "text": "if I am not mistaken, Sherryl has already injected virus into MPG...right Sherryl?"
                            }
                        ]
                    }
                ]
            }
        ],
        "reactions": [
            {
                "name": "+1",
                "users": [
                    "U010CH4JLKE"
                ],
                "count": 1
            }
        ]
    },
    {
        "user": "U01D2RM4P7D",
        "type": "message",
        "ts": "1607008951.002900",
        "client_msg_id": "8FE3CFDB-73F1-49E2-97B8-2EEDB3F11FC9",
        "text": "Is there a benefit of viral gCAMP expression over making a transgenic line? ",
        "team": "T1T85P197",
        "user_team": "T1T85P197",
        "source_team": "T1T85P197",
        "user_profile": {
            "avatar_hash": "g5c14e9511f7",
            "image_72": "https:\/\/secure.gravatar.com\/avatar\/5c14e9511f78b35f18b00118a6f7bd7b.jpg?s=72&d=https%3A%2F%2Fa.slack-edge.com%2Fdf10d%2Fimg%2Favatars%2Fava_0005-72.png",
            "first_name": "",
            "real_name": "Victoria Hamlin",
            "display_name": "",
            "team": "T1T85P197",
            "name": "vlhmnq",
            "is_restricted": false,
            "is_ultra_restricted": false
        },
        "blocks": [
            {
                "type": "rich_text",
                "block_id": "Fqxt",
                "elements": [
                    {
                        "type": "rich_text_section",
                        "elements": [
                            {
                                "type": "text",
                                "text": "Is there a benefit of viral gCAMP expression over making a transgenic line? "
                            }
                        ]
                    }
                ]
            }
        ]
    },
    {
        "user": "U010N31RYMV",
        "type": "message",
        "ts": "1607009051.004600",
        "client_msg_id": "dd3393bf-6098-4cce-b786-b7e42e212c3f",
        "text": "Yes. At minimum: 1) it does not require the difficulty and expense of maintaining a breeding colony. 2) injection allows you some control over spatial resolution of expression if you do not have a very specific driver.",
        "team": "T1T85P197",
        "user_team": "T1T85P197",
        "source_team": "T1T85P197",
        "user_profile": {
            "avatar_hash": "084d1d915961",
            "image_72": "https:\/\/avatars.slack-edge.com\/2021-06-11\/2162938824690_084d1d915961fd2a1fcb_72.png",
            "first_name": "",
            "real_name": "David Schulz",
            "display_name": "David Schulz",
            "team": "T1T85P197",
            "name": "schulzd",
            "is_restricted": false,
            "is_ultra_restricted": false
        },
        "blocks": [
            {
                "type": "rich_text",
                "block_id": "9Kgfq",
                "elements": [
                    {
                        "type": "rich_text_section",
                        "elements": [
                            {
                                "type": "text",
                                "text": "Yes. At minimum: 1) it does not require the difficulty and expense of maintaining a breeding colony. 2) injection allows you some control over spatial resolution of expression if you do not have a very specific driver."
                            }
                        ]
                    }
                ]
            }
        ],
        "reactions": [
            {
                "name": "+1",
                "users": [
                    "U01D2RM4P7D",
                    "U010CH4JLKE"
                ],
                "count": 2
            }
        ]
    },
    {
        "user": "U010M1M3N9E",
        "type": "message",
        "ts": "1607009483.005500",
        "client_msg_id": "08a94d2c-0f1b-44fb-9940-2e0a44376460",
        "text": "He answered my question before I could ask it! (What would happen to place cells with unpaired odor)",
        "team": "T1T85P197",
        "user_team": "T1T85P197",
        "source_team": "T1T85P197",
        "user_profile": {
            "avatar_hash": "63b8b876b0d0",
            "image_72": "https:\/\/avatars.slack-edge.com\/2021-01-15\/1638892537269_63b8b876b0d0bce87f79_72.jpg",
            "first_name": "Michael",
            "real_name": "Michael Gray",
            "display_name": "Michael Gray",
            "team": "T1T85P197",
            "name": "grayml",
            "is_restricted": false,
            "is_ultra_restricted": false
        },
        "blocks": [
            {
                "type": "rich_text",
                "block_id": "nBQvx",
                "elements": [
                    {
                        "type": "rich_text_section",
                        "elements": [
                            {
                                "type": "text",
                                "text": "He answered my question before I could ask it! (What would happen to place cells with unpaired odor)"
                            }
                        ]
                    }
                ]
            }
        ]
    },
    {
        "user": "U010CH4JLKE",
        "type": "message",
        "ts": "1607010222.012100",
        "client_msg_id": "c46d5622-e2f0-41ae-8afa-c27afe42ac1f",
        "text": "Yeah, we have three mice injected with GCaMP6f under the MPG and we will take a look with a minicscope in a couple weeks to check expression and see if we can record a signal during bladder filling\/voiding   :grin:",
        "team": "T1T85P197",
        "user_team": "T1T85P197",
        "source_team": "T1T85P197",
        "user_profile": {
            "avatar_hash": "g20bb784c4fd",
            "image_72": "https:\/\/secure.gravatar.com\/avatar\/20bb784c4fdee8946cb76160792cd6f9.jpg?s=72&d=https%3A%2F%2Fa.slack-edge.com%2Fdf10d%2Fimg%2Favatars%2Fava_0023-72.png",
            "first_name": "",
            "real_name": "Benton",
            "display_name": "",
            "team": "T1T85P197",
            "name": "bentonberigan",
            "is_restricted": false,
            "is_ultra_restricted": false
        },
        "blocks": [
            {
                "type": "rich_text",
                "block_id": "JfzB",
                "elements": [
                    {
                        "type": "rich_text_section",
                        "elements": [
                            {
                                "type": "text",
                                "text": "Yeah, we have three mice injected with GCaMP6f under the MPG and we will take a look with a minicscope in a couple weeks to check expression and see if we can record a signal during bladder filling\/voiding   "
                            },
                            {
                                "type": "emoji",
                                "name": "grin",
                                "unicode": "1f601"
                            }
                        ]
                    }
                ]
            }
        ]
    },
    {
        "user": "U010N31RYMV",
        "type": "message",
        "ts": "1607010236.012400",
        "client_msg_id": "57d99eb7-a5c9-4da9-a8ac-bbc06d78dbb3",
        "text": "Miniscope! Woot!",
        "team": "T1T85P197",
        "user_team": "T1T85P197",
        "source_team": "T1T85P197",
        "user_profile": {
            "avatar_hash": "084d1d915961",
            "image_72": "https:\/\/avatars.slack-edge.com\/2021-06-11\/2162938824690_084d1d915961fd2a1fcb_72.png",
            "first_name": "",
            "real_name": "David Schulz",
            "display_name": "David Schulz",
            "team": "T1T85P197",
            "name": "schulzd",
            "is_restricted": false,
            "is_ultra_restricted": false
        },
        "blocks": [
            {
                "type": "rich_text",
                "block_id": "rNhF",
                "elements": [
                    {
                        "type": "rich_text_section",
                        "elements": [
                            {
                                "type": "text",
                                "text": "Miniscope! Woot!"
                            }
                        ]
                    }
                ]
            }
        ],
        "reactions": [
            {
                "name": "clap",
                "users": [
                    "U010CH4JLKE"
                ],
                "count": 1
            }
        ]
    },
    {
        "user": "U010N31RYMV",
        "type": "message",
        "ts": "1607010385.014200",
        "client_msg_id": "01a9301c-7364-451e-a68b-0458c608d137",
        "text": "Make sure you folks ask questions. :slightly_smiling_face:",
        "team": "T1T85P197",
        "user_team": "T1T85P197",
        "source_team": "T1T85P197",
        "user_profile": {
            "avatar_hash": "084d1d915961",
            "image_72": "https:\/\/avatars.slack-edge.com\/2021-06-11\/2162938824690_084d1d915961fd2a1fcb_72.png",
            "first_name": "",
            "real_name": "David Schulz",
            "display_name": "David Schulz",
            "team": "T1T85P197",
            "name": "schulzd",
            "is_restricted": false,
            "is_ultra_restricted": false
        },
        "blocks": [
            {
                "type": "rich_text",
                "block_id": "+a+i",
                "elements": [
                    {
                        "type": "rich_text_section",
                        "elements": [
                            {
                                "type": "text",
                                "text": "Make sure you folks ask questions. "
                            },
                            {
                                "type": "emoji",
                                "name": "slightly_smiling_face",
                                "unicode": "1f642"
                            }
                        ]
                    }
                ]
            }
        ]
    },
    {
        "user": "U010N31RYMV",
        "type": "message",
        "ts": "1607010452.014600",
        "client_msg_id": "21af35ff-cb6e-4d93-b4bd-5cf69cb795d9",
        "text": "Good question Sherryl.",
        "team": "T1T85P197",
        "user_team": "T1T85P197",
        "source_team": "T1T85P197",
        "user_profile": {
            "avatar_hash": "084d1d915961",
            "image_72": "https:\/\/avatars.slack-edge.com\/2021-06-11\/2162938824690_084d1d915961fd2a1fcb_72.png",
            "first_name": "",
            "real_name": "David Schulz",
            "display_name": "David Schulz",
            "team": "T1T85P197",
            "name": "schulzd",
            "is_restricted": false,
            "is_ultra_restricted": false
        },
        "blocks": [
            {
                "type": "rich_text",
                "block_id": "J7Lz",
                "elements": [
                    {
                        "type": "rich_text_section",
                        "elements": [
                            {
                                "type": "text",
                                "text": "Good question Sherryl."
                            }
                        ]
                    }
                ]
            }
        ]
    },
    {
        "user": "U010CH4JLKE",
        "type": "message",
        "ts": "1607010456.014800",
        "client_msg_id": "52098027-57fa-4b7a-a9cf-7bef90bbb25d",
        "text": "Great question Sherryl!",
        "team": "T1T85P197",
        "user_team": "T1T85P197",
        "source_team": "T1T85P197",
        "user_profile": {
            "avatar_hash": "g20bb784c4fd",
            "image_72": "https:\/\/secure.gravatar.com\/avatar\/20bb784c4fdee8946cb76160792cd6f9.jpg?s=72&d=https%3A%2F%2Fa.slack-edge.com%2Fdf10d%2Fimg%2Favatars%2Fava_0023-72.png",
            "first_name": "",
            "real_name": "Benton",
            "display_name": "",
            "team": "T1T85P197",
            "name": "bentonberigan",
            "is_restricted": false,
            "is_ultra_restricted": false
        },
        "blocks": [
            {
                "type": "rich_text",
                "block_id": "t2xGx",
                "elements": [
                    {
                        "type": "rich_text_section",
                        "elements": [
                            {
                                "type": "text",
                                "text": "Great question Sherryl!"
                            }
                        ]
                    }
                ]
            }
        ]
    },
    {
        "user": "U010N31RYMV",
        "type": "message",
        "ts": "1607010468.015000",
        "client_msg_id": "897d2ccb-02d1-47ca-9fdc-c93aa29ae48c",
        "text": "Males are dumb.",
        "team": "T1T85P197",
        "user_team": "T1T85P197",
        "source_team": "T1T85P197",
        "user_profile": {
            "avatar_hash": "084d1d915961",
            "image_72": "https:\/\/avatars.slack-edge.com\/2021-06-11\/2162938824690_084d1d915961fd2a1fcb_72.png",
            "first_name": "",
            "real_name": "David Schulz",
            "display_name": "David Schulz",
            "team": "T1T85P197",
            "name": "schulzd",
            "is_restricted": false,
            "is_ultra_restricted": false
        },
        "blocks": [
            {
                "type": "rich_text",
                "block_id": "9Nfq",
                "elements": [
                    {
                        "type": "rich_text_section",
                        "elements": [
                            {
                                "type": "text",
                                "text": "Males are dumb."
                            }
                        ]
                    }
                ]
            }
        ]
    },
    {
        "user": "U010N31RYMV",
        "type": "message",
        "ts": "1607010574.015300",
        "client_msg_id": "3da82292-eca3-4fd1-ae99-7727f2c8a80a",
        "text": "Ilker asked my question.  Rude.",
        "team": "T1T85P197",
        "user_team": "T1T85P197",
        "source_team": "T1T85P197",
        "user_profile": {
            "avatar_hash": "084d1d915961",
            "image_72": "https:\/\/avatars.slack-edge.com\/2021-06-11\/2162938824690_084d1d915961fd2a1fcb_72.png",
            "first_name": "",
            "real_name": "David Schulz",
            "display_name": "David Schulz",
            "team": "T1T85P197",
            "name": "schulzd",
            "is_restricted": false,
            "is_ultra_restricted": false
        },
        "blocks": [
            {
                "type": "rich_text",
                "block_id": "9mvD",
                "elements": [
                    {
                        "type": "rich_text_section",
                        "elements": [
                            {
                                "type": "text",
                                "text": "Ilker asked my question.  Rude."
                            }
                        ]
                    }
                ]
            }
        ],
        "reactions": [
            {
                "name": "joy",
                "users": [
                    "U0112A19YFN"
                ],
                "count": 1
            }
        ]
    },
    {
        "user": "U010M1M3N9E",
        "type": "message",
        "ts": "1607010685.016100",
        "client_msg_id": "c9cd12ef-ead5-4307-9525-3fcaeca47356",
        "text": "Who was the lady at 2019 STG meeting that put mice on the ball? Are they really searching on a linear track?",
        "team": "T1T85P197",
        "user_team": "T1T85P197",
        "source_team": "T1T85P197",
        "user_profile": {
            "avatar_hash": "63b8b876b0d0",
            "image_72": "https:\/\/avatars.slack-edge.com\/2021-01-15\/1638892537269_63b8b876b0d0bce87f79_72.jpg",
            "first_name": "Michael",
            "real_name": "Michael Gray",
            "display_name": "Michael Gray",
            "team": "T1T85P197",
            "name": "grayml",
            "is_restricted": false,
            "is_ultra_restricted": false
        },
        "blocks": [
            {
                "type": "rich_text",
                "block_id": "swa",
                "elements": [
                    {
                        "type": "rich_text_section",
                        "elements": [
                            {
                                "type": "text",
                                "text": "Who was the lady at 2019 STG meeting that put mice on the ball? Are they really searching on a linear track?"
                            }
                        ]
                    }
                ]
            }
        ]
    },
    {
        "user": "U010N31RYMV",
        "type": "message",
        "ts": "1607010749.016300",
        "client_msg_id": "369e97b9-1668-4057-9b2d-dfce3793a7c6",
        "text": "Marlene?",
        "team": "T1T85P197",
        "user_team": "T1T85P197",
        "source_team": "T1T85P197",
        "user_profile": {
            "avatar_hash": "084d1d915961",
            "image_72": "https:\/\/avatars.slack-edge.com\/2021-06-11\/2162938824690_084d1d915961fd2a1fcb_72.png",
            "first_name": "",
            "real_name": "David Schulz",
            "display_name": "David Schulz",
            "team": "T1T85P197",
            "name": "schulzd",
            "is_restricted": false,
            "is_ultra_restricted": false
        },
        "blocks": [
            {
                "type": "rich_text",
                "block_id": "AAs1",
                "elements": [
                    {
                        "type": "rich_text_section",
                        "elements": [
                            {
                                "type": "text",
                                "text": "Marlene?"
                            }
                        ]
                    }
                ]
            }
        ]
    },
    {
        "user": "U010M1M3N9E",
        "type": "message",
        "ts": "1607010776.016600",
        "client_msg_id": "00ae92bf-fc20-4d67-9a02-340fcb405e9b",
        "text": "What's her last name please?",
        "team": "T1T85P197",
        "user_team": "T1T85P197",
        "source_team": "T1T85P197",
        "user_profile": {
            "avatar_hash": "63b8b876b0d0",
            "image_72": "https:\/\/avatars.slack-edge.com\/2021-01-15\/1638892537269_63b8b876b0d0bce87f79_72.jpg",
            "first_name": "Michael",
            "real_name": "Michael Gray",
            "display_name": "Michael Gray",
            "team": "T1T85P197",
            "name": "grayml",
            "is_restricted": false,
            "is_ultra_restricted": false
        },
        "blocks": [
            {
                "type": "rich_text",
                "block_id": "lvgTH",
                "elements": [
                    {
                        "type": "rich_text_section",
                        "elements": [
                            {
                                "type": "text",
                                "text": "What's her last name please?"
                            }
                        ]
                    }
                ]
            }
        ]
    },
    {
        "user": "U010N31RYMV",
        "type": "message",
        "ts": "1607010784.016800",
        "client_msg_id": "2fdbbed7-5d4d-4635-a201-e98e9471dfef",
        "text": "Bartos.",
        "team": "T1T85P197",
        "user_team": "T1T85P197",
        "source_team": "T1T85P197",
        "user_profile": {
            "avatar_hash": "084d1d915961",
            "image_72": "https:\/\/avatars.slack-edge.com\/2021-06-11\/2162938824690_084d1d915961fd2a1fcb_72.png",
            "first_name": "",
            "real_name": "David Schulz",
            "display_name": "David Schulz",
            "team": "T1T85P197",
            "name": "schulzd",
            "is_restricted": false,
            "is_ultra_restricted": false
        },
        "blocks": [
            {
                "type": "rich_text",
                "block_id": "kLBAc",
                "elements": [
                    {
                        "type": "rich_text_section",
                        "elements": [
                            {
                                "type": "text",
                                "text": "Bartos."
                            }
                        ]
                    }
                ]
            }
        ]
    },
    {
        "user": "U010M1M3N9E",
        "type": "message",
        "ts": "1607010792.017000",
        "client_msg_id": "a6fb0f2a-731d-455e-83cf-4d38f8eb88fb",
        "text": "ty",
        "team": "T1T85P197",
        "user_team": "T1T85P197",
        "source_team": "T1T85P197",
        "user_profile": {
            "avatar_hash": "63b8b876b0d0",
            "image_72": "https:\/\/avatars.slack-edge.com\/2021-01-15\/1638892537269_63b8b876b0d0bce87f79_72.jpg",
            "first_name": "Michael",
            "real_name": "Michael Gray",
            "display_name": "Michael Gray",
            "team": "T1T85P197",
            "name": "grayml",
            "is_restricted": false,
            "is_ultra_restricted": false
        },
        "blocks": [
            {
                "type": "rich_text",
                "block_id": "dDNm",
                "elements": [
                    {
                        "type": "rich_text_section",
                        "elements": [
                            {
                                "type": "text",
                                "text": "ty"
                            }
                        ]
                    }
                ]
            }
        ]
    },
    {
        "user": "U010N31RYMV",
        "type": "message",
        "ts": "1607010805.017400",
        "client_msg_id": "d47d5b6f-3071-4512-ada7-10357085d212",
        "text": "That feels like a decade ago.",
        "team": "T1T85P197",
        "user_team": "T1T85P197",
        "source_team": "T1T85P197",
        "user_profile": {
            "avatar_hash": "084d1d915961",
            "image_72": "https:\/\/avatars.slack-edge.com\/2021-06-11\/2162938824690_084d1d915961fd2a1fcb_72.png",
            "first_name": "",
            "real_name": "David Schulz",
            "display_name": "David Schulz",
            "team": "T1T85P197",
            "name": "schulzd",
            "is_restricted": false,
            "is_ultra_restricted": false
        },
        "blocks": [
            {
                "type": "rich_text",
                "block_id": "MWq",
                "elements": [
                    {
                        "type": "rich_text_section",
                        "elements": [
                            {
                                "type": "text",
                                "text": "That feels like a decade ago."
                            }
                        ]
                    }
                ]
            }
        ]
    },
    {
        "user": "U010M1M3N9E",
        "type": "message",
        "ts": "1607010807.017600",
        "client_msg_id": "c4493216-fcba-4e85-a429-1c523f909c7b",
        "text": "that was kinda cool putting them on the VR ball",
        "team": "T1T85P197",
        "user_team": "T1T85P197",
        "source_team": "T1T85P197",
        "user_profile": {
            "avatar_hash": "63b8b876b0d0",
            "image_72": "https:\/\/avatars.slack-edge.com\/2021-01-15\/1638892537269_63b8b876b0d0bce87f79_72.jpg",
            "first_name": "Michael",
            "real_name": "Michael Gray",
            "display_name": "Michael Gray",
            "team": "T1T85P197",
            "name": "grayml",
            "is_restricted": false,
            "is_ultra_restricted": false
        },
        "blocks": [
            {
                "type": "rich_text",
                "block_id": "u\/8b",
                "elements": [
                    {
                        "type": "rich_text_section",
                        "elements": [
                            {
                                "type": "text",
                                "text": "that was kinda cool putting them on the VR ball"
                            }
                        ]
                    }
                ]
            }
        ]
    },
    {
        "user": "U010M1M3N9E",
        "type": "message",
        "ts": "1607010816.017800",
        "client_msg_id": "4e815f83-39b9-4633-94e4-6d122048a865",
        "text": "in the fore fore times",
        "team": "T1T85P197",
        "user_team": "T1T85P197",
        "source_team": "T1T85P197",
        "user_profile": {
            "avatar_hash": "63b8b876b0d0",
            "image_72": "https:\/\/avatars.slack-edge.com\/2021-01-15\/1638892537269_63b8b876b0d0bce87f79_72.jpg",
            "first_name": "Michael",
            "real_name": "Michael Gray",
            "display_name": "Michael Gray",
            "team": "T1T85P197",
            "name": "grayml",
            "is_restricted": false,
            "is_ultra_restricted": false
        },
        "blocks": [
            {
                "type": "rich_text",
                "block_id": "+fI",
                "elements": [
                    {
                        "type": "rich_text_section",
                        "elements": [
                            {
                                "type": "text",
                                "text": "in the fore fore times"
                            }
                        ]
                    }
                ]
            }
        ]
    },
    {
        "user": "U010M1M3N9E",
        "type": "message",
        "ts": "1607010946.018000",
        "client_msg_id": "44d06bd5-6fee-4408-ada6-d793d203de68",
        "text": "<https:\/\/cdn.the-scientist.com\/assets\/articleNo\/48409\/iImg\/25398\/91515dd7-770c-4886-8269-1d9ce064365a-mouse-vr-gif.gif>",
        "team": "T1T85P197",
        "user_team": "T1T85P197",
        "source_team": "T1T85P197",
        "user_profile": {
            "avatar_hash": "63b8b876b0d0",
            "image_72": "https:\/\/avatars.slack-edge.com\/2021-01-15\/1638892537269_63b8b876b0d0bce87f79_72.jpg",
            "first_name": "Michael",
            "real_name": "Michael Gray",
            "display_name": "Michael Gray",
            "team": "T1T85P197",
            "name": "grayml",
            "is_restricted": false,
            "is_ultra_restricted": false
        },
        "attachments": [
            {
                "fallback": "640x361px image",
                "image_url": "https:\/\/cdn.the-scientist.com\/assets\/articleNo\/48409\/iImg\/25398\/91515dd7-770c-4886-8269-1d9ce064365a-mouse-vr-gif.gif",
                "image_width": 640,
                "image_height": 361,
                "image_bytes": 14832828,
                "is_animated": true,
                "from_url": "https:\/\/cdn.the-scientist.com\/assets\/articleNo\/48409\/iImg\/25398\/91515dd7-770c-4886-8269-1d9ce064365a-mouse-vr-gif.gif",
                "id": 1,
                "original_url": "https:\/\/cdn.the-scientist.com\/assets\/articleNo\/48409\/iImg\/25398\/91515dd7-770c-4886-8269-1d9ce064365a-mouse-vr-gif.gif"
            }
        ],
        "blocks": [
            {
                "type": "rich_text",
                "block_id": "0G2",
                "elements": [
                    {
                        "type": "rich_text_section",
                        "elements": [
                            {
                                "type": "link",
                                "url": "https:\/\/cdn.the-scientist.com\/assets\/articleNo\/48409\/iImg\/25398\/91515dd7-770c-4886-8269-1d9ce064365a-mouse-vr-gif.gif"
                            }
                        ]
                    }
                ]
            }
        ]
    },
    {
        "user": "U010N31RYMV",
        "type": "message",
        "ts": "1607010964.018500",
        "client_msg_id": "311f44c8-953e-449c-9519-655274edab9f",
        "text": "I now recall I was pretty sick at STG meeting and SFN 2019. Maybe I was patient zero.",
        "team": "T1T85P197",
        "user_team": "T1T85P197",
        "source_team": "T1T85P197",
        "user_profile": {
            "avatar_hash": "084d1d915961",
            "image_72": "https:\/\/avatars.slack-edge.com\/2021-06-11\/2162938824690_084d1d915961fd2a1fcb_72.png",
            "first_name": "",
            "real_name": "David Schulz",
            "display_name": "David Schulz",
            "team": "T1T85P197",
            "name": "schulzd",
            "is_restricted": false,
            "is_ultra_restricted": false
        },
        "blocks": [
            {
                "type": "rich_text",
                "block_id": "Hz\/j",
                "elements": [
                    {
                        "type": "rich_text_section",
                        "elements": [
                            {
                                "type": "text",
                                "text": "I now recall I was pretty sick at STG meeting and SFN 2019. Maybe I was patient zero."
                            }
                        ]
                    }
                ]
            }
        ]
    },
    {
        "user": "U010N31RYMV",
        "type": "message",
        "ts": "1607010968.018700",
        "client_msg_id": "de848297-ac6c-443c-bdf2-13cb5c2d49ed",
        "text": "Sorry, world.",
        "team": "T1T85P197",
        "user_team": "T1T85P197",
        "source_team": "T1T85P197",
        "user_profile": {
            "avatar_hash": "084d1d915961",
            "image_72": "https:\/\/avatars.slack-edge.com\/2021-06-11\/2162938824690_084d1d915961fd2a1fcb_72.png",
            "first_name": "",
            "real_name": "David Schulz",
            "display_name": "David Schulz",
            "team": "T1T85P197",
            "name": "schulzd",
            "is_restricted": false,
            "is_ultra_restricted": false
        },
        "blocks": [
            {
                "type": "rich_text",
                "block_id": "q3ta",
                "elements": [
                    {
                        "type": "rich_text_section",
                        "elements": [
                            {
                                "type": "text",
                                "text": "Sorry, world."
                            }
                        ]
                    }
                ]
            }
        ]
    },
    {
        "user": "U010M1M3N9E",
        "type": "message",
        "ts": "1607011009.019300",
        "client_msg_id": "d5f9ef96-ce77-4017-abad-d47975fc9cf4",
        "text": "no worries",
        "team": "T1T85P197",
        "user_team": "T1T85P197",
        "source_team": "T1T85P197",
        "user_profile": {
            "avatar_hash": "63b8b876b0d0",
            "image_72": "https:\/\/avatars.slack-edge.com\/2021-01-15\/1638892537269_63b8b876b0d0bce87f79_72.jpg",
            "first_name": "Michael",
            "real_name": "Michael Gray",
            "display_name": "Michael Gray",
            "team": "T1T85P197",
            "name": "grayml",
            "is_restricted": false,
            "is_ultra_restricted": false
        },
        "blocks": [
            {
                "type": "rich_text",
                "block_id": "8O1=",
                "elements": [
                    {
                        "type": "rich_text_section",
                        "elements": [
                            {
                                "type": "text",
                                "text": "no worries"
                            }
                        ]
                    }
                ]
            }
        ]
    },
    {
        "user": "U010M1M3N9E",
        "type": "message",
        "ts": "1607011077.019700",
        "client_msg_id": "ea82231d-07ce-4326-a27a-33bb4f8df6e7",
        "text": "Do you think that mouse wonders if its living in a simulation?",
        "team": "T1T85P197",
        "user_team": "T1T85P197",
        "source_team": "T1T85P197",
        "user_profile": {
            "avatar_hash": "63b8b876b0d0",
            "image_72": "https:\/\/avatars.slack-edge.com\/2021-01-15\/1638892537269_63b8b876b0d0bce87f79_72.jpg",
            "first_name": "Michael",
            "real_name": "Michael Gray",
            "display_name": "Michael Gray",
            "team": "T1T85P197",
            "name": "grayml",
            "is_restricted": false,
            "is_ultra_restricted": false
        },
        "blocks": [
            {
                "type": "rich_text",
                "block_id": "tQjw",
                "elements": [
                    {
                        "type": "rich_text_section",
                        "elements": [
                            {
                                "type": "text",
                                "text": "Do you think that mouse wonders if its living in a simulation?"
                            }
                        ]
                    }
                ]
            }
        ]
    },
    {
        "user": "U010N31RYMV",
        "type": "message",
        "ts": "1607011174.020600",
        "client_msg_id": "76d4e122-d11e-4fb6-b02c-d899b9768fe7",
        "text": "The mice created the simulation we are living in. Our experiments on mice are programmed into the simulation as a way to scare mice children into being good.  Neuroscience is the \"elf on the shelf\" of the mouse overlords.",
        "team": "T1T85P197",
        "user_team": "T1T85P197",
        "source_team": "T1T85P197",
        "user_profile": {
            "avatar_hash": "084d1d915961",
            "image_72": "https:\/\/avatars.slack-edge.com\/2021-06-11\/2162938824690_084d1d915961fd2a1fcb_72.png",
            "first_name": "",
            "real_name": "David Schulz",
            "display_name": "David Schulz",
            "team": "T1T85P197",
            "name": "schulzd",
            "is_restricted": false,
            "is_ultra_restricted": false
        },
        "blocks": [
            {
                "type": "rich_text",
                "block_id": "oOO\/Z",
                "elements": [
                    {
                        "type": "rich_text_section",
                        "elements": [
                            {
                                "type": "text",
                                "text": "The mice created the simulation we are living in. Our experiments on mice are programmed into the simulation as a way to scare mice children into being good.  Neuroscience is the \"elf on the shelf\" of the mouse overlords."
                            }
                        ]
                    }
                ]
            }
        ],
        "reactions": [
            {
                "name": "+1",
                "users": [
                    "U010M1M3N9E",
                    "U010CH4JLKE"
                ],
                "count": 2
            },
            {
                "name": "astonished",
                "users": [
                    "U010CH4JLKE"
                ],
                "count": 1
            },
            {
                "name": "joy",
                "users": [
                    "U0112A19YFN"
                ],
                "count": 1
            }
        ]
    },
    {
        "user": "U010M1M3N9E",
        "type": "message",
        "ts": "1607011225.021000",
        "client_msg_id": "4134f5bf-b197-4040-8b5e-bbefd91c93b5",
        "text": "but what's the ultimate question then?",
        "team": "T1T85P197",
        "user_team": "T1T85P197",
        "source_team": "T1T85P197",
        "user_profile": {
            "avatar_hash": "63b8b876b0d0",
            "image_72": "https:\/\/avatars.slack-edge.com\/2021-01-15\/1638892537269_63b8b876b0d0bce87f79_72.jpg",
            "first_name": "Michael",
            "real_name": "Michael Gray",
            "display_name": "Michael Gray",
            "team": "T1T85P197",
            "name": "grayml",
            "is_restricted": false,
            "is_ultra_restricted": false
        },
        "blocks": [
            {
                "type": "rich_text",
                "block_id": "Ao3",
                "elements": [
                    {
                        "type": "rich_text_section",
                        "elements": [
                            {
                                "type": "text",
                                "text": "but what's the ultimate question then?"
                            }
                        ]
                    }
                ]
            }
        ]
    },
    {
        "user": "U010M1M3N9E",
        "type": "message",
        "ts": "1607011391.022700",
        "client_msg_id": "9f0a4611-5349-4ad1-b1e2-9cc4d9bb9a45",
        "text": "Drawing from my scrabble bag I came up with the following: How many roads must a man walk down?",
        "team": "T1T85P197",
        "user_team": "T1T85P197",
        "source_team": "T1T85P197",
        "user_profile": {
            "avatar_hash": "63b8b876b0d0",
            "image_72": "https:\/\/avatars.slack-edge.com\/2021-01-15\/1638892537269_63b8b876b0d0bce87f79_72.jpg",
            "first_name": "Michael",
            "real_name": "Michael Gray",
            "display_name": "Michael Gray",
            "team": "T1T85P197",
            "name": "grayml",
            "is_restricted": false,
            "is_ultra_restricted": false
        },
        "blocks": [
            {
                "type": "rich_text",
                "block_id": "9bOs",
                "elements": [
                    {
                        "type": "rich_text_section",
                        "elements": [
                            {
                                "type": "text",
                                "text": "Drawing from my scrabble bag I came up with the following: How many roads must a man walk down?"
                            }
                        ]
                    }
                ]
            }
        ]
    },
    {
        "user": "U010N31RYMV",
        "type": "message",
        "ts": "1607011418.023100",
        "client_msg_id": "4320331f-1a56-4fde-a4ea-4807b53e6b0f",
        "text": "Usually my ultimate question is \"what's for dinner?\"",
        "team": "T1T85P197",
        "user_team": "T1T85P197",
        "source_team": "T1T85P197",
        "user_profile": {
            "avatar_hash": "084d1d915961",
            "image_72": "https:\/\/avatars.slack-edge.com\/2021-06-11\/2162938824690_084d1d915961fd2a1fcb_72.png",
            "first_name": "",
            "real_name": "David Schulz",
            "display_name": "David Schulz",
            "team": "T1T85P197",
            "name": "schulzd",
            "is_restricted": false,
            "is_ultra_restricted": false
        },
        "blocks": [
            {
                "type": "rich_text",
                "block_id": "JhA",
                "elements": [
                    {
                        "type": "rich_text_section",
                        "elements": [
                            {
                                "type": "text",
                                "text": "Usually my ultimate question is \"what's for dinner?\""
                            }
                        ]
                    }
                ]
            }
        ]
    },
    {
        "user": "U010M1M3N9E",
        "type": "message",
        "ts": "1607011430.023400",
        "client_msg_id": "9dd4e86c-d473-48c5-b9f2-7c8e0daebd6c",
        "text": "42 pork steaks",
        "team": "T1T85P197",
        "user_team": "T1T85P197",
        "source_team": "T1T85P197",
        "user_profile": {
            "avatar_hash": "63b8b876b0d0",
            "image_72": "https:\/\/avatars.slack-edge.com\/2021-01-15\/1638892537269_63b8b876b0d0bce87f79_72.jpg",
            "first_name": "Michael",
            "real_name": "Michael Gray",
            "display_name": "Michael Gray",
            "team": "T1T85P197",
            "name": "grayml",
            "is_restricted": false,
            "is_ultra_restricted": false
        },
        "blocks": [
            {
                "type": "rich_text",
                "block_id": "GUK98",
                "elements": [
                    {
                        "type": "rich_text_section",
                        "elements": [
                            {
                                "type": "text",
                                "text": "42 pork steaks"
                            }
                        ]
                    }
                ]
            }
        ]
    },
    {
        "user": "U010M1M3N9E",
        "type": "message",
        "ts": "1607011600.023600",
        "client_msg_id": "7bbff430-3b17-423b-a5e5-e15c1d93c230",
        "text": "This must be Thursday,' said Arthur to himself, sinking low over his beer. 'I never could get the hang of Thursdays.",
        "team": "T1T85P197",
        "user_team": "T1T85P197",
        "source_team": "T1T85P197",
        "user_profile": {
            "avatar_hash": "63b8b876b0d0",
            "image_72": "https:\/\/avatars.slack-edge.com\/2021-01-15\/1638892537269_63b8b876b0d0bce87f79_72.jpg",
            "first_name": "Michael",
            "real_name": "Michael Gray",
            "display_name": "Michael Gray",
            "team": "T1T85P197",
            "name": "grayml",
            "is_restricted": false,
            "is_ultra_restricted": false
        },
        "blocks": [
            {
                "type": "rich_text",
                "block_id": "w3=Lj",
                "elements": [
                    {
                        "type": "rich_text_section",
                        "elements": [
                            {
                                "type": "text",
                                "text": "This must be Thursday,' said Arthur to himself, sinking low over his beer. 'I never could get the hang of Thursdays."
                            }
                        ]
                    }
                ]
            }
        ]
    }
]