[
    {
        "user": "U0112M51KBP",
        "type": "message",
        "ts": "1600181303.010600",
        "client_msg_id": "0268913f-09c7-4505-b1ad-f09a68890da2",
        "text": "Hey everyone! If any of you have a moment, could I ask some questions about how voltage-clamps work and how they affect APs?",
        "team": "T1T85P197",
        "user_team": "T1T85P197",
        "source_team": "T1T85P197",
        "user_profile": {
            "avatar_hash": "c5aa16874fc8",
            "image_72": "https:\/\/avatars.slack-edge.com\/2022-02-14\/3104030837796_c5aa16874fc85ae836ff_72.jpg",
            "first_name": "Sierra",
            "real_name": "Sierra Nelson",
            "display_name": "Sierra Nelson",
            "team": "T1T85P197",
            "name": "sm.nelson",
            "is_restricted": false,
            "is_ultra_restricted": false
        },
        "thread_ts": "1600181303.010600",
        "reply_count": 7,
        "reply_users_count": 3,
        "latest_reply": "1600190701.017200",
        "reply_users": [
            "U1T7R897Y",
            "U0112M51KBP",
            "U010M1M3N9E"
        ],
        "replies": [
            {
                "user": "U1T7R897Y",
                "ts": "1600181972.015600"
            },
            {
                "user": "U0112M51KBP",
                "ts": "1600182305.015800"
            },
            {
                "user": "U010M1M3N9E",
                "ts": "1600187427.016000"
            },
            {
                "user": "U010M1M3N9E",
                "ts": "1600188567.016200"
            },
            {
                "user": "U0112M51KBP",
                "ts": "1600188641.016600"
            },
            {
                "user": "U010M1M3N9E",
                "ts": "1600189229.016800"
            },
            {
                "user": "U010M1M3N9E",
                "ts": "1600190701.017200"
            }
        ],
        "is_locked": false,
        "subscribed": true,
        "last_read": "1600190701.017200",
        "blocks": [
            {
                "type": "rich_text",
                "block_id": "w==Nh",
                "elements": [
                    {
                        "type": "rich_text_section",
                        "elements": [
                            {
                                "type": "text",
                                "text": "Hey everyone! If any of you have a moment, could I ask some questions about how voltage-clamps work and how they affect APs?"
                            }
                        ]
                    }
                ]
            }
        ]
    },
    {
        "user": "U010N31RYMV",
        "type": "message",
        "ts": "1600181338.011100",
        "client_msg_id": "d99fe641-462e-499c-8f95-42a7188857db",
        "text": "Wait a minute - voltage clamp works?  That's news to me. :stuck_out_tongue_closed_eyes:",
        "team": "T1T85P197",
        "user_team": "T1T85P197",
        "source_team": "T1T85P197",
        "user_profile": {
            "avatar_hash": "084d1d915961",
            "image_72": "https:\/\/avatars.slack-edge.com\/2021-06-11\/2162938824690_084d1d915961fd2a1fcb_72.png",
            "first_name": "",
            "real_name": "David Schulz",
            "display_name": "David Schulz",
            "team": "T1T85P197",
            "name": "schulzd",
            "is_restricted": false,
            "is_ultra_restricted": false
        },
        "blocks": [
            {
                "type": "rich_text",
                "block_id": "p8t",
                "elements": [
                    {
                        "type": "rich_text_section",
                        "elements": [
                            {
                                "type": "text",
                                "text": "Wait a minute - voltage clamp works?  That's news to me. "
                            },
                            {
                                "type": "emoji",
                                "name": "stuck_out_tongue_closed_eyes",
                                "unicode": "1f61d"
                            }
                        ]
                    }
                ]
            }
        ],
        "reactions": [
            {
                "name": "joy",
                "users": [
                    "U0112M51KBP",
                    "U1T7R897Y"
                ],
                "count": 2
            }
        ]
    },
    {
        "user": "U0112M51KBP",
        "type": "message",
        "ts": "1600181434.012600",
        "client_msg_id": "44c76824-5f5c-476e-9846-575287a8f7a4",
        "text": "Right now I am in my neurobio class and am taking some notes on what we are discussing. I just thought I would throw out an SOS now",
        "team": "T1T85P197",
        "user_team": "T1T85P197",
        "source_team": "T1T85P197",
        "user_profile": {
            "avatar_hash": "c5aa16874fc8",
            "image_72": "https:\/\/avatars.slack-edge.com\/2022-02-14\/3104030837796_c5aa16874fc85ae836ff_72.jpg",
            "first_name": "Sierra",
            "real_name": "Sierra Nelson",
            "display_name": "Sierra Nelson",
            "team": "T1T85P197",
            "name": "sm.nelson",
            "is_restricted": false,
            "is_ultra_restricted": false
        },
        "blocks": [
            {
                "type": "rich_text",
                "block_id": "lq4r",
                "elements": [
                    {
                        "type": "rich_text_section",
                        "elements": [
                            {
                                "type": "text",
                                "text": "Right now I am in my neurobio class and am taking some notes on what we are discussing. I just thought I would throw out an SOS now"
                            }
                        ]
                    }
                ]
            }
        ]
    },
    {
        "user": "U010N31RYMV",
        "type": "message",
        "ts": "1600181456.013000",
        "client_msg_id": "90f9fac4-6821-41d0-b407-b065bed7ff5c",
        "text": "Oh. Cool. I am sure someone is happy to help you. You might get more than you bargained for....",
        "team": "T1T85P197",
        "user_team": "T1T85P197",
        "source_team": "T1T85P197",
        "user_profile": {
            "avatar_hash": "084d1d915961",
            "image_72": "https:\/\/avatars.slack-edge.com\/2021-06-11\/2162938824690_084d1d915961fd2a1fcb_72.png",
            "first_name": "",
            "real_name": "David Schulz",
            "display_name": "David Schulz",
            "team": "T1T85P197",
            "name": "schulzd",
            "is_restricted": false,
            "is_ultra_restricted": false
        },
        "blocks": [
            {
                "type": "rich_text",
                "block_id": "MbHU",
                "elements": [
                    {
                        "type": "rich_text_section",
                        "elements": [
                            {
                                "type": "text",
                                "text": "Oh. Cool. I am sure someone is happy to help you. You might get more than you bargained for...."
                            }
                        ]
                    }
                ]
            }
        ],
        "reactions": [
            {
                "name": "+1::skin-tone-4",
                "users": [
                    "U0112M51KBP"
                ],
                "count": 1
            }
        ]
    },
    {
        "user": "U0112M51KBP",
        "type": "message",
        "ts": "1600181779.014400",
        "client_msg_id": "81f8105d-3096-4992-8464-6ef3559f36ce",
        "text": "I am open to all discussion. I really want to understand this. For some reason, I think I am misunderstanding simple ionic concepts.",
        "team": "T1T85P197",
        "user_team": "T1T85P197",
        "source_team": "T1T85P197",
        "user_profile": {
            "avatar_hash": "c5aa16874fc8",
            "image_72": "https:\/\/avatars.slack-edge.com\/2022-02-14\/3104030837796_c5aa16874fc85ae836ff_72.jpg",
            "first_name": "Sierra",
            "real_name": "Sierra Nelson",
            "display_name": "Sierra Nelson",
            "team": "T1T85P197",
            "name": "sm.nelson",
            "is_restricted": false,
            "is_ultra_restricted": false
        },
        "blocks": [
            {
                "type": "rich_text",
                "block_id": "nc20",
                "elements": [
                    {
                        "type": "rich_text_section",
                        "elements": [
                            {
                                "type": "text",
                                "text": "I am open to all discussion. I really want to understand this. For some reason, I think I am misunderstanding simple ionic concepts."
                            }
                        ]
                    }
                ]
            }
        ]
    },
    {
        "user": "U1T7R897Y",
        "type": "message",
        "ts": "1600181972.015600",
        "client_msg_id": "403D8381-1A54-45F1-B2F3-08872249F0FF",
        "text": "Affect them in what respect? Current clamps as well or just voltage?",
        "team": "T1T85P197",
        "user_team": "T1T85P197",
        "source_team": "T1T85P197",
        "user_profile": {
            "avatar_hash": "c8cca50bc366",
            "image_72": "https:\/\/avatars.slack-edge.com\/2021-05-11\/2054490932018_c8cca50bc366ce61d83e_72.png",
            "first_name": "Daniel",
            "real_name": "Daniel Kick",
            "display_name": "Daniel",
            "team": "T1T85P197",
            "name": "daniel",
            "is_restricted": false,
            "is_ultra_restricted": false
        },
        "thread_ts": "1600181303.010600",
        "parent_user_id": "U0112M51KBP",
        "blocks": [
            {
                "type": "rich_text",
                "block_id": "BGX",
                "elements": [
                    {
                        "type": "rich_text_section",
                        "elements": [
                            {
                                "type": "text",
                                "text": "Affect them in what respect? Current clamps as well or just voltage?"
                            }
                        ]
                    }
                ]
            }
        ]
    },
    {
        "user": "U0112M51KBP",
        "type": "message",
        "ts": "1600182305.015800",
        "client_msg_id": "cb67fa15-63ba-44d8-96dd-da9998310b8e",
        "text": "oops affect is probably not the right word. I'm trying to understand what they are reading, what's going on with membrane potential and how you can look at different ion currents. I'm still trying to understand Hodgkin and Huxley's experiment as well. Now that I am really having to think about all this, I have A LOT of questions :sweat_smile:.",
        "team": "T1T85P197",
        "user_team": "T1T85P197",
        "source_team": "T1T85P197",
        "user_profile": {
            "avatar_hash": "c5aa16874fc8",
            "image_72": "https:\/\/avatars.slack-edge.com\/2022-02-14\/3104030837796_c5aa16874fc85ae836ff_72.jpg",
            "first_name": "Sierra",
            "real_name": "Sierra Nelson",
            "display_name": "Sierra Nelson",
            "team": "T1T85P197",
            "name": "sm.nelson",
            "is_restricted": false,
            "is_ultra_restricted": false
        },
        "thread_ts": "1600181303.010600",
        "parent_user_id": "U0112M51KBP",
        "blocks": [
            {
                "type": "rich_text",
                "block_id": "SMN",
                "elements": [
                    {
                        "type": "rich_text_section",
                        "elements": [
                            {
                                "type": "text",
                                "text": "oops affect is probably not the right word. I'm trying to understand what they are reading, what's going on with membrane potential and how you can look at different ion currents. I'm still trying to understand Hodgkin and Huxley's experiment as well. Now that I am really having to think about all this, I have A LOT of questions "
                            },
                            {
                                "type": "emoji",
                                "name": "sweat_smile",
                                "unicode": "1f605"
                            },
                            {
                                "type": "text",
                                "text": "."
                            }
                        ]
                    }
                ]
            }
        ]
    },
    {
        "user": "U010M1M3N9E",
        "type": "message",
        "ts": "1600187427.016000",
        "client_msg_id": "083ef75f-e335-4d81-ae84-955fddd1e13c",
        "text": "sorry sierra, just got out of meeting, pm me if you want to know more than you ever wanted to about voltage clamp. Essentially remember that you in VC you are controlling voltage as your independent variable and measuring the current this takes as your dependent variable while in current clamp you are measuring the voltage and introducing the current as an IV. Both have pros and cons. In voltage clamp the pro is that at steady state you don't have to worry about the capacitive current at steady state (Ic=Cdv\/dt=0). A con is that this is not natural for the cell. In current clamp, it is more natural, but because you are not controlling the voltage, you can't really infer anything about the currents(as the voltage changes you have to account for IC and crazy currents activating, deactivating and inactivating),Hope this helps",
        "team": "T1T85P197",
        "user_team": "T1T85P197",
        "source_team": "T1T85P197",
        "user_profile": {
            "avatar_hash": "63b8b876b0d0",
            "image_72": "https:\/\/avatars.slack-edge.com\/2021-01-15\/1638892537269_63b8b876b0d0bce87f79_72.jpg",
            "first_name": "Michael",
            "real_name": "Michael Gray",
            "display_name": "Michael Gray",
            "team": "T1T85P197",
            "name": "grayml",
            "is_restricted": false,
            "is_ultra_restricted": false
        },
        "thread_ts": "1600181303.010600",
        "parent_user_id": "U0112M51KBP",
        "blocks": [
            {
                "type": "rich_text",
                "block_id": "+dz",
                "elements": [
                    {
                        "type": "rich_text_section",
                        "elements": [
                            {
                                "type": "text",
                                "text": "sorry sierra, just got out of meeting, pm me if you want to know more than you ever wanted to about voltage clamp. Essentially remember that you in VC you are controlling voltage as your independent variable and measuring the current this takes as your dependent variable while in current clamp you are measuring the voltage and introducing the current as an IV. Both have pros and cons. In voltage clamp the pro is that at steady state you don't have to worry about the capacitive current at steady state (Ic=Cdv\/dt=0). A con is that this is not natural for the cell. In current clamp, it is more natural, but because you are not controlling the voltage, you can't really infer anything about the currents(as the voltage changes you have to account for IC and crazy currents activating, deactivating and inactivating),Hope this helps"
                            }
                        ]
                    }
                ]
            }
        ]
    },
    {
        "text": "",
        "files": [
            {
                "id": "F01AMS1H3GD",
                "created": 1600188550,
                "timestamp": 1600188550,
                "name": "image.png",
                "title": "image.png",
                "mimetype": "image\/png",
                "filetype": "png",
                "pretty_type": "PNG",
                "user": "U010M1M3N9E",
                "user_team": "T1T85P197",
                "editable": false,
                "size": 55622,
                "mode": "hosted",
                "is_external": false,
                "external_type": "",
                "is_public": true,
                "public_url_shared": false,
                "display_as_bot": false,
                "username": "",
                "url_private": "https:\/\/files.slack.com\/files-pri\/T1T85P197-F01AMS1H3GD\/image.png?t=xoxe-61277783313-6938219705459-6931704589846-f9456fee8056b431d8cc920b3927c14d",
                "url_private_download": "https:\/\/files.slack.com\/files-pri\/T1T85P197-F01AMS1H3GD\/download\/image.png?t=xoxe-61277783313-6938219705459-6931704589846-f9456fee8056b431d8cc920b3927c14d",
                "media_display_type": "unknown",
                "thumb_64": "https:\/\/files.slack.com\/files-tmb\/T1T85P197-F01AMS1H3GD-8cc089f6ef\/image_64.png?t=xoxe-61277783313-6938219705459-6931704589846-f9456fee8056b431d8cc920b3927c14d",
                "thumb_80": "https:\/\/files.slack.com\/files-tmb\/T1T85P197-F01AMS1H3GD-8cc089f6ef\/image_80.png?t=xoxe-61277783313-6938219705459-6931704589846-f9456fee8056b431d8cc920b3927c14d",
                "thumb_360": "https:\/\/files.slack.com\/files-tmb\/T1T85P197-F01AMS1H3GD-8cc089f6ef\/image_360.png?t=xoxe-61277783313-6938219705459-6931704589846-f9456fee8056b431d8cc920b3927c14d",
                "thumb_360_w": 360,
                "thumb_360_h": 289,
                "thumb_480": "https:\/\/files.slack.com\/files-tmb\/T1T85P197-F01AMS1H3GD-8cc089f6ef\/image_480.png?t=xoxe-61277783313-6938219705459-6931704589846-f9456fee8056b431d8cc920b3927c14d",
                "thumb_480_w": 480,
                "thumb_480_h": 385,
                "thumb_160": "https:\/\/files.slack.com\/files-tmb\/T1T85P197-F01AMS1H3GD-8cc089f6ef\/image_160.png?t=xoxe-61277783313-6938219705459-6931704589846-f9456fee8056b431d8cc920b3927c14d",
                "thumb_720": "https:\/\/files.slack.com\/files-tmb\/T1T85P197-F01AMS1H3GD-8cc089f6ef\/image_720.png?t=xoxe-61277783313-6938219705459-6931704589846-f9456fee8056b431d8cc920b3927c14d",
                "thumb_720_w": 720,
                "thumb_720_h": 577,
                "thumb_800": "https:\/\/files.slack.com\/files-tmb\/T1T85P197-F01AMS1H3GD-8cc089f6ef\/image_800.png?t=xoxe-61277783313-6938219705459-6931704589846-f9456fee8056b431d8cc920b3927c14d",
                "thumb_800_w": 800,
                "thumb_800_h": 642,
                "original_w": 853,
                "original_h": 684,
                "thumb_tiny": "AwAmADDToppY56Ubj6fzoAdUbH5jzTgx7ijAIyQaAGZ96cnJzk0oHoPzpR9MUALRTWIB5FJlfSgBx9KNo9KblPSlwD0oAXaPSjaPSjaPSlAxQA1lJPFJs9+afRQA3Z704UUUAFFFFAH\/2Q==",
                "permalink": "https:\/\/schulzlab.slack.com\/files\/U010M1M3N9E\/F01AMS1H3GD\/image.png",
                "permalink_public": "https:\/\/slack-files.com\/T1T85P197-F01AMS1H3GD-d3b9b16037",
                "is_starred": false,
                "has_rich_preview": false,
                "file_access": "visible"
            }
        ],
        "upload": false,
        "user": "U010M1M3N9E",
        "display_as_bot": false,
        "type": "message",
        "ts": "1600188567.016200",
        "thread_ts": "1600181303.010600",
        "parent_user_id": "U0112M51KBP"
    },
    {
        "user": "U0112M51KBP",
        "type": "message",
        "ts": "1600188641.016600",
        "client_msg_id": "3ea1dfbb-8ca1-4d67-b0b1-d4b6418e06e9",
        "text": "Thank you all for being willing to help me. I will look over all this and think on it after I finish my classes for the day. I AM SO GRATEFUL.",
        "team": "T1T85P197",
        "user_team": "T1T85P197",
        "source_team": "T1T85P197",
        "user_profile": {
            "avatar_hash": "c5aa16874fc8",
            "image_72": "https:\/\/avatars.slack-edge.com\/2022-02-14\/3104030837796_c5aa16874fc85ae836ff_72.jpg",
            "first_name": "Sierra",
            "real_name": "Sierra Nelson",
            "display_name": "Sierra Nelson",
            "team": "T1T85P197",
            "name": "sm.nelson",
            "is_restricted": false,
            "is_ultra_restricted": false
        },
        "thread_ts": "1600181303.010600",
        "parent_user_id": "U0112M51KBP",
        "blocks": [
            {
                "type": "rich_text",
                "block_id": "vcl27",
                "elements": [
                    {
                        "type": "rich_text_section",
                        "elements": [
                            {
                                "type": "text",
                                "text": "Thank you all for being willing to help me. I will look over all this and think on it after I finish my classes for the day. I AM SO GRATEFUL."
                            }
                        ]
                    }
                ]
            }
        ]
    },
    {
        "text": "p31-33 in this guide has a very simplified but technical explanation of this. Essentially in CC we are seeing what the cell sees but we can't infer anything about the currents because time and voltage are changing. In vc, we can do steps to different voltages and make assumptions about time, or better yet, block currents we are not interested in, and estimate the current it takes to keep the membane at that voltage, knowing that will be equal and opposite to the current of interest.",
        "files": [
            {
                "id": "F01AX5MD868",
                "created": 1600189079,
                "timestamp": 1600189079,
                "name": "axon_guide_3rd_edition.pdf",
                "title": "axon_guide_3rd_edition.pdf",
                "mimetype": "application\/pdf",
                "filetype": "pdf",
                "pretty_type": "PDF",
                "user": "U010M1M3N9E",
                "user_team": "T1T85P197",
                "editable": false,
                "size": 4419534,
                "mode": "hosted",
                "is_external": false,
                "external_type": "",
                "is_public": true,
                "public_url_shared": false,
                "display_as_bot": false,
                "username": "",
                "url_private": "https:\/\/files.slack.com\/files-pri\/T1T85P197-F01AX5MD868\/axon_guide_3rd_edition.pdf?t=xoxe-61277783313-6938219705459-6931704589846-f9456fee8056b431d8cc920b3927c14d",
                "url_private_download": "https:\/\/files.slack.com\/files-pri\/T1T85P197-F01AX5MD868\/download\/axon_guide_3rd_edition.pdf?t=xoxe-61277783313-6938219705459-6931704589846-f9456fee8056b431d8cc920b3927c14d",
                "media_display_type": "unknown",
                "thumb_pdf": "https:\/\/files.slack.com\/files-tmb\/T1T85P197-F01AX5MD868-43a9624674\/axon_guide_3rd_edition_thumb_pdf.png?t=xoxe-61277783313-6938219705459-6931704589846-f9456fee8056b431d8cc920b3927c14d",
                "thumb_pdf_w": 825,
                "thumb_pdf_h": 990,
                "permalink": "https:\/\/schulzlab.slack.com\/files\/U010M1M3N9E\/F01AX5MD868\/axon_guide_3rd_edition.pdf",
                "permalink_public": "https:\/\/slack-files.com\/T1T85P197-F01AX5MD868-ac8da516b4",
                "is_starred": false,
                "has_rich_preview": false,
                "file_access": "visible"
            }
        ],
        "upload": false,
        "user": "U010M1M3N9E",
        "display_as_bot": false,
        "blocks": [
            {
                "type": "rich_text",
                "block_id": "VvG6O",
                "elements": [
                    {
                        "type": "rich_text_section",
                        "elements": [
                            {
                                "type": "text",
                                "text": "p31-33 in this guide has a very simplified but technical explanation of this. Essentially in CC we are seeing what the cell sees but we can't infer anything about the currents because time and voltage are changing. In vc, we can do steps to different voltages and make assumptions about time, or better yet, block currents we are not interested in, and estimate the current it takes to keep the membane at that voltage, knowing that will be equal and opposite to the current of interest."
                            }
                        ]
                    }
                ]
            }
        ],
        "type": "message",
        "ts": "1600189229.016800",
        "thread_ts": "1600181303.010600",
        "parent_user_id": "U0112M51KBP"
    },
    {
        "text": "where mike goes too far.....",
        "files": [
            {
                "id": "F01B3LV6U1X",
                "created": 1600190699,
                "timestamp": 1600190699,
                "name": "image.png",
                "title": "image.png",
                "mimetype": "image\/png",
                "filetype": "png",
                "pretty_type": "PNG",
                "user": "U010M1M3N9E",
                "user_team": "T1T85P197",
                "editable": false,
                "size": 196094,
                "mode": "hosted",
                "is_external": false,
                "external_type": "",
                "is_public": true,
                "public_url_shared": false,
                "display_as_bot": false,
                "username": "",
                "url_private": "https:\/\/files.slack.com\/files-pri\/T1T85P197-F01B3LV6U1X\/image.png?t=xoxe-61277783313-6938219705459-6931704589846-f9456fee8056b431d8cc920b3927c14d",
                "url_private_download": "https:\/\/files.slack.com\/files-pri\/T1T85P197-F01B3LV6U1X\/download\/image.png?t=xoxe-61277783313-6938219705459-6931704589846-f9456fee8056b431d8cc920b3927c14d",
                "media_display_type": "unknown",
                "thumb_64": "https:\/\/files.slack.com\/files-tmb\/T1T85P197-F01B3LV6U1X-b7d9d57ea8\/image_64.png?t=xoxe-61277783313-6938219705459-6931704589846-f9456fee8056b431d8cc920b3927c14d",
                "thumb_80": "https:\/\/files.slack.com\/files-tmb\/T1T85P197-F01B3LV6U1X-b7d9d57ea8\/image_80.png?t=xoxe-61277783313-6938219705459-6931704589846-f9456fee8056b431d8cc920b3927c14d",
                "thumb_360": "https:\/\/files.slack.com\/files-tmb\/T1T85P197-F01B3LV6U1X-b7d9d57ea8\/image_360.png?t=xoxe-61277783313-6938219705459-6931704589846-f9456fee8056b431d8cc920b3927c14d",
                "thumb_360_w": 360,
                "thumb_360_h": 212,
                "thumb_480": "https:\/\/files.slack.com\/files-tmb\/T1T85P197-F01B3LV6U1X-b7d9d57ea8\/image_480.png?t=xoxe-61277783313-6938219705459-6931704589846-f9456fee8056b431d8cc920b3927c14d",
                "thumb_480_w": 480,
                "thumb_480_h": 283,
                "thumb_160": "https:\/\/files.slack.com\/files-tmb\/T1T85P197-F01B3LV6U1X-b7d9d57ea8\/image_160.png?t=xoxe-61277783313-6938219705459-6931704589846-f9456fee8056b431d8cc920b3927c14d",
                "thumb_720": "https:\/\/files.slack.com\/files-tmb\/T1T85P197-F01B3LV6U1X-b7d9d57ea8\/image_720.png?t=xoxe-61277783313-6938219705459-6931704589846-f9456fee8056b431d8cc920b3927c14d",
                "thumb_720_w": 720,
                "thumb_720_h": 424,
                "thumb_800": "https:\/\/files.slack.com\/files-tmb\/T1T85P197-F01B3LV6U1X-b7d9d57ea8\/image_800.png?t=xoxe-61277783313-6938219705459-6931704589846-f9456fee8056b431d8cc920b3927c14d",
                "thumb_800_w": 800,
                "thumb_800_h": 471,
                "thumb_960": "https:\/\/files.slack.com\/files-tmb\/T1T85P197-F01B3LV6U1X-b7d9d57ea8\/image_960.png?t=xoxe-61277783313-6938219705459-6931704589846-f9456fee8056b431d8cc920b3927c14d",
                "thumb_960_w": 960,
                "thumb_960_h": 566,
                "thumb_1024": "https:\/\/files.slack.com\/files-tmb\/T1T85P197-F01B3LV6U1X-b7d9d57ea8\/image_1024.png?t=xoxe-61277783313-6938219705459-6931704589846-f9456fee8056b431d8cc920b3927c14d",
                "thumb_1024_w": 1024,
                "thumb_1024_h": 603,
                "original_w": 1207,
                "original_h": 711,
                "thumb_tiny": "AwAcADDQc88E\/nSZPqfzpXyTTQD6fnQA7nnORSZ92py578D2pSAQcYzQA0Z9Wpw\/H8aQDHXFL37UAMONx6fjThtHYU1x1PenIOAST+dABlf8ilyv+RS0UAGB6CjA9KKKAP\/Z",
                "permalink": "https:\/\/schulzlab.slack.com\/files\/U010M1M3N9E\/F01B3LV6U1X\/image.png",
                "permalink_public": "https:\/\/slack-files.com\/T1T85P197-F01B3LV6U1X-5fdb75dbe2",
                "is_starred": false,
                "has_rich_preview": false,
                "file_access": "visible"
            }
        ],
        "upload": false,
        "user": "U010M1M3N9E",
        "display_as_bot": false,
        "blocks": [
            {
                "type": "rich_text",
                "block_id": "Ccpk",
                "elements": [
                    {
                        "type": "rich_text_section",
                        "elements": [
                            {
                                "type": "text",
                                "text": "where mike goes too far....."
                            }
                        ]
                    }
                ]
            }
        ],
        "type": "message",
        "ts": "1600190701.017200",
        "thread_ts": "1600181303.010600",
        "parent_user_id": "U0112M51KBP"
    }
]