[
    {
        "text": "My polling place this morning was pretty jammed, so I figured I would go to Mizzou arena because the students wouldn't be up and about too early. This is what I saw a bit before 7AM.",
        "files": [
            {
                "id": "F01DXEV5UFM",
                "created": 1604413668,
                "timestamp": 1604413668,
                "name": "IMG_6157.jpg",
                "title": "IMG_6157.jpg",
                "mimetype": "image\/jpeg",
                "filetype": "jpg",
                "pretty_type": "JPEG",
                "user": "U010N31RYMV",
                "user_team": "T1T85P197",
                "editable": false,
                "size": 2094001,
                "mode": "hosted",
                "is_external": false,
                "external_type": "",
                "is_public": true,
                "public_url_shared": false,
                "display_as_bot": false,
                "username": "",
                "url_private": "https:\/\/files.slack.com\/files-pri\/T1T85P197-F01DXEV5UFM\/img_6157.jpg?t=xoxe-61277783313-6938219705459-6931704589846-f9456fee8056b431d8cc920b3927c14d",
                "url_private_download": "https:\/\/files.slack.com\/files-pri\/T1T85P197-F01DXEV5UFM\/download\/img_6157.jpg?t=xoxe-61277783313-6938219705459-6931704589846-f9456fee8056b431d8cc920b3927c14d",
                "media_display_type": "unknown",
                "thumb_64": "https:\/\/files.slack.com\/files-tmb\/T1T85P197-F01DXEV5UFM-729cf302e4\/img_6157_64.jpg?t=xoxe-61277783313-6938219705459-6931704589846-f9456fee8056b431d8cc920b3927c14d",
                "thumb_80": "https:\/\/files.slack.com\/files-tmb\/T1T85P197-F01DXEV5UFM-729cf302e4\/img_6157_80.jpg?t=xoxe-61277783313-6938219705459-6931704589846-f9456fee8056b431d8cc920b3927c14d",
                "thumb_360": "https:\/\/files.slack.com\/files-tmb\/T1T85P197-F01DXEV5UFM-729cf302e4\/img_6157_360.jpg?t=xoxe-61277783313-6938219705459-6931704589846-f9456fee8056b431d8cc920b3927c14d",
                "thumb_360_w": 270,
                "thumb_360_h": 360,
                "thumb_480": "https:\/\/files.slack.com\/files-tmb\/T1T85P197-F01DXEV5UFM-729cf302e4\/img_6157_480.jpg?t=xoxe-61277783313-6938219705459-6931704589846-f9456fee8056b431d8cc920b3927c14d",
                "thumb_480_w": 360,
                "thumb_480_h": 480,
                "thumb_160": "https:\/\/files.slack.com\/files-tmb\/T1T85P197-F01DXEV5UFM-729cf302e4\/img_6157_160.jpg?t=xoxe-61277783313-6938219705459-6931704589846-f9456fee8056b431d8cc920b3927c14d",
                "thumb_720": "https:\/\/files.slack.com\/files-tmb\/T1T85P197-F01DXEV5UFM-729cf302e4\/img_6157_720.jpg?t=xoxe-61277783313-6938219705459-6931704589846-f9456fee8056b431d8cc920b3927c14d",
                "thumb_720_w": 540,
                "thumb_720_h": 720,
                "thumb_800": "https:\/\/files.slack.com\/files-tmb\/T1T85P197-F01DXEV5UFM-729cf302e4\/img_6157_800.jpg?t=xoxe-61277783313-6938219705459-6931704589846-f9456fee8056b431d8cc920b3927c14d",
                "thumb_800_w": 800,
                "thumb_800_h": 1067,
                "thumb_960": "https:\/\/files.slack.com\/files-tmb\/T1T85P197-F01DXEV5UFM-729cf302e4\/img_6157_960.jpg?t=xoxe-61277783313-6938219705459-6931704589846-f9456fee8056b431d8cc920b3927c14d",
                "thumb_960_w": 720,
                "thumb_960_h": 960,
                "thumb_1024": "https:\/\/files.slack.com\/files-tmb\/T1T85P197-F01DXEV5UFM-729cf302e4\/img_6157_1024.jpg?t=xoxe-61277783313-6938219705459-6931704589846-f9456fee8056b431d8cc920b3927c14d",
                "thumb_1024_w": 768,
                "thumb_1024_h": 1024,
                "original_w": 3024,
                "original_h": 4032,
                "thumb_tiny": "AwAwACR+KMVJto21qQR4pcU\/bRlP76\/nSAZilxUgXI45pdlAC7o9u7cMfWqr3OZtq42dyRTFmQY+QkDtVcv5tyMqBn0FZXZpZIUlicuST\/tULjPOMfSrA9xQVyOtFwsMLY6A0m8+hp3lj1o8sf3qmwxSARiq6xss+WGAOKnxSux+fA7gimAZ9zRkehpgLn+EUvzdyBTELj2\/WjHt+tN4\/vmjj++aAP\/Z",
                "permalink": "https:\/\/schulzlab.slack.com\/files\/U010N31RYMV\/F01DXEV5UFM\/img_6157.jpg",
                "permalink_public": "https:\/\/slack-files.com\/T1T85P197-F01DXEV5UFM-9964161f1c",
                "is_starred": false,
                "has_rich_preview": false,
                "file_access": "visible"
            }
        ],
        "upload": false,
        "user": "U010N31RYMV",
        "display_as_bot": false,
        "blocks": [
            {
                "type": "rich_text",
                "block_id": "oZd0C",
                "elements": [
                    {
                        "type": "rich_text_section",
                        "elements": [
                            {
                                "type": "text",
                                "text": "My polling place this morning was pretty jammed, so I figured I would go to Mizzou arena because the students wouldn't be up and about too early. This is what I saw a bit before 7AM."
                            }
                        ]
                    }
                ]
            }
        ],
        "type": "message",
        "ts": "1604413690.000800",
        "reactions": [
            {
                "name": "+1::skin-tone-4",
                "users": [
                    "U0112M51KBP"
                ],
                "count": 1
            }
        ]
    },
    {
        "user": "U010N31RYMV",
        "type": "message",
        "ts": "1604413748.001800",
        "client_msg_id": "f3f34cd7-cce6-4c89-a21e-7c9add6f498b",
        "text": "I would say this line is at least 95% students. Way to go, young voters! Keep it up all day!",
        "team": "T1T85P197",
        "user_team": "T1T85P197",
        "source_team": "T1T85P197",
        "user_profile": {
            "avatar_hash": "084d1d915961",
            "image_72": "https:\/\/avatars.slack-edge.com\/2021-06-11\/2162938824690_084d1d915961fd2a1fcb_72.png",
            "first_name": "",
            "real_name": "David Schulz",
            "display_name": "David Schulz",
            "team": "T1T85P197",
            "name": "schulzd",
            "is_restricted": false,
            "is_ultra_restricted": false
        },
        "blocks": [
            {
                "type": "rich_text",
                "block_id": "aVV",
                "elements": [
                    {
                        "type": "rich_text_section",
                        "elements": [
                            {
                                "type": "text",
                                "text": "I would say this line is at least 95% students. Way to go, young voters! Keep it up all day!"
                            }
                        ]
                    }
                ]
            }
        ],
        "reactions": [
            {
                "name": "+1",
                "users": [
                    "U010CH4JLKE",
                    "U01328S2P1T"
                ],
                "count": 2
            },
            {
                "name": "us",
                "users": [
                    "U1T7R897Y"
                ],
                "count": 1
            }
        ]
    },
    {
        "user": "U010CH4JLKE",
        "type": "message",
        "ts": "1604419377.006000",
        "client_msg_id": "9a60ceb2-f083-48b7-bdb5-5a40916122d8",
        "text": "Lots of foot traffic on east campus before 7am this morning as well. Happy to see that",
        "team": "T1T85P197",
        "user_team": "T1T85P197",
        "source_team": "T1T85P197",
        "user_profile": {
            "avatar_hash": "g20bb784c4fd",
            "image_72": "https:\/\/secure.gravatar.com\/avatar\/20bb784c4fdee8946cb76160792cd6f9.jpg?s=72&d=https%3A%2F%2Fa.slack-edge.com%2Fdf10d%2Fimg%2Favatars%2Fava_0023-72.png",
            "first_name": "",
            "real_name": "Benton",
            "display_name": "",
            "team": "T1T85P197",
            "name": "bentonberigan",
            "is_restricted": false,
            "is_ultra_restricted": false
        },
        "blocks": [
            {
                "type": "rich_text",
                "block_id": "8Qh7",
                "elements": [
                    {
                        "type": "rich_text_section",
                        "elements": [
                            {
                                "type": "text",
                                "text": "Lots of foot traffic on east campus before 7am this morning as well. Happy to see that"
                            }
                        ]
                    }
                ]
            }
        ]
    },
    {
        "user": "U010N31RYMV",
        "type": "message",
        "ts": "1604429997.007500",
        "client_msg_id": "b275ae2f-3d6a-4978-b389-3809edeaa40a",
        "text": "Any of you have any insight into the DI water going down in LeFevre yesterday?  Steve Heinrich says that ultimately what happened was someone opened valves in the system and contaminated the DI water with domestic water and ruined the cartridge. This may have happened in the evening some time?  Did anyone see anything or do anything that I should be aware of?",
        "team": "T1T85P197",
        "user_team": "T1T85P197",
        "source_team": "T1T85P197",
        "user_profile": {
            "avatar_hash": "084d1d915961",
            "image_72": "https:\/\/avatars.slack-edge.com\/2021-06-11\/2162938824690_084d1d915961fd2a1fcb_72.png",
            "first_name": "",
            "real_name": "David Schulz",
            "display_name": "David Schulz",
            "team": "T1T85P197",
            "name": "schulzd",
            "is_restricted": false,
            "is_ultra_restricted": false
        },
        "blocks": [
            {
                "type": "rich_text",
                "block_id": "zqU",
                "elements": [
                    {
                        "type": "rich_text_section",
                        "elements": [
                            {
                                "type": "text",
                                "text": "Any of you have any insight into the DI water going down in LeFevre yesterday?  Steve Heinrich says that ultimately what happened was someone opened valves in the system and contaminated the DI water with domestic water and ruined the cartridge. This may have happened in the evening some time?  Did anyone see anything or do anything that I should be aware of?"
                            }
                        ]
                    }
                ]
            }
        ]
    },
    {
        "user": "U010CH4JLKE",
        "type": "message",
        "ts": "1604430203.011300",
        "client_msg_id": "83dc4a06-5d1d-4956-a8d1-e583c48d8349",
        "text": "Not sure. I havent used DI water since last Wednesday and that was in lefevre 205. There's been long withstanding issues with DI water flowing to lefevre 202 and 205. It pretty much doesn't flow to 202 and it takes some time to flow to 205 once the faucet is open.",
        "team": "T1T85P197",
        "user_team": "T1T85P197",
        "source_team": "T1T85P197",
        "user_profile": {
            "avatar_hash": "g20bb784c4fd",
            "image_72": "https:\/\/secure.gravatar.com\/avatar\/20bb784c4fdee8946cb76160792cd6f9.jpg?s=72&d=https%3A%2F%2Fa.slack-edge.com%2Fdf10d%2Fimg%2Favatars%2Fava_0023-72.png",
            "first_name": "",
            "real_name": "Benton",
            "display_name": "",
            "team": "T1T85P197",
            "name": "bentonberigan",
            "is_restricted": false,
            "is_ultra_restricted": false
        },
        "blocks": [
            {
                "type": "rich_text",
                "block_id": "w6t",
                "elements": [
                    {
                        "type": "rich_text_section",
                        "elements": [
                            {
                                "type": "text",
                                "text": "Not sure. I havent used DI water since last Wednesday and that was in lefevre 205. There's been long withstanding issues with DI water flowing to lefevre 202 and 205. It pretty much doesn't flow to 202 and it takes some time to flow to 205 once the faucet is open."
                            }
                        ]
                    }
                ]
            }
        ]
    },
    {
        "user": "U0103JSQYLB",
        "type": "message",
        "ts": "1604430269.011600",
        "client_msg_id": "8E9B0D72-4B20-4C2C-974C-091DFE2F7D4C",
        "text": "Yeah haven’t been in lefevre in some time now ",
        "team": "T1T85P197",
        "user_team": "T1T85P197",
        "source_team": "T1T85P197",
        "user_profile": {
            "avatar_hash": "94bf4a6c3643",
            "image_72": "https:\/\/avatars.slack-edge.com\/2023-05-20\/5309607146049_94bf4a6c3643af0ab428_72.png",
            "first_name": "Joe",
            "real_name": "Joe",
            "display_name": "Joe",
            "team": "T1T85P197",
            "name": "joseviteri",
            "is_restricted": false,
            "is_ultra_restricted": false
        },
        "blocks": [
            {
                "type": "rich_text",
                "block_id": "WC6Un",
                "elements": [
                    {
                        "type": "rich_text_section",
                        "elements": [
                            {
                                "type": "text",
                                "text": "Yeah haven’t been in lefevre in some time now "
                            }
                        ]
                    }
                ]
            }
        ]
    }
]