[
    {
        "user": "U010M1M3N9E",
        "type": "message",
        "ts": "1605042277.003700",
        "client_msg_id": "f9952fa8-975a-46b1-8038-1890cd043b82",
        "text": "hey guys, at the nsf presentation now, lemme know if you need the link. There's only 49 people so there's plenty of room",
        "team": "T1T85P197",
        "user_team": "T1T85P197",
        "source_team": "T1T85P197",
        "user_profile": {
            "avatar_hash": "63b8b876b0d0",
            "image_72": "https:\/\/avatars.slack-edge.com\/2021-01-15\/1638892537269_63b8b876b0d0bce87f79_72.jpg",
            "first_name": "Michael",
            "real_name": "Michael Gray",
            "display_name": "Michael Gray",
            "team": "T1T85P197",
            "name": "grayml",
            "is_restricted": false,
            "is_ultra_restricted": false
        },
        "blocks": [
            {
                "type": "rich_text",
                "block_id": "cf9B",
                "elements": [
                    {
                        "type": "rich_text_section",
                        "elements": [
                            {
                                "type": "text",
                                "text": "hey guys, at the nsf presentation now, lemme know if you need the link. There's only 49 people so there's plenty of room"
                            }
                        ]
                    }
                ]
            }
        ]
    },
    {
        "user": "U010M1M3N9E",
        "type": "message",
        "ts": "1605042302.004400",
        "client_msg_id": "0feace43-4fb3-4f47-ad7c-125a57e85889",
        "text": "they're having a few tech difficulties so you havent missed anything",
        "team": "T1T85P197",
        "user_team": "T1T85P197",
        "source_team": "T1T85P197",
        "user_profile": {
            "avatar_hash": "63b8b876b0d0",
            "image_72": "https:\/\/avatars.slack-edge.com\/2021-01-15\/1638892537269_63b8b876b0d0bce87f79_72.jpg",
            "first_name": "Michael",
            "real_name": "Michael Gray",
            "display_name": "Michael Gray",
            "team": "T1T85P197",
            "name": "grayml",
            "is_restricted": false,
            "is_ultra_restricted": false
        },
        "blocks": [
            {
                "type": "rich_text",
                "block_id": "tFM",
                "elements": [
                    {
                        "type": "rich_text_section",
                        "elements": [
                            {
                                "type": "text",
                                "text": "they're having a few tech difficulties so you havent missed anything"
                            }
                        ]
                    }
                ]
            }
        ]
    },
    {
        "user": "U010M1M3N9E",
        "type": "message",
        "ts": "1605042466.004700",
        "client_msg_id": "bcf20492-bac1-44ac-a932-adcad5f9acb5",
        "text": "just started now 3:07",
        "team": "T1T85P197",
        "user_team": "T1T85P197",
        "source_team": "T1T85P197",
        "user_profile": {
            "avatar_hash": "63b8b876b0d0",
            "image_72": "https:\/\/avatars.slack-edge.com\/2021-01-15\/1638892537269_63b8b876b0d0bce87f79_72.jpg",
            "first_name": "Michael",
            "real_name": "Michael Gray",
            "display_name": "Michael Gray",
            "team": "T1T85P197",
            "name": "grayml",
            "is_restricted": false,
            "is_ultra_restricted": false
        },
        "blocks": [
            {
                "type": "rich_text",
                "block_id": "ReR",
                "elements": [
                    {
                        "type": "rich_text_section",
                        "elements": [
                            {
                                "type": "text",
                                "text": "just started now 3:07"
                            }
                        ]
                    }
                ]
            }
        ]
    },
    {
        "user": "U010M1M3N9E",
        "type": "message",
        "ts": "1605047061.018700",
        "edited": {
            "user": "U010M1M3N9E",
            "ts": "1605047301.000000"
        },
        "client_msg_id": "56255ac9-8333-4092-aef3-6acfcbd58527",
        "text": "Hey Guys. Thought I'd summarize what I thought the nonobvious take home messages were from Dr. Gangopadhyay's NSF talk.  It was geared primarily to engineering early career investigators but there's always guiding principles that are applicable across fields when it comes to proposal writing. These are my interpretation of the talk. I do not know if they hold true outside of engineering, but they sounded good to me.\n1. NSF proposal format is different from NIH proposal format. Although this may seem common sense, this was surprising to me as Ogden 2002 directly contradicts this, and claims that since most NSF reviewers will also be reviewing for NIH, you should stick with NIH format. Not sure if this is obsolete now.\n 2. In the context of the CAREER proposal. Outreach is extremely important. It is often the tie breaker.\n3. Collaborations must be convincing. If you cannot write every step your collaborator is doing. Go to their lab and see what they do. Make sure you understand every in and out of the process. If you meet with your PO before you write, make sure your collaborator is on the zoom call so any concerns can be addressed right then and there.\n  4. If you have 5 people say your proposal is very good without suggestions for improvement. They probably didn't read it very well. Proposals can always be improved.\n  5.In the context of early investigator awards, Make sure your project is nonoverlapping with your mentors. They want to see your truly independent. Its more important to publish with your students than your mentor as it shows independence\n 6. Don't repeat meaningless words, especially without carefully substantiating them. Examples given were \"innovative\" \"Novel\" etc. You can get away with them maybe once, but its important not to waste space on them.                                                                                                                                                                                                        hope this helps!",
        "team": "T1T85P197",
        "user_team": "T1T85P197",
        "source_team": "T1T85P197",
        "user_profile": {
            "avatar_hash": "63b8b876b0d0",
            "image_72": "https:\/\/avatars.slack-edge.com\/2021-01-15\/1638892537269_63b8b876b0d0bce87f79_72.jpg",
            "first_name": "Michael",
            "real_name": "Michael Gray",
            "display_name": "Michael Gray",
            "team": "T1T85P197",
            "name": "grayml",
            "is_restricted": false,
            "is_ultra_restricted": false
        },
        "blocks": [
            {
                "type": "rich_text",
                "block_id": "wdC",
                "elements": [
                    {
                        "type": "rich_text_section",
                        "elements": [
                            {
                                "type": "text",
                                "text": "Hey Guys. Thought I'd summarize what I thought the nonobvious take home messages were from Dr. Gangopadhyay's NSF talk.  It was geared primarily to engineering early career investigators but there's always guiding principles that are applicable across fields when it comes to proposal writing. These are my interpretation of the talk. I do not know if they hold true outside of engineering, but they sounded good to me.\n1. NSF proposal format is different from NIH proposal format. Although this may seem common sense, this was surprising to me as Ogden 2002 directly contradicts this, and claims that since most NSF reviewers will also be reviewing for NIH, you should stick with NIH format. Not sure if this is obsolete now.\n 2. In the context of the CAREER proposal. Outreach is extremely important. It is often the tie breaker.\n3. Collaborations must be convincing. If you cannot write every step your collaborator is doing. Go to their lab and see what they do. Make sure you understand every in and out of the process. If you meet with your PO before you write, make sure your collaborator is on the zoom call so any concerns can be addressed right then and there.\n  4. If you have 5 people say your proposal is very good without suggestions for improvement. They probably didn't read it very well. Proposals can always be improved.\n  5.In the context of early investigator awards, Make sure your project is nonoverlapping with your mentors. They want to see your truly independent. Its more important to publish with your students than your mentor as it shows independence\n 6. Don't repeat meaningless words, especially without carefully substantiating them. Examples given were \"innovative\" \"Novel\" etc. You can get away with them maybe once, but its important not to waste space on them.                                                                                                                                                                                                        hope this helps!"
                            }
                        ]
                    }
                ]
            }
        ],
        "reactions": [
            {
                "name": "clap",
                "users": [
                    "U1T7R897Y"
                ],
                "count": 1
            }
        ]
    },
    {
        "user": "U010M1M3N9E",
        "type": "message",
        "ts": "1605047076.019000",
        "client_msg_id": "a946a42d-7077-4f85-9cdb-94cff1e0d95c",
        "text": "crap! I hate slack formatting!",
        "team": "T1T85P197",
        "user_team": "T1T85P197",
        "source_team": "T1T85P197",
        "user_profile": {
            "avatar_hash": "63b8b876b0d0",
            "image_72": "https:\/\/avatars.slack-edge.com\/2021-01-15\/1638892537269_63b8b876b0d0bce87f79_72.jpg",
            "first_name": "Michael",
            "real_name": "Michael Gray",
            "display_name": "Michael Gray",
            "team": "T1T85P197",
            "name": "grayml",
            "is_restricted": false,
            "is_ultra_restricted": false
        },
        "blocks": [
            {
                "type": "rich_text",
                "block_id": "\/WVsN",
                "elements": [
                    {
                        "type": "rich_text_section",
                        "elements": [
                            {
                                "type": "text",
                                "text": "crap! I hate slack formatting!"
                            }
                        ]
                    }
                ]
            }
        ]
    },
    {
        "user": "U010N31RYMV",
        "type": "message",
        "ts": "1605047126.019300",
        "client_msg_id": "9e10f86d-8dba-4ff9-9dcc-9a7180338d1b",
        "text": "Good work, Mike!  Thanks!",
        "team": "T1T85P197",
        "user_team": "T1T85P197",
        "source_team": "T1T85P197",
        "user_profile": {
            "avatar_hash": "084d1d915961",
            "image_72": "https:\/\/avatars.slack-edge.com\/2021-06-11\/2162938824690_084d1d915961fd2a1fcb_72.png",
            "first_name": "",
            "real_name": "David Schulz",
            "display_name": "David Schulz",
            "team": "T1T85P197",
            "name": "schulzd",
            "is_restricted": false,
            "is_ultra_restricted": false
        },
        "blocks": [
            {
                "type": "rich_text",
                "block_id": "9ku5",
                "elements": [
                    {
                        "type": "rich_text_section",
                        "elements": [
                            {
                                "type": "text",
                                "text": "Good work, Mike!  Thanks!"
                            }
                        ]
                    }
                ]
            }
        ]
    },
    {
        "user": "U010M1M3N9E",
        "type": "message",
        "ts": "1605047152.019900",
        "client_msg_id": "89a81957-da21-4cd7-ac09-95abd0d7fc0a",
        "text": "Well, if anyone figures out how to do a carriage return in slack lemme know",
        "team": "T1T85P197",
        "user_team": "T1T85P197",
        "source_team": "T1T85P197",
        "user_profile": {
            "avatar_hash": "63b8b876b0d0",
            "image_72": "https:\/\/avatars.slack-edge.com\/2021-01-15\/1638892537269_63b8b876b0d0bce87f79_72.jpg",
            "first_name": "Michael",
            "real_name": "Michael Gray",
            "display_name": "Michael Gray",
            "team": "T1T85P197",
            "name": "grayml",
            "is_restricted": false,
            "is_ultra_restricted": false
        },
        "blocks": [
            {
                "type": "rich_text",
                "block_id": "yw5ig",
                "elements": [
                    {
                        "type": "rich_text_section",
                        "elements": [
                            {
                                "type": "text",
                                "text": "Well, if anyone figures out how to do a carriage return in slack lemme know"
                            }
                        ]
                    }
                ]
            }
        ]
    },
    {
        "user": "U010M1M3N9E",
        "type": "message",
        "ts": "1605047157.020100",
        "client_msg_id": "cbe53aee-867e-4eea-af98-1872618c46e5",
        "text": "NP",
        "team": "T1T85P197",
        "user_team": "T1T85P197",
        "source_team": "T1T85P197",
        "user_profile": {
            "avatar_hash": "63b8b876b0d0",
            "image_72": "https:\/\/avatars.slack-edge.com\/2021-01-15\/1638892537269_63b8b876b0d0bce87f79_72.jpg",
            "first_name": "Michael",
            "real_name": "Michael Gray",
            "display_name": "Michael Gray",
            "team": "T1T85P197",
            "name": "grayml",
            "is_restricted": false,
            "is_ultra_restricted": false
        },
        "blocks": [
            {
                "type": "rich_text",
                "block_id": "DjQ9",
                "elements": [
                    {
                        "type": "rich_text_section",
                        "elements": [
                            {
                                "type": "text",
                                "text": "NP"
                            }
                        ]
                    }
                ]
            }
        ]
    },
    {
        "user": "U010N31RYMV",
        "type": "message",
        "ts": "1605047171.020600",
        "client_msg_id": "976bddaa-fb49-4273-ae18-d18ac7af13cf",
        "text": "(SHIFT ENTER)",
        "team": "T1T85P197",
        "user_team": "T1T85P197",
        "source_team": "T1T85P197",
        "user_profile": {
            "avatar_hash": "084d1d915961",
            "image_72": "https:\/\/avatars.slack-edge.com\/2021-06-11\/2162938824690_084d1d915961fd2a1fcb_72.png",
            "first_name": "",
            "real_name": "David Schulz",
            "display_name": "David Schulz",
            "team": "T1T85P197",
            "name": "schulzd",
            "is_restricted": false,
            "is_ultra_restricted": false
        },
        "blocks": [
            {
                "type": "rich_text",
                "block_id": "kJ5r",
                "elements": [
                    {
                        "type": "rich_text_section",
                        "elements": [
                            {
                                "type": "text",
                                "text": "(SHIFT ENTER)"
                            }
                        ]
                    }
                ]
            }
        ],
        "reactions": [
            {
                "name": "+1",
                "users": [
                    "U010M1M3N9E"
                ],
                "count": 1
            }
        ]
    },
    {
        "user": "U010M1M3N9E",
        "type": "message",
        "ts": "1605047174.020700",
        "client_msg_id": "46893ecf-85d3-4bcc-b7cc-acb60e740b23",
        "text": "requested slides, ilker was there but in incognito mode",
        "team": "T1T85P197",
        "user_team": "T1T85P197",
        "source_team": "T1T85P197",
        "user_profile": {
            "avatar_hash": "63b8b876b0d0",
            "image_72": "https:\/\/avatars.slack-edge.com\/2021-01-15\/1638892537269_63b8b876b0d0bce87f79_72.jpg",
            "first_name": "Michael",
            "real_name": "Michael Gray",
            "display_name": "Michael Gray",
            "team": "T1T85P197",
            "name": "grayml",
            "is_restricted": false,
            "is_ultra_restricted": false
        },
        "blocks": [
            {
                "type": "rich_text",
                "block_id": "flQ",
                "elements": [
                    {
                        "type": "rich_text_section",
                        "elements": [
                            {
                                "type": "text",
                                "text": "requested slides, ilker was there but in incognito mode"
                            }
                        ]
                    }
                ]
            }
        ]
    },
    {
        "user": "U010N31RYMV",
        "type": "message",
        "ts": "1605047209.021400",
        "client_msg_id": "472ad725-8fc0-421f-8b1a-63d926af6fb2",
        "text": "Or shift-return",
        "team": "T1T85P197",
        "user_team": "T1T85P197",
        "source_team": "T1T85P197",
        "user_profile": {
            "avatar_hash": "084d1d915961",
            "image_72": "https:\/\/avatars.slack-edge.com\/2021-06-11\/2162938824690_084d1d915961fd2a1fcb_72.png",
            "first_name": "",
            "real_name": "David Schulz",
            "display_name": "David Schulz",
            "team": "T1T85P197",
            "name": "schulzd",
            "is_restricted": false,
            "is_ultra_restricted": false
        },
        "blocks": [
            {
                "type": "rich_text",
                "block_id": "KomEE",
                "elements": [
                    {
                        "type": "rich_text_section",
                        "elements": [
                            {
                                "type": "text",
                                "text": "Or shift-return"
                            }
                        ]
                    }
                ]
            }
        ]
    },
    {
        "user": "U010M1M3N9E",
        "type": "message",
        "ts": "1605047314.022100",
        "client_msg_id": "2a6fe10c-1c03-4424-b03c-ae3738998c18",
        "text": "Thanks, good enough!",
        "team": "T1T85P197",
        "user_team": "T1T85P197",
        "source_team": "T1T85P197",
        "user_profile": {
            "avatar_hash": "63b8b876b0d0",
            "image_72": "https:\/\/avatars.slack-edge.com\/2021-01-15\/1638892537269_63b8b876b0d0bce87f79_72.jpg",
            "first_name": "Michael",
            "real_name": "Michael Gray",
            "display_name": "Michael Gray",
            "team": "T1T85P197",
            "name": "grayml",
            "is_restricted": false,
            "is_ultra_restricted": false
        },
        "blocks": [
            {
                "type": "rich_text",
                "block_id": "D+Pa",
                "elements": [
                    {
                        "type": "rich_text_section",
                        "elements": [
                            {
                                "type": "text",
                                "text": "Thanks, good enough!"
                            }
                        ]
                    }
                ]
            }
        ]
    },
    {
        "user": "U010M1M3N9E",
        "type": "message",
        "ts": "1605047417.023500",
        "client_msg_id": "3a449576-fc93-4b7b-9cb4-c409c5210ae9",
        "text": "So is \" integrate undergraduates and graduate students\" in the research experience a sufficient outreach, or does it come in many flavors?",
        "team": "T1T85P197",
        "user_team": "T1T85P197",
        "source_team": "T1T85P197",
        "user_profile": {
            "avatar_hash": "63b8b876b0d0",
            "image_72": "https:\/\/avatars.slack-edge.com\/2021-01-15\/1638892537269_63b8b876b0d0bce87f79_72.jpg",
            "first_name": "Michael",
            "real_name": "Michael Gray",
            "display_name": "Michael Gray",
            "team": "T1T85P197",
            "name": "grayml",
            "is_restricted": false,
            "is_ultra_restricted": false
        },
        "blocks": [
            {
                "type": "rich_text",
                "block_id": "pvM",
                "elements": [
                    {
                        "type": "rich_text_section",
                        "elements": [
                            {
                                "type": "text",
                                "text": "So is \" integrate undergraduates and graduate students\" in the research experience a sufficient outreach, or does it come in many flavors?"
                            }
                        ]
                    }
                ]
            }
        ]
    },
    {
        "user": "U010N31RYMV",
        "type": "message",
        "ts": "1605047607.025800",
        "client_msg_id": "9d4c4a81-5a01-4c9c-a3f7-817d6a0aff38",
        "text": "Not sufficient. Everyone does this. Outreach would be more along the lines of \"we set up a booth at the local farmer's market to engage the public in the conversation about why saving local pollinators is important both in terms of conservation but also food production and the economy.\"  Or \"we established a partnership with our local K-5 schools to survey local nematode populations in a citizen science project, and then invited them to the lab to see how we use C elegans to understand the brain.\"",
        "team": "T1T85P197",
        "user_team": "T1T85P197",
        "source_team": "T1T85P197",
        "user_profile": {
            "avatar_hash": "084d1d915961",
            "image_72": "https:\/\/avatars.slack-edge.com\/2021-06-11\/2162938824690_084d1d915961fd2a1fcb_72.png",
            "first_name": "",
            "real_name": "David Schulz",
            "display_name": "David Schulz",
            "team": "T1T85P197",
            "name": "schulzd",
            "is_restricted": false,
            "is_ultra_restricted": false
        },
        "blocks": [
            {
                "type": "rich_text",
                "block_id": "DCb",
                "elements": [
                    {
                        "type": "rich_text_section",
                        "elements": [
                            {
                                "type": "text",
                                "text": "Not sufficient. Everyone does this. Outreach would be more along the lines of \"we set up a booth at the local farmer's market to engage the public in the conversation about why saving local pollinators is important both in terms of conservation but also food production and the economy.\"  Or \"we established a partnership with our local K-5 schools to survey local nematode populations in a citizen science project, and then invited them to the lab to see how we use C elegans to understand the brain.\""
                            }
                        ]
                    }
                ]
            }
        ],
        "reactions": [
            {
                "name": "+1",
                "users": [
                    "U010M1M3N9E"
                ],
                "count": 1
            }
        ]
    },
    {
        "user": "U010N31RYMV",
        "type": "message",
        "ts": "1605047662.026900",
        "client_msg_id": "c4aa7bfb-035a-4d3b-9873-db6d0ccc3e6d",
        "text": "Daniel can tell you about his Broader Impacts project for his NSF-GRFP. I thought this was well done.",
        "team": "T1T85P197",
        "user_team": "T1T85P197",
        "source_team": "T1T85P197",
        "user_profile": {
            "avatar_hash": "084d1d915961",
            "image_72": "https:\/\/avatars.slack-edge.com\/2021-06-11\/2162938824690_084d1d915961fd2a1fcb_72.png",
            "first_name": "",
            "real_name": "David Schulz",
            "display_name": "David Schulz",
            "team": "T1T85P197",
            "name": "schulzd",
            "is_restricted": false,
            "is_ultra_restricted": false
        },
        "blocks": [
            {
                "type": "rich_text",
                "block_id": "P7TJA",
                "elements": [
                    {
                        "type": "rich_text_section",
                        "elements": [
                            {
                                "type": "text",
                                "text": "Daniel can tell you about his Broader Impacts project for his NSF-GRFP. I thought this was well done."
                            }
                        ]
                    }
                ]
            }
        ]
    },
    {
        "user": "U010M1M3N9E",
        "type": "message",
        "ts": "1605047748.028400",
        "client_msg_id": "ee5648c1-bbee-4446-8387-6eb6854abff4",
        "text": "Cool. Thats a good answer. I think its also a core component of this program. <http:\/\/nsf.gov\/funding\/pgm_summ.jsp?pims_id=503214|nsf.gov\/funding\/pgm_summ.jsp?pims_id=503214>    \"2) community service demonstrated through scientific leadership, education, or community outreach\" I realized when she said that it was kinda missing in my fellowship, so Ill have to work on that. I know that theres certain types of grants where this is crucial, but had no idea it was unilaterally important.",
        "team": "T1T85P197",
        "user_team": "T1T85P197",
        "source_team": "T1T85P197",
        "user_profile": {
            "avatar_hash": "63b8b876b0d0",
            "image_72": "https:\/\/avatars.slack-edge.com\/2021-01-15\/1638892537269_63b8b876b0d0bce87f79_72.jpg",
            "first_name": "Michael",
            "real_name": "Michael Gray",
            "display_name": "Michael Gray",
            "team": "T1T85P197",
            "name": "grayml",
            "is_restricted": false,
            "is_ultra_restricted": false
        },
        "blocks": [
            {
                "type": "rich_text",
                "block_id": "aB9",
                "elements": [
                    {
                        "type": "rich_text_section",
                        "elements": [
                            {
                                "type": "text",
                                "text": "Cool. Thats a good answer. I think its also a core component of this program. "
                            },
                            {
                                "type": "link",
                                "url": "http:\/\/nsf.gov\/funding\/pgm_summ.jsp?pims_id=503214",
                                "text": "nsf.gov\/funding\/pgm_summ.jsp?pims_id=503214"
                            },
                            {
                                "type": "text",
                                "text": "    \"2) community service demonstrated through scientific leadership, education, or community outreach\" I realized when she said that it was kinda missing in my fellowship, so Ill have to work on that. I know that theres certain types of grants where this is crucial, but had no idea it was unilaterally important."
                            }
                        ]
                    }
                ]
            }
        ]
    },
    {
        "user": "U010N31RYMV",
        "type": "message",
        "ts": "1605047878.029400",
        "client_msg_id": "3dcc5eea-7498-4fc1-a25a-5eed1170e2b6",
        "text": "NIH does not give a shit about this. NSF - quite the opposite.",
        "team": "T1T85P197",
        "user_team": "T1T85P197",
        "source_team": "T1T85P197",
        "user_profile": {
            "avatar_hash": "084d1d915961",
            "image_72": "https:\/\/avatars.slack-edge.com\/2021-06-11\/2162938824690_084d1d915961fd2a1fcb_72.png",
            "first_name": "",
            "real_name": "David Schulz",
            "display_name": "David Schulz",
            "team": "T1T85P197",
            "name": "schulzd",
            "is_restricted": false,
            "is_ultra_restricted": false
        },
        "blocks": [
            {
                "type": "rich_text",
                "block_id": "iCj6",
                "elements": [
                    {
                        "type": "rich_text_section",
                        "elements": [
                            {
                                "type": "text",
                                "text": "NIH does not give a shit about this. NSF - quite the opposite."
                            }
                        ]
                    }
                ]
            }
        ]
    },
    {
        "user": "U010M1M3N9E",
        "type": "message",
        "ts": "1605048276.029600",
        "client_msg_id": "09e0d7a5-3a79-45a7-970c-8bd9bcf26c5d",
        "text": "Ahh cool.",
        "team": "T1T85P197",
        "user_team": "T1T85P197",
        "source_team": "T1T85P197",
        "user_profile": {
            "avatar_hash": "63b8b876b0d0",
            "image_72": "https:\/\/avatars.slack-edge.com\/2021-01-15\/1638892537269_63b8b876b0d0bce87f79_72.jpg",
            "first_name": "Michael",
            "real_name": "Michael Gray",
            "display_name": "Michael Gray",
            "team": "T1T85P197",
            "name": "grayml",
            "is_restricted": false,
            "is_ultra_restricted": false
        },
        "blocks": [
            {
                "type": "rich_text",
                "block_id": "5V6",
                "elements": [
                    {
                        "type": "rich_text_section",
                        "elements": [
                            {
                                "type": "text",
                                "text": "Ahh cool."
                            }
                        ]
                    }
                ]
            }
        ]
    },
    {
        "text": "",
        "files": [
            {
                "id": "F01ECQBKUE9",
                "created": 1605048240,
                "timestamp": 1605048240,
                "name": "image.png",
                "title": "image.png",
                "mimetype": "image\/png",
                "filetype": "png",
                "pretty_type": "PNG",
                "user": "U010M1M3N9E",
                "user_team": "T1T85P197",
                "editable": false,
                "size": 9831,
                "mode": "hosted",
                "is_external": false,
                "external_type": "",
                "is_public": true,
                "public_url_shared": false,
                "display_as_bot": false,
                "username": "",
                "url_private": "https:\/\/files.slack.com\/files-pri\/T1T85P197-F01ECQBKUE9\/image.png?t=xoxe-61277783313-6938219705459-6931704589846-f9456fee8056b431d8cc920b3927c14d",
                "url_private_download": "https:\/\/files.slack.com\/files-pri\/T1T85P197-F01ECQBKUE9\/download\/image.png?t=xoxe-61277783313-6938219705459-6931704589846-f9456fee8056b431d8cc920b3927c14d",
                "media_display_type": "unknown",
                "thumb_64": "https:\/\/files.slack.com\/files-tmb\/T1T85P197-F01ECQBKUE9-7edcd3b05b\/image_64.png?t=xoxe-61277783313-6938219705459-6931704589846-f9456fee8056b431d8cc920b3927c14d",
                "thumb_80": "https:\/\/files.slack.com\/files-tmb\/T1T85P197-F01ECQBKUE9-7edcd3b05b\/image_80.png?t=xoxe-61277783313-6938219705459-6931704589846-f9456fee8056b431d8cc920b3927c14d",
                "thumb_360": "https:\/\/files.slack.com\/files-tmb\/T1T85P197-F01ECQBKUE9-7edcd3b05b\/image_360.png?t=xoxe-61277783313-6938219705459-6931704589846-f9456fee8056b431d8cc920b3927c14d",
                "thumb_360_w": 266,
                "thumb_360_h": 38,
                "thumb_160": "https:\/\/files.slack.com\/files-tmb\/T1T85P197-F01ECQBKUE9-7edcd3b05b\/image_160.png?t=xoxe-61277783313-6938219705459-6931704589846-f9456fee8056b431d8cc920b3927c14d",
                "original_w": 266,
                "original_h": 38,
                "thumb_tiny": "AwAGADC8x+Y5pMjNIfvN+NH8VAC5A5oyMYpp6Cg9qAHZpyY3Cmen0p0f3h+NAH\/\/2Q==",
                "permalink": "https:\/\/schulzlab.slack.com\/files\/U010M1M3N9E\/F01ECQBKUE9\/image.png",
                "permalink_public": "https:\/\/slack-files.com\/T1T85P197-F01ECQBKUE9-94c317da26",
                "is_starred": false,
                "has_rich_preview": false,
                "file_access": "visible"
            }
        ],
        "upload": false,
        "user": "U010M1M3N9E",
        "display_as_bot": false,
        "type": "message",
        "ts": "1605048293.029700",
        "thread_ts": "1605048293.029700",
        "reply_count": 1,
        "reply_users_count": 1,
        "latest_reply": "1605048398.030000",
        "reply_users": [
            "U010M1M3N9E"
        ],
        "replies": [
            {
                "user": "U010M1M3N9E",
                "ts": "1605048398.030000"
            }
        ],
        "is_locked": false,
        "subscribed": false
    },
    {
        "user": "U010M1M3N9E",
        "type": "message",
        "ts": "1605048398.030000",
        "client_msg_id": "c717ee9b-ac99-484f-afc1-de77d85c1639",
        "text": "I remembered this passage from ogden 2002, where the seminar suggested being format specific. Perhaps differences between engineering and biology? Or maybe just no universals.",
        "team": "T1T85P197",
        "user_team": "T1T85P197",
        "source_team": "T1T85P197",
        "user_profile": {
            "avatar_hash": "63b8b876b0d0",
            "image_72": "https:\/\/avatars.slack-edge.com\/2021-01-15\/1638892537269_63b8b876b0d0bce87f79_72.jpg",
            "first_name": "Michael",
            "real_name": "Michael Gray",
            "display_name": "Michael Gray",
            "team": "T1T85P197",
            "name": "grayml",
            "is_restricted": false,
            "is_ultra_restricted": false
        },
        "thread_ts": "1605048293.029700",
        "parent_user_id": "U010M1M3N9E",
        "blocks": [
            {
                "type": "rich_text",
                "block_id": "Oqxec",
                "elements": [
                    {
                        "type": "rich_text_section",
                        "elements": [
                            {
                                "type": "text",
                                "text": "I remembered this passage from ogden 2002, where the seminar suggested being format specific. Perhaps differences between engineering and biology? Or maybe just no universals."
                            }
                        ]
                    }
                ]
            }
        ]
    },
    {
        "user": "U010N31RYMV",
        "type": "message",
        "ts": "1605048516.030600",
        "client_msg_id": "c7480f16-e487-4161-83f1-98dc83bb978f",
        "text": "Yeah. I do not think this is accurate. Ogden needs a rethink in 2020.",
        "team": "T1T85P197",
        "user_team": "T1T85P197",
        "source_team": "T1T85P197",
        "user_profile": {
            "avatar_hash": "084d1d915961",
            "image_72": "https:\/\/avatars.slack-edge.com\/2021-06-11\/2162938824690_084d1d915961fd2a1fcb_72.png",
            "first_name": "",
            "real_name": "David Schulz",
            "display_name": "David Schulz",
            "team": "T1T85P197",
            "name": "schulzd",
            "is_restricted": false,
            "is_ultra_restricted": false
        },
        "blocks": [
            {
                "type": "rich_text",
                "block_id": "BK3h",
                "elements": [
                    {
                        "type": "rich_text_section",
                        "elements": [
                            {
                                "type": "text",
                                "text": "Yeah. I do not think this is accurate. Ogden needs a rethink in 2020."
                            }
                        ]
                    }
                ]
            }
        ]
    },
    {
        "user": "U010M1M3N9E",
        "type": "message",
        "ts": "1605048580.031300",
        "client_msg_id": "4b260501-f699-4fc0-b3a2-0cb0954c4331",
        "text": "She also said format changes year to year, so ogden may just be out of date",
        "team": "T1T85P197",
        "user_team": "T1T85P197",
        "source_team": "T1T85P197",
        "user_profile": {
            "avatar_hash": "63b8b876b0d0",
            "image_72": "https:\/\/avatars.slack-edge.com\/2021-01-15\/1638892537269_63b8b876b0d0bce87f79_72.jpg",
            "first_name": "Michael",
            "real_name": "Michael Gray",
            "display_name": "Michael Gray",
            "team": "T1T85P197",
            "name": "grayml",
            "is_restricted": false,
            "is_ultra_restricted": false
        },
        "blocks": [
            {
                "type": "rich_text",
                "block_id": "fNQKD",
                "elements": [
                    {
                        "type": "rich_text_section",
                        "elements": [
                            {
                                "type": "text",
                                "text": "She also said format changes year to year, so ogden may just be out of date"
                            }
                        ]
                    }
                ]
            }
        ]
    },
    {
        "text": "Slides!",
        "files": [
            {
                "id": "F01EFTA8CFL",
                "created": 1605048592,
                "timestamp": 1605048592,
                "name": "Gangopadhyay_NSF_Presentation_Nov_10_2020_FINAL.pptx",
                "title": "Gangopadhyay_NSF_Presentation_Nov_10_2020_FINAL.pptx",
                "mimetype": "application\/vnd.openxmlformats-officedocument.presentationml.presentation",
                "filetype": "pptx",
                "pretty_type": "PowerPoint Presentation",
                "user": "U010M1M3N9E",
                "user_team": "T1T85P197",
                "editable": false,
                "size": 698833,
                "mode": "hosted",
                "is_external": false,
                "external_type": "",
                "is_public": true,
                "public_url_shared": false,
                "display_as_bot": false,
                "username": "",
                "url_private": "https:\/\/files.slack.com\/files-pri\/T1T85P197-F01EFTA8CFL\/gangopadhyay_nsf_presentation_nov_10_2020_final.pptx?t=xoxe-61277783313-6938219705459-6931704589846-f9456fee8056b431d8cc920b3927c14d",
                "url_private_download": "https:\/\/files.slack.com\/files-pri\/T1T85P197-F01EFTA8CFL\/download\/gangopadhyay_nsf_presentation_nov_10_2020_final.pptx?t=xoxe-61277783313-6938219705459-6931704589846-f9456fee8056b431d8cc920b3927c14d",
                "media_display_type": "unknown",
                "converted_pdf": "https:\/\/files.slack.com\/files-tmb\/T1T85P197-F01EFTA8CFL-fd00246f09\/gangopadhyay_nsf_presentation_nov_10_2020_final_converted.pdf?t=xoxe-61277783313-6938219705459-6931704589846-f9456fee8056b431d8cc920b3927c14d",
                "thumb_pdf": "https:\/\/files.slack.com\/files-tmb\/T1T85P197-F01EFTA8CFL-fd00246f09\/gangopadhyay_nsf_presentation_nov_10_2020_final_thumb_pdf.png?t=xoxe-61277783313-6938219705459-6931704589846-f9456fee8056b431d8cc920b3927c14d",
                "thumb_pdf_w": 1467,
                "thumb_pdf_h": 825,
                "permalink": "https:\/\/schulzlab.slack.com\/files\/U010M1M3N9E\/F01EFTA8CFL\/gangopadhyay_nsf_presentation_nov_10_2020_final.pptx",
                "permalink_public": "https:\/\/slack-files.com\/T1T85P197-F01EFTA8CFL-705eef01ed",
                "is_starred": false,
                "has_rich_preview": false,
                "file_access": "visible"
            }
        ],
        "upload": false,
        "user": "U010M1M3N9E",
        "display_as_bot": false,
        "blocks": [
            {
                "type": "rich_text",
                "block_id": "sdJ",
                "elements": [
                    {
                        "type": "rich_text_section",
                        "elements": [
                            {
                                "type": "text",
                                "text": "Slides!"
                            }
                        ]
                    }
                ]
            }
        ],
        "type": "message",
        "ts": "1605048604.031500",
        "thread_ts": "1605048604.031500",
        "reply_count": 1,
        "reply_users_count": 1,
        "latest_reply": "1605049354.037300",
        "reply_users": [
            "U010M1M3N9E"
        ],
        "replies": [
            {
                "user": "U010M1M3N9E",
                "ts": "1605049354.037300"
            }
        ],
        "is_locked": false,
        "subscribed": false
    },
    {
        "user": "U010N31RYMV",
        "type": "message",
        "ts": "1605048904.035900",
        "client_msg_id": "310751e5-28cc-4b05-b452-3eee0add98f8",
        "text": "I do not want to sound too disrespectful - and certainly say this without specific reference to Dr. Gangopadhyay - but I often find it distasteful that most people become program officers at NSF or SROs at NIH because they were no longer able to successfully fund their research and had to find a different path to stay a part of the research enterprise. These positions used to be held as temporary positions by people with active research programs who took 1-3 years away to do a rotation as a program officer. Now most of these positions are held permanently by failed scientists. This shift can be frustrating, as program officers no longer know what it is like to try to run a research lab in the current scientific climate. But oh well! They are the gatekeepers, so all hail the program officer!",
        "team": "T1T85P197",
        "user_team": "T1T85P197",
        "source_team": "T1T85P197",
        "user_profile": {
            "avatar_hash": "084d1d915961",
            "image_72": "https:\/\/avatars.slack-edge.com\/2021-06-11\/2162938824690_084d1d915961fd2a1fcb_72.png",
            "first_name": "",
            "real_name": "David Schulz",
            "display_name": "David Schulz",
            "team": "T1T85P197",
            "name": "schulzd",
            "is_restricted": false,
            "is_ultra_restricted": false
        },
        "blocks": [
            {
                "type": "rich_text",
                "block_id": "dwGR",
                "elements": [
                    {
                        "type": "rich_text_section",
                        "elements": [
                            {
                                "type": "text",
                                "text": "I do not want to sound too disrespectful - and certainly say this without specific reference to Dr. Gangopadhyay - but I often find it distasteful that most people become program officers at NSF or SROs at NIH because they were no longer able to successfully fund their research and had to find a different path to stay a part of the research enterprise. These positions used to be held as temporary positions by people with active research programs who took 1-3 years away to do a rotation as a program officer. Now most of these positions are held permanently by failed scientists. This shift can be frustrating, as program officers no longer know what it is like to try to run a research lab in the current scientific climate. But oh well! They are the gatekeepers, so all hail the program officer!"
                            }
                        ]
                    }
                ]
            }
        ]
    },
    {
        "user": "U010N31RYMV",
        "type": "message",
        "ts": "1605048992.036600",
        "client_msg_id": "64b5b704-79c4-49e0-a10b-ce3e99ac0286",
        "text": "So in other words, expect me to be your program officer when you are all PIs!",
        "team": "T1T85P197",
        "user_team": "T1T85P197",
        "source_team": "T1T85P197",
        "user_profile": {
            "avatar_hash": "084d1d915961",
            "image_72": "https:\/\/avatars.slack-edge.com\/2021-06-11\/2162938824690_084d1d915961fd2a1fcb_72.png",
            "first_name": "",
            "real_name": "David Schulz",
            "display_name": "David Schulz",
            "team": "T1T85P197",
            "name": "schulzd",
            "is_restricted": false,
            "is_ultra_restricted": false
        },
        "blocks": [
            {
                "type": "rich_text",
                "block_id": "hq4Cg",
                "elements": [
                    {
                        "type": "rich_text_section",
                        "elements": [
                            {
                                "type": "text",
                                "text": "So in other words, expect me to be your program officer when you are all PIs!"
                            }
                        ]
                    }
                ]
            }
        ],
        "reactions": [
            {
                "name": "laughing",
                "users": [
                    "U010M1M3N9E"
                ],
                "count": 1
            }
        ]
    },
    {
        "user": "U010M1M3N9E",
        "type": "message",
        "ts": "1605049354.037300",
        "client_msg_id": "a6ae7b76-578d-422f-921c-413a07b65237",
        "text": "<https:\/\/umsystem.zoom.us\/rec\/share\/yo7cdZ6KtMNgk8XQVzCFXd-JK0yrQMs2oddegGKl5K21Zbw6g1KiKgg80f4FROL0.FFhLoppix-2WzRet>",
        "team": "T1T85P197",
        "user_team": "T1T85P197",
        "source_team": "T1T85P197",
        "user_profile": {
            "avatar_hash": "63b8b876b0d0",
            "image_72": "https:\/\/avatars.slack-edge.com\/2021-01-15\/1638892537269_63b8b876b0d0bce87f79_72.jpg",
            "first_name": "Michael",
            "real_name": "Michael Gray",
            "display_name": "Michael Gray",
            "team": "T1T85P197",
            "name": "grayml",
            "is_restricted": false,
            "is_ultra_restricted": false
        },
        "thread_ts": "1605048604.031500",
        "parent_user_id": "U010M1M3N9E",
        "blocks": [
            {
                "type": "rich_text",
                "block_id": "sPj18",
                "elements": [
                    {
                        "type": "rich_text_section",
                        "elements": [
                            {
                                "type": "link",
                                "url": "https:\/\/umsystem.zoom.us\/rec\/share\/yo7cdZ6KtMNgk8XQVzCFXd-JK0yrQMs2oddegGKl5K21Zbw6g1KiKgg80f4FROL0.FFhLoppix-2WzRet"
                            }
                        ]
                    }
                ]
            }
        ]
    }
]