[
    {
        "user": "U010N31RYMV",
        "type": "message",
        "ts": "1594054566.000600",
        "client_msg_id": "5d60577e-2d87-481b-94fe-cb656fb5d822",
        "text": "Hello friends.  Does anyone know where the phone that used to be in LeFevre 218 ended up? This was sitting on Adam's desk for a while.  Thanks.",
        "team": "T1T85P197",
        "user_team": "T1T85P197",
        "source_team": "T1T85P197",
        "user_profile": {
            "avatar_hash": "084d1d915961",
            "image_72": "https:\/\/avatars.slack-edge.com\/2021-06-11\/2162938824690_084d1d915961fd2a1fcb_72.png",
            "first_name": "",
            "real_name": "David Schulz",
            "display_name": "David Schulz",
            "team": "T1T85P197",
            "name": "schulzd",
            "is_restricted": false,
            "is_ultra_restricted": false
        },
        "blocks": [
            {
                "type": "rich_text",
                "block_id": "CTr4E",
                "elements": [
                    {
                        "type": "rich_text_section",
                        "elements": [
                            {
                                "type": "text",
                                "text": "Hello friends.  Does anyone know where the phone that used to be in LeFevre 218 ended up? This was sitting on Adam's desk for a while.  Thanks."
                            }
                        ]
                    }
                ]
            }
        ]
    },
    {
        "user": "U0103JSQYLB",
        "type": "message",
        "ts": "1594054753.002000",
        "client_msg_id": "120E4292-2E36-4E53-82DD-CB38AF1222E8",
        "text": "We took it to tucker. Possibly in Adams old bench in tucker or on the cart with the mac in tucker ",
        "team": "T1T85P197",
        "user_team": "T1T85P197",
        "source_team": "T1T85P197",
        "user_profile": {
            "avatar_hash": "94bf4a6c3643",
            "image_72": "https:\/\/avatars.slack-edge.com\/2023-05-20\/5309607146049_94bf4a6c3643af0ab428_72.png",
            "first_name": "Joe",
            "real_name": "Joe",
            "display_name": "Joe",
            "team": "T1T85P197",
            "name": "joseviteri",
            "is_restricted": false,
            "is_ultra_restricted": false
        },
        "blocks": [
            {
                "type": "rich_text",
                "block_id": "5=g",
                "elements": [
                    {
                        "type": "rich_text_section",
                        "elements": [
                            {
                                "type": "text",
                                "text": "We took it to tucker. Possibly in Adams old bench in tucker or on the cart with the mac in tucker "
                            }
                        ]
                    }
                ]
            }
        ]
    },
    {
        "user": "U010CH4JLKE",
        "type": "message",
        "ts": "1594054756.002100",
        "client_msg_id": "fbae9974-5ae3-4477-a811-e2b735de89a7",
        "text": "I did see a phone in a cardboard box in tucker lab.",
        "team": "T1T85P197",
        "user_team": "T1T85P197",
        "source_team": "T1T85P197",
        "user_profile": {
            "avatar_hash": "g20bb784c4fd",
            "image_72": "https:\/\/secure.gravatar.com\/avatar\/20bb784c4fdee8946cb76160792cd6f9.jpg?s=72&d=https%3A%2F%2Fa.slack-edge.com%2Fdf10d%2Fimg%2Favatars%2Fava_0023-72.png",
            "first_name": "",
            "real_name": "Benton",
            "display_name": "",
            "team": "T1T85P197",
            "name": "bentonberigan",
            "is_restricted": false,
            "is_ultra_restricted": false
        },
        "blocks": [
            {
                "type": "rich_text",
                "block_id": "u0zhn",
                "elements": [
                    {
                        "type": "rich_text_section",
                        "elements": [
                            {
                                "type": "text",
                                "text": "I did see a phone in a cardboard box in tucker lab."
                            }
                        ]
                    }
                ]
            }
        ]
    },
    {
        "user": "U0103JSQYLB",
        "type": "message",
        "ts": "1594054786.003200",
        "client_msg_id": "26A48068-AD4B-4388-9BE7-95CF46FF52E1",
        "text": "Sounds about right ",
        "team": "T1T85P197",
        "user_team": "T1T85P197",
        "source_team": "T1T85P197",
        "user_profile": {
            "avatar_hash": "94bf4a6c3643",
            "image_72": "https:\/\/avatars.slack-edge.com\/2023-05-20\/5309607146049_94bf4a6c3643af0ab428_72.png",
            "first_name": "Joe",
            "real_name": "Joe",
            "display_name": "Joe",
            "team": "T1T85P197",
            "name": "joseviteri",
            "is_restricted": false,
            "is_ultra_restricted": false
        },
        "blocks": [
            {
                "type": "rich_text",
                "block_id": "g7\/v",
                "elements": [
                    {
                        "type": "rich_text_section",
                        "elements": [
                            {
                                "type": "text",
                                "text": "Sounds about right "
                            }
                        ]
                    }
                ]
            }
        ]
    },
    {
        "user": "U010CH4JLKE",
        "type": "message",
        "ts": "1594054788.003300",
        "client_msg_id": "002dba87-18b3-4f1c-8aed-4996e124d8d5",
        "text": "Cardboard box on cart",
        "team": "T1T85P197",
        "user_team": "T1T85P197",
        "source_team": "T1T85P197",
        "user_profile": {
            "avatar_hash": "g20bb784c4fd",
            "image_72": "https:\/\/secure.gravatar.com\/avatar\/20bb784c4fdee8946cb76160792cd6f9.jpg?s=72&d=https%3A%2F%2Fa.slack-edge.com%2Fdf10d%2Fimg%2Favatars%2Fava_0023-72.png",
            "first_name": "",
            "real_name": "Benton",
            "display_name": "",
            "team": "T1T85P197",
            "name": "bentonberigan",
            "is_restricted": false,
            "is_ultra_restricted": false
        },
        "blocks": [
            {
                "type": "rich_text",
                "block_id": "ISLP",
                "elements": [
                    {
                        "type": "rich_text_section",
                        "elements": [
                            {
                                "type": "text",
                                "text": "Cardboard box on cart"
                            }
                        ]
                    }
                ]
            }
        ]
    },
    {
        "user": "U010N31RYMV",
        "type": "message",
        "ts": "1594054805.003800",
        "client_msg_id": "cf1fe133-ea1f-4c8d-937d-d1e82ccd1108",
        "text": "Thanks!  I have volunteered that we don't really need a phone for the lab.  Is this ok with everyone?  A) we barely ever use it, B) we pay for it.  Let me know if you have any major issues with this, but otherwise I would propose we return this to its rightful owner (Telecom).",
        "team": "T1T85P197",
        "user_team": "T1T85P197",
        "source_team": "T1T85P197",
        "user_profile": {
            "avatar_hash": "084d1d915961",
            "image_72": "https:\/\/avatars.slack-edge.com\/2021-06-11\/2162938824690_084d1d915961fd2a1fcb_72.png",
            "first_name": "",
            "real_name": "David Schulz",
            "display_name": "David Schulz",
            "team": "T1T85P197",
            "name": "schulzd",
            "is_restricted": false,
            "is_ultra_restricted": false
        },
        "blocks": [
            {
                "type": "rich_text",
                "block_id": "k\/yj",
                "elements": [
                    {
                        "type": "rich_text_section",
                        "elements": [
                            {
                                "type": "text",
                                "text": "Thanks!  I have volunteered that we don't really need a phone for the lab.  Is this ok with everyone?  A) we barely ever use it, B) we pay for it.  Let me know if you have any major issues with this, but otherwise I would propose we return this to its rightful owner (Telecom)."
                            }
                        ]
                    }
                ]
            }
        ]
    },
    {
        "user": "U0103JSQYLB",
        "type": "message",
        "ts": "1594054834.004200",
        "client_msg_id": "21EA3087-4CB2-4075-8F4B-42123CBA637E",
        "text": "Sounds good ",
        "team": "T1T85P197",
        "user_team": "T1T85P197",
        "source_team": "T1T85P197",
        "user_profile": {
            "avatar_hash": "94bf4a6c3643",
            "image_72": "https:\/\/avatars.slack-edge.com\/2023-05-20\/5309607146049_94bf4a6c3643af0ab428_72.png",
            "first_name": "Joe",
            "real_name": "Joe",
            "display_name": "Joe",
            "team": "T1T85P197",
            "name": "joseviteri",
            "is_restricted": false,
            "is_ultra_restricted": false
        },
        "blocks": [
            {
                "type": "rich_text",
                "block_id": "2dqj",
                "elements": [
                    {
                        "type": "rich_text_section",
                        "elements": [
                            {
                                "type": "text",
                                "text": "Sounds good "
                            }
                        ]
                    }
                ]
            }
        ]
    },
    {
        "user": "U010CH4JLKE",
        "type": "message",
        "ts": "1594054849.004600",
        "client_msg_id": "c90129fc-2d0d-46e5-a828-487328c312f9",
        "text": "Agreed.",
        "team": "T1T85P197",
        "user_team": "T1T85P197",
        "source_team": "T1T85P197",
        "user_profile": {
            "avatar_hash": "g20bb784c4fd",
            "image_72": "https:\/\/secure.gravatar.com\/avatar\/20bb784c4fdee8946cb76160792cd6f9.jpg?s=72&d=https%3A%2F%2Fa.slack-edge.com%2Fdf10d%2Fimg%2Favatars%2Fava_0023-72.png",
            "first_name": "",
            "real_name": "Benton",
            "display_name": "",
            "team": "T1T85P197",
            "name": "bentonberigan",
            "is_restricted": false,
            "is_ultra_restricted": false
        },
        "blocks": [
            {
                "type": "rich_text",
                "block_id": "Wi8+",
                "elements": [
                    {
                        "type": "rich_text_section",
                        "elements": [
                            {
                                "type": "text",
                                "text": "Agreed."
                            }
                        ]
                    }
                ]
            }
        ]
    },
    {
        "user": "U0112M51KBP",
        "type": "message",
        "ts": "1594055960.007000",
        "client_msg_id": "fba4cc1e-e96a-4aa9-89f9-85acb0024ed3",
        "text": "Hello y'all! Sorry I have been gone from lab meetings for a bit. Last week I was scheduled to work and this week I am out of town. I apologize for the last minute notice and lack of notice last week. I hope everyone is doing well!",
        "team": "T1T85P197",
        "user_team": "T1T85P197",
        "source_team": "T1T85P197",
        "user_profile": {
            "avatar_hash": "c5aa16874fc8",
            "image_72": "https:\/\/avatars.slack-edge.com\/2022-02-14\/3104030837796_c5aa16874fc85ae836ff_72.jpg",
            "first_name": "Sierra",
            "real_name": "Sierra Nelson",
            "display_name": "Sierra Nelson",
            "team": "T1T85P197",
            "name": "sm.nelson",
            "is_restricted": false,
            "is_ultra_restricted": false
        },
        "blocks": [
            {
                "type": "rich_text",
                "block_id": "lM2Z",
                "elements": [
                    {
                        "type": "rich_text_section",
                        "elements": [
                            {
                                "type": "text",
                                "text": "Hello y'all! Sorry I have been gone from lab meetings for a bit. Last week I was scheduled to work and this week I am out of town. I apologize for the last minute notice and lack of notice last week. I hope everyone is doing well!"
                            }
                        ]
                    }
                ]
            }
        ]
    },
    {
        "text": "If you saw Mathangi's defense, you may have caught the reference to Obi-Wan \"Dave-obi\"",
        "files": [
            {
                "id": "F016MD1602X",
                "created": 1594062678,
                "timestamp": 1594062678,
                "name": "obi wan.png",
                "title": "obi wan.png",
                "mimetype": "image\/png",
                "filetype": "png",
                "pretty_type": "PNG",
                "user": "U010CH4JLKE",
                "user_team": "T1T85P197",
                "editable": false,
                "size": 244356,
                "mode": "hosted",
                "is_external": false,
                "external_type": "",
                "is_public": true,
                "public_url_shared": false,
                "display_as_bot": false,
                "username": "",
                "url_private": "https:\/\/files.slack.com\/files-pri\/T1T85P197-F016MD1602X\/obi_wan.png?t=xoxe-61277783313-6938219705459-6931704589846-f9456fee8056b431d8cc920b3927c14d",
                "url_private_download": "https:\/\/files.slack.com\/files-pri\/T1T85P197-F016MD1602X\/download\/obi_wan.png?t=xoxe-61277783313-6938219705459-6931704589846-f9456fee8056b431d8cc920b3927c14d",
                "media_display_type": "unknown",
                "thumb_64": "https:\/\/files.slack.com\/files-tmb\/T1T85P197-F016MD1602X-2d5f4bc7a7\/obi_wan_64.png?t=xoxe-61277783313-6938219705459-6931704589846-f9456fee8056b431d8cc920b3927c14d",
                "thumb_80": "https:\/\/files.slack.com\/files-tmb\/T1T85P197-F016MD1602X-2d5f4bc7a7\/obi_wan_80.png?t=xoxe-61277783313-6938219705459-6931704589846-f9456fee8056b431d8cc920b3927c14d",
                "thumb_360": "https:\/\/files.slack.com\/files-tmb\/T1T85P197-F016MD1602X-2d5f4bc7a7\/obi_wan_360.png?t=xoxe-61277783313-6938219705459-6931704589846-f9456fee8056b431d8cc920b3927c14d",
                "thumb_360_w": 360,
                "thumb_360_h": 196,
                "thumb_480": "https:\/\/files.slack.com\/files-tmb\/T1T85P197-F016MD1602X-2d5f4bc7a7\/obi_wan_480.png?t=xoxe-61277783313-6938219705459-6931704589846-f9456fee8056b431d8cc920b3927c14d",
                "thumb_480_w": 480,
                "thumb_480_h": 261,
                "thumb_160": "https:\/\/files.slack.com\/files-tmb\/T1T85P197-F016MD1602X-2d5f4bc7a7\/obi_wan_160.png?t=xoxe-61277783313-6938219705459-6931704589846-f9456fee8056b431d8cc920b3927c14d",
                "original_w": 541,
                "original_h": 294,
                "thumb_tiny": "AwAaADCRiPMZucEjAxSGJ3G\/eV64FSYBqtK43ng8Hru6YpMaJFcBQGzn6VWl+aZj6mraKNoOOvNVZf8AWt9aaEOhtg43O+Ce3pUJGGYehxViEqrMSoK5zz2pkp3vnGKSepT2JMMFAMh\/CqhDqwXaD6HFXOwph4PFAhYwygYc9Oh5FJIjEllGc04\/cp6\/6taVwK8UDSzYckIMEj+laDRo+NyDA6U1eg+tSN0oGf\/Z",
                "permalink": "https:\/\/schulzlab.slack.com\/files\/U010CH4JLKE\/F016MD1602X\/obi_wan.png",
                "permalink_public": "https:\/\/slack-files.com\/T1T85P197-F016MD1602X-7876e00036",
                "is_starred": false,
                "has_rich_preview": false,
                "file_access": "visible"
            }
        ],
        "upload": false,
        "user": "U010CH4JLKE",
        "display_as_bot": false,
        "blocks": [
            {
                "type": "rich_text",
                "block_id": "O=a",
                "elements": [
                    {
                        "type": "rich_text_section",
                        "elements": [
                            {
                                "type": "text",
                                "text": "If you saw Mathangi's defense, you may have caught the reference to Obi-Wan \"Dave-obi\""
                            }
                        ]
                    }
                ]
            }
        ],
        "type": "message",
        "ts": "1594062723.008400"
    },
    {
        "user": "U010N31RYMV",
        "type": "message",
        "ts": "1594062765.009000",
        "client_msg_id": "4b64993a-7ead-480b-acec-1a65cff85907",
        "text": "These are not the crabs you are looking for :wave:",
        "team": "T1T85P197",
        "user_team": "T1T85P197",
        "source_team": "T1T85P197",
        "user_profile": {
            "avatar_hash": "084d1d915961",
            "image_72": "https:\/\/avatars.slack-edge.com\/2021-06-11\/2162938824690_084d1d915961fd2a1fcb_72.png",
            "first_name": "",
            "real_name": "David Schulz",
            "display_name": "David Schulz",
            "team": "T1T85P197",
            "name": "schulzd",
            "is_restricted": false,
            "is_ultra_restricted": false
        },
        "blocks": [
            {
                "type": "rich_text",
                "block_id": "B9hH",
                "elements": [
                    {
                        "type": "rich_text_section",
                        "elements": [
                            {
                                "type": "text",
                                "text": "These are not the crabs you are looking for "
                            },
                            {
                                "type": "emoji",
                                "name": "wave",
                                "unicode": "1f44b"
                            }
                        ]
                    }
                ]
            }
        ],
        "reactions": [
            {
                "name": "rolling_on_the_floor_laughing",
                "users": [
                    "U010CH4JLKE"
                ],
                "count": 1
            }
        ]
    },
    {
        "user": "U010N31RYMV",
        "type": "message",
        "ts": "1594062864.009600",
        "client_msg_id": "c2beb945-e828-4a44-a991-c35c45e01c61",
        "text": "Bonus points for not comparing me to OLD Alec Guiness Obi-Wan.  :+1:",
        "team": "T1T85P197",
        "user_team": "T1T85P197",
        "source_team": "T1T85P197",
        "user_profile": {
            "avatar_hash": "084d1d915961",
            "image_72": "https:\/\/avatars.slack-edge.com\/2021-06-11\/2162938824690_084d1d915961fd2a1fcb_72.png",
            "first_name": "",
            "real_name": "David Schulz",
            "display_name": "David Schulz",
            "team": "T1T85P197",
            "name": "schulzd",
            "is_restricted": false,
            "is_ultra_restricted": false
        },
        "blocks": [
            {
                "type": "rich_text",
                "block_id": "G5z",
                "elements": [
                    {
                        "type": "rich_text_section",
                        "elements": [
                            {
                                "type": "text",
                                "text": "Bonus points for not comparing me to OLD Alec Guiness Obi-Wan.  "
                            },
                            {
                                "type": "emoji",
                                "name": "+1",
                                "unicode": "1f44d"
                            }
                        ]
                    }
                ]
            }
        ]
    },
    {
        "user": "U010CH4JLKE",
        "type": "message",
        "ts": "1594063299.012900",
        "client_msg_id": "a9aef5b0-bba4-42c2-99db-28dbec628a1f",
        "text": "You may have a hard time believing this, but when I first saw your lab picture I didn't think \"Jedi\". However, when she said obi-wan my first thought was that your lab picture had similar colors to his cloak, and here we are.",
        "team": "T1T85P197",
        "user_team": "T1T85P197",
        "source_team": "T1T85P197",
        "user_profile": {
            "avatar_hash": "g20bb784c4fd",
            "image_72": "https:\/\/secure.gravatar.com\/avatar\/20bb784c4fdee8946cb76160792cd6f9.jpg?s=72&d=https%3A%2F%2Fa.slack-edge.com%2Fdf10d%2Fimg%2Favatars%2Fava_0023-72.png",
            "first_name": "",
            "real_name": "Benton",
            "display_name": "",
            "team": "T1T85P197",
            "name": "bentonberigan",
            "is_restricted": false,
            "is_ultra_restricted": false
        },
        "blocks": [
            {
                "type": "rich_text",
                "block_id": "rOm",
                "elements": [
                    {
                        "type": "rich_text_section",
                        "elements": [
                            {
                                "type": "text",
                                "text": "You may have a hard time believing this, but when I first saw your lab picture I didn't think \"Jedi\". However, when she said obi-wan my first thought was that your lab picture had similar colors to his cloak, and here we are."
                            }
                        ]
                    }
                ]
            }
        ]
    }
]