[
    {
        "user": "U010N31RYMV",
        "type": "message",
        "ts": "1586529423.000500",
        "client_msg_id": "639dd381-1525-4b9f-8385-852ede4afb1d",
        "text": "TGIF everyone!  Have a good weekend and do something \"fun\" (but safe)!",
        "team": "T1T85P197",
        "user_team": "T1T85P197",
        "source_team": "T1T85P197",
        "user_profile": {
            "avatar_hash": "084d1d915961",
            "image_72": "https:\/\/avatars.slack-edge.com\/2021-06-11\/2162938824690_084d1d915961fd2a1fcb_72.png",
            "first_name": "",
            "real_name": "David Schulz",
            "display_name": "David Schulz",
            "team": "T1T85P197",
            "name": "schulzd",
            "is_restricted": false,
            "is_ultra_restricted": false
        },
        "blocks": [
            {
                "type": "rich_text",
                "block_id": "VzO",
                "elements": [
                    {
                        "type": "rich_text_section",
                        "elements": [
                            {
                                "type": "text",
                                "text": "TGIF everyone!  Have a good weekend and do something \"fun\" (but safe)!"
                            }
                        ]
                    }
                ]
            }
        ]
    }
]