[
    {
        "user": "U010N31RYMV",
        "type": "message",
        "ts": "1595867566.000900",
        "client_msg_id": "2d8f2fd0-93ac-4a85-948b-342077eb7cc2",
        "text": "I feel like this study is one of those that just makes our lives more complicated.\n<https:\/\/elifesciences.org\/articles\/54566>",
        "team": "T1T85P197",
        "user_team": "T1T85P197",
        "source_team": "T1T85P197",
        "user_profile": {
            "avatar_hash": "084d1d915961",
            "image_72": "https:\/\/avatars.slack-edge.com\/2021-06-11\/2162938824690_084d1d915961fd2a1fcb_72.png",
            "first_name": "",
            "real_name": "David Schulz",
            "display_name": "David Schulz",
            "team": "T1T85P197",
            "name": "schulzd",
            "is_restricted": false,
            "is_ultra_restricted": false
        },
        "attachments": [
            {
                "service_name": "eLife",
                "title": "Ca2+ entry through NaV channels generates submillisecond axonal Ca2+ signaling",
                "title_link": "https:\/\/elifesciences.org\/articles\/54566",
                "text": "High-speed calcium imaging from the axon initial segment shows that sodium channels are in part permeable to calcium ions.",
                "fallback": "eLife: Ca2+ entry through NaV channels generates submillisecond axonal Ca2+ signaling",
                "from_url": "https:\/\/elifesciences.org\/articles\/54566",
                "service_icon": "https:\/\/elifesciences.org\/assets\/favicons\/apple-touch-icon-57x57.1ab0c037.png",
                "id": 1,
                "original_url": "https:\/\/elifesciences.org\/articles\/54566"
            }
        ],
        "blocks": [
            {
                "type": "rich_text",
                "block_id": "\/pe",
                "elements": [
                    {
                        "type": "rich_text_section",
                        "elements": [
                            {
                                "type": "text",
                                "text": "I feel like this study is one of those that just makes our lives more complicated.\n"
                            },
                            {
                                "type": "link",
                                "url": "https:\/\/elifesciences.org\/articles\/54566"
                            }
                        ]
                    }
                ]
            }
        ]
    }
]