[
    {
        "user": "U010N31RYMV",
        "type": "message",
        "ts": "1606253206.011200",
        "edited": {
            "user": "U010N31RYMV",
            "ts": "1606253281.000000"
        },
        "client_msg_id": "2609a1f2-bf3a-49d4-bc7d-a6549d69ee9d",
        "text": "Just a reminder that next week Wednesday there is an STG talk by Mikey Nusbaum. I have it on my calendar for 1:30 - 3:00pm. I don't think I can make it, but I hope those of you who can will go (especially Jose if possible). Mikey knows all things gastric.",
        "team": "T1T85P197",
        "user_team": "T1T85P197",
        "source_team": "T1T85P197",
        "user_profile": {
            "avatar_hash": "084d1d915961",
            "image_72": "https:\/\/avatars.slack-edge.com\/2021-06-11\/2162938824690_084d1d915961fd2a1fcb_72.png",
            "first_name": "",
            "real_name": "David Schulz",
            "display_name": "David Schulz",
            "team": "T1T85P197",
            "name": "schulzd",
            "is_restricted": false,
            "is_ultra_restricted": false
        },
        "blocks": [
            {
                "type": "rich_text",
                "block_id": "IU3O",
                "elements": [
                    {
                        "type": "rich_text_section",
                        "elements": [
                            {
                                "type": "text",
                                "text": "Just a reminder that next week Wednesday there is an STG talk by Mikey Nusbaum. I have it on my calendar for 1:30 - 3:00pm. I don't think I can make it, but I hope those of you who can will go (especially Jose if possible). Mikey knows all things gastric."
                            }
                        ]
                    }
                ]
            }
        ]
    },
    {
        "user": "U0103JSQYLB",
        "type": "message",
        "ts": "1606253248.011500",
        "client_msg_id": "A97DDB6B-034D-42BF-92E6-794460A6FFB2",
        "text": "Thanks for the remind. I’ll be there. ",
        "team": "T1T85P197",
        "user_team": "T1T85P197",
        "source_team": "T1T85P197",
        "user_profile": {
            "avatar_hash": "94bf4a6c3643",
            "image_72": "https:\/\/avatars.slack-edge.com\/2023-05-20\/5309607146049_94bf4a6c3643af0ab428_72.png",
            "first_name": "Joe",
            "real_name": "Joe",
            "display_name": "Joe",
            "team": "T1T85P197",
            "name": "joseviteri",
            "is_restricted": false,
            "is_ultra_restricted": false
        },
        "blocks": [
            {
                "type": "rich_text",
                "block_id": "G9iQI",
                "elements": [
                    {
                        "type": "rich_text_section",
                        "elements": [
                            {
                                "type": "text",
                                "text": "Thanks for the remind. I’ll be there. "
                            }
                        ]
                    }
                ]
            }
        ]
    },
    {
        "user": "U010N31RYMV",
        "type": "message",
        "ts": "1606254139.013100",
        "client_msg_id": "15e5244b-4910-4a70-91f5-1c38f591a7eb",
        "text": "On a very different note, spurred by Benton needing me to order O2 for the 2P rig, I am curious as to whether any of you - particularly mouse people - have ever found a definitive publication or rationale for using 100% O2 versus 95%\/5% O2\/CO2 (carbogen).  I can't find anything that says definitively that carbogen is superior to O2 - and why.",
        "team": "T1T85P197",
        "user_team": "T1T85P197",
        "source_team": "T1T85P197",
        "user_profile": {
            "avatar_hash": "084d1d915961",
            "image_72": "https:\/\/avatars.slack-edge.com\/2021-06-11\/2162938824690_084d1d915961fd2a1fcb_72.png",
            "first_name": "",
            "real_name": "David Schulz",
            "display_name": "David Schulz",
            "team": "T1T85P197",
            "name": "schulzd",
            "is_restricted": false,
            "is_ultra_restricted": false
        },
        "blocks": [
            {
                "type": "rich_text",
                "block_id": "NEoJ",
                "elements": [
                    {
                        "type": "rich_text_section",
                        "elements": [
                            {
                                "type": "text",
                                "text": "On a very different note, spurred by Benton needing me to order O2 for the 2P rig, I am curious as to whether any of you - particularly mouse people - have ever found a definitive publication or rationale for using 100% O2 versus 95%\/5% O2\/CO2 (carbogen).  I can't find anything that says definitively that carbogen is superior to O2 - and why."
                            }
                        ]
                    }
                ]
            }
        ]
    },
    {
        "user": "U010M1M3N9E",
        "type": "message",
        "ts": "1606254314.014400",
        "client_msg_id": "70769d9d-a778-4021-9cc5-5e60ae1bf66f",
        "text": "no, just read the methods, dont think it makes a big difference in autonomic neurons, but havent read any papers that test this in PNS, may be some stuff for CNS though",
        "team": "T1T85P197",
        "user_team": "T1T85P197",
        "source_team": "T1T85P197",
        "user_profile": {
            "avatar_hash": "63b8b876b0d0",
            "image_72": "https:\/\/avatars.slack-edge.com\/2021-01-15\/1638892537269_63b8b876b0d0bce87f79_72.jpg",
            "first_name": "Michael",
            "real_name": "Michael Gray",
            "display_name": "Michael Gray",
            "team": "T1T85P197",
            "name": "grayml",
            "is_restricted": false,
            "is_ultra_restricted": false
        },
        "blocks": [
            {
                "type": "rich_text",
                "block_id": "HGr",
                "elements": [
                    {
                        "type": "rich_text_section",
                        "elements": [
                            {
                                "type": "text",
                                "text": "no, just read the methods, dont think it makes a big difference in autonomic neurons, but havent read any papers that test this in PNS, may be some stuff for CNS though"
                            }
                        ]
                    }
                ]
            }
        ]
    },
    {
        "user": "U010N31RYMV",
        "type": "message",
        "ts": "1606254420.015100",
        "client_msg_id": "5ded5f3c-7c3d-4fd9-810a-584764f8379b",
        "text": "I would prefer we keep this standardized in the lab - and we have always used pure O2. I think I would lean towards putting in pure O2 upstairs as well.",
        "team": "T1T85P197",
        "user_team": "T1T85P197",
        "source_team": "T1T85P197",
        "user_profile": {
            "avatar_hash": "084d1d915961",
            "image_72": "https:\/\/avatars.slack-edge.com\/2021-06-11\/2162938824690_084d1d915961fd2a1fcb_72.png",
            "first_name": "",
            "real_name": "David Schulz",
            "display_name": "David Schulz",
            "team": "T1T85P197",
            "name": "schulzd",
            "is_restricted": false,
            "is_ultra_restricted": false
        },
        "blocks": [
            {
                "type": "rich_text",
                "block_id": "8AopC",
                "elements": [
                    {
                        "type": "rich_text_section",
                        "elements": [
                            {
                                "type": "text",
                                "text": "I would prefer we keep this standardized in the lab - and we have always used pure O2. I think I would lean towards putting in pure O2 upstairs as well."
                            }
                        ]
                    }
                ]
            }
        ]
    },
    {
        "user": "U010N31RYMV",
        "type": "message",
        "ts": "1606254538.015400",
        "edited": {
            "user": "U010N31RYMV",
            "ts": "1606254544.000000"
        },
        "client_msg_id": "07216bfe-ac43-4937-bc1d-4033f5664726",
        "text": "And then pumping it into the rig room to keep people working 24\/7.",
        "team": "T1T85P197",
        "user_team": "T1T85P197",
        "source_team": "T1T85P197",
        "user_profile": {
            "avatar_hash": "084d1d915961",
            "image_72": "https:\/\/avatars.slack-edge.com\/2021-06-11\/2162938824690_084d1d915961fd2a1fcb_72.png",
            "first_name": "",
            "real_name": "David Schulz",
            "display_name": "David Schulz",
            "team": "T1T85P197",
            "name": "schulzd",
            "is_restricted": false,
            "is_ultra_restricted": false
        },
        "blocks": [
            {
                "type": "rich_text",
                "block_id": "Hpbu",
                "elements": [
                    {
                        "type": "rich_text_section",
                        "elements": [
                            {
                                "type": "text",
                                "text": "And then pumping it into the rig room to keep people working 24\/7."
                            }
                        ]
                    }
                ]
            }
        ]
    },
    {
        "user": "U010M1M3N9E",
        "type": "message",
        "ts": "1606255384.022000",
        "client_msg_id": "c7d61e13-3def-483f-be8f-928635d35d35",
        "text": "yeah, its an interesting question, but its one of those things so embedded in the lit people just assume it wo question.\n I think there's some limited stuff for in vivo. but most of it has to do with O2 toxicity at high ATM.\nI really think theres a problem just interpreting whether the bath concentration is what the tissue gets, this is the only thing I could find on the fly, in xenopus though, at first glance it appears they tried to establish just how the O2 concentration at the local level correlates with bath &amp; depth.  I think its one of those things that everyone has a hunch about, but doesn't test empirically because it takes too long to do right and everyone says they know it already after the fact (prep degenerates faster\/not faster, everyone says no duh after the fact). Its an important thing to think about but no one wants to do the hard stuff that will be dismissed later as methodological\/technical\/obvious.\n<https:\/\/bmcbiol.biomedcentral.com\/articles\/10.1186\/s12915-020-00811-6>",
        "team": "T1T85P197",
        "user_team": "T1T85P197",
        "source_team": "T1T85P197",
        "user_profile": {
            "avatar_hash": "63b8b876b0d0",
            "image_72": "https:\/\/avatars.slack-edge.com\/2021-01-15\/1638892537269_63b8b876b0d0bce87f79_72.jpg",
            "first_name": "Michael",
            "real_name": "Michael Gray",
            "display_name": "Michael Gray",
            "team": "T1T85P197",
            "name": "grayml",
            "is_restricted": false,
            "is_ultra_restricted": false
        },
        "attachments": [
            {
                "service_name": "BMC Biology",
                "title": "Relationship between oxygen consumption and neuronal activity in a defined neural circuit",
                "title_link": "https:\/\/bmcbiol.biomedcentral.com\/articles\/10.1186\/s12915-020-00811-6",
                "text": "Neuronal computations related to sensory and motor activity along with the maintenance of spike discharge, synaptic transmission, and associated housekeeping are energetically demanding. The most efficient metabolic process to provide large amounts of energy equivalents is oxidative phosphorylation and thus dependent on O2 consumption. Therefore, O2 levels in the brain are a critical parameter that influences neuronal function. Measurements of O2 consumption have been used to estimate the cost of neuronal activity; however, exploring these metabolic relationships in vivo and under defined experimental conditions has been limited by technical challenges. We used isolated preparations of Xenopus laevis tadpoles to perform a quantitative analysis of O2 levels in the brain under in vivo-like conditions. We measured O2 concentrations in the hindbrain in relation to the spike discharge of the superior oblique eye muscle-innervating trochlear nerve as proxy for central nervous activity. In air-saturated bath Ringer solution, O2 levels in the fourth ventricle and adjacent, functionally intact hindbrain were close to zero. Inhibition of mitochondrial activity with potassium cyanide or fixation of the tissue with ethanol raised the ventricular O2 concentration to bath levels, indicating that the brain tissue consumed the available O2. Gradually increasing oxygenation of the Ringer solution caused a concurrent increase of ventricular O2 concentrations. Blocking spike discharge with the local anesthetics tricaine methanesulfonate diminished the O2 consumption by ~ 50%, illustrating the substantial O2 amount related to neuronal activity. In contrast, episodes of spontaneous trochlear nerve spike bursts were accompanied by transient increases of the O2 consumption with parameters that correlated with burst magnitude and duration. Controlled experimental manipulations of both the O2 level as well as the neuronal activity under in vivo-like conditions allowed to quantitatively relate spike discharge magnitudes in a particular neuronal circuitry with the O2 consumption in this area. Moreover, the possibility to distinctly manipulate various functional parameters will yield more insight in the coupling between metabolic and neuronal activity. Thus, apart from providing quantitative empiric evidence for the link between physiologically relevant spontaneous spike discharge in the brain and O2-dependent metabolism, isolated amphibian preparations are promising model systems to further dissociate the O2 dynamics in relation to neuronal computations.",
                "fallback": "BMC Biology: Relationship between oxygen consumption and neuronal activity in a defined neural circuit",
                "from_url": "https:\/\/bmcbiol.biomedcentral.com\/articles\/10.1186\/s12915-020-00811-6",
                "thumb_url": "https:\/\/media.springernature.com\/w110\/springer-static\/cover\/journal\/12915.jpg",
                "thumb_width": 110,
                "thumb_height": 156,
                "id": 1,
                "original_url": "https:\/\/bmcbiol.biomedcentral.com\/articles\/10.1186\/s12915-020-00811-6"
            }
        ],
        "blocks": [
            {
                "type": "rich_text",
                "block_id": "4h3Hh",
                "elements": [
                    {
                        "type": "rich_text_section",
                        "elements": [
                            {
                                "type": "text",
                                "text": "yeah, its an interesting question, but its one of those things so embedded in the lit people just assume it wo question.\n I think there's some limited stuff for in vivo. but most of it has to do with O2 toxicity at high ATM.\nI really think theres a problem just interpreting whether the bath concentration is what the tissue gets, this is the only thing I could find on the fly, in xenopus though, at first glance it appears they tried to establish just how the O2 concentration at the local level correlates with bath & depth.  I think its one of those things that everyone has a hunch about, but doesn't test empirically because it takes too long to do right and everyone says they know it already after the fact (prep degenerates faster\/not faster, everyone says no duh after the fact). Its an important thing to think about but no one wants to do the hard stuff that will be dismissed later as methodological\/technical\/obvious.\n"
                            },
                            {
                                "type": "link",
                                "url": "https:\/\/bmcbiol.biomedcentral.com\/articles\/10.1186\/s12915-020-00811-6"
                            }
                        ]
                    }
                ]
            }
        ]
    },
    {
        "user": "U010M1M3N9E",
        "type": "message",
        "ts": "1606255910.022500",
        "client_msg_id": "40a4389a-4329-426d-81e1-35c1cae1a974",
        "text": "this looks interesting <https:\/\/pubmed.ncbi.nlm.nih.gov\/22232599\/>",
        "team": "T1T85P197",
        "user_team": "T1T85P197",
        "source_team": "T1T85P197",
        "user_profile": {
            "avatar_hash": "63b8b876b0d0",
            "image_72": "https:\/\/avatars.slack-edge.com\/2021-01-15\/1638892537269_63b8b876b0d0bce87f79_72.jpg",
            "first_name": "Michael",
            "real_name": "Michael Gray",
            "display_name": "Michael Gray",
            "team": "T1T85P197",
            "name": "grayml",
            "is_restricted": false,
            "is_ultra_restricted": false
        },
        "attachments": [
            {
                "service_name": "PubMed",
                "title": "Critical state of energy metabolism in brain slices: the principal role of oxygen delivery and energy substrates in shaping neuronal activity - PubMed",
                "title_link": "https:\/\/pubmed.ncbi.nlm.nih.gov\/22232599\/",
                "text": "The interactive vasculo-neuro-glial system controlling energy supply in the brain is absent in vitro where energy provision is determined by experimental conditions. Despite the fact that neuronal activity is extremely energy demanding, little has been reported on the state of energy metabolism in s …",
                "fallback": "PubMed: Critical state of energy metabolism in brain slices: the principal role of oxygen delivery and energy substrates in shaping neuronal activity - PubMed",
                "thumb_url": "https:\/\/cdn.ncbi.nlm.nih.gov\/pubmed\/persistent\/pubmed-meta-image.png",
                "from_url": "https:\/\/pubmed.ncbi.nlm.nih.gov\/22232599\/",
                "thumb_width": 1200,
                "thumb_height": 1200,
                "service_icon": "https:\/\/cdn.ncbi.nlm.nih.gov\/coreutils\/nwds\/img\/favicons\/favicon-57.png",
                "id": 1,
                "original_url": "https:\/\/pubmed.ncbi.nlm.nih.gov\/22232599\/"
            }
        ],
        "blocks": [
            {
                "type": "rich_text",
                "block_id": "Pdm",
                "elements": [
                    {
                        "type": "rich_text_section",
                        "elements": [
                            {
                                "type": "text",
                                "text": "this looks interesting "
                            },
                            {
                                "type": "link",
                                "url": "https:\/\/pubmed.ncbi.nlm.nih.gov\/22232599\/"
                            }
                        ]
                    }
                ]
            }
        ]
    }
]