[
    {
        "user": "U010N31RYMV",
        "type": "message",
        "ts": "1600806931.000900",
        "client_msg_id": "beeb1657-320f-461d-aaea-d73747d2bd9f",
        "text": "TOMORROW'S LAB MEETING WILL BEGIN AT 5:00PM.  Thank you.  :slightly_smiling_face:",
        "team": "T1T85P197",
        "user_team": "T1T85P197",
        "source_team": "T1T85P197",
        "user_profile": {
            "avatar_hash": "084d1d915961",
            "image_72": "https:\/\/avatars.slack-edge.com\/2021-06-11\/2162938824690_084d1d915961fd2a1fcb_72.png",
            "first_name": "",
            "real_name": "David Schulz",
            "display_name": "David Schulz",
            "team": "T1T85P197",
            "name": "schulzd",
            "is_restricted": false,
            "is_ultra_restricted": false
        },
        "blocks": [
            {
                "type": "rich_text",
                "block_id": "U4w2t",
                "elements": [
                    {
                        "type": "rich_text_section",
                        "elements": [
                            {
                                "type": "text",
                                "text": "TOMORROW'S LAB MEETING WILL BEGIN AT 5:00PM.  Thank you.  "
                            },
                            {
                                "type": "emoji",
                                "name": "slightly_smiling_face",
                                "unicode": "1f642"
                            }
                        ]
                    }
                ]
            }
        ]
    }
]