[
    {
        "user": "U010N31RYMV",
        "type": "message",
        "ts": "1607549244.000600",
        "client_msg_id": "39ff7a54-e57c-4404-9e11-b42fa1a952b8",
        "text": "I figure it can't hurt to have a social lab meeting again today - and if people just want to check in and say hi and then take their leave, no worries.",
        "team": "T1T85P197",
        "user_team": "T1T85P197",
        "source_team": "T1T85P197",
        "user_profile": {
            "avatar_hash": "084d1d915961",
            "image_72": "https:\/\/avatars.slack-edge.com\/2021-06-11\/2162938824690_084d1d915961fd2a1fcb_72.png",
            "first_name": "",
            "real_name": "David Schulz",
            "display_name": "David Schulz",
            "team": "T1T85P197",
            "name": "schulzd",
            "is_restricted": false,
            "is_ultra_restricted": false
        },
        "blocks": [
            {
                "type": "rich_text",
                "block_id": "6qz\/C",
                "elements": [
                    {
                        "type": "rich_text_section",
                        "elements": [
                            {
                                "type": "text",
                                "text": "I figure it can't hurt to have a social lab meeting again today - and if people just want to check in and say hi and then take their leave, no worries."
                            }
                        ]
                    }
                ]
            }
        ]
    }
]