[
    {
        "user": "U010N31RYMV",
        "type": "message",
        "ts": "1612194508.000200",
        "edited": {
            "user": "U010N31RYMV",
            "ts": "1612194575.000000"
        },
        "client_msg_id": "b618e8a2-bdcf-4c19-899d-821dfeee9d11",
        "text": "Hi All, I will be late to the lab meeting today - I have to meet with Dr. Brock, our workshop coordinator for the town hall on thursday. I expect it may be 2:30 before I get there. You are welcome to gather and hang out - perhaps discuss what might be a viable use of our lab meeting time this semester. otherwise, if this is not a good use of your time we can meet next week for the first time.  Your call.",
        "team": "T1T85P197",
        "user_team": "T1T85P197",
        "source_team": "T1T85P197",
        "user_profile": {
            "avatar_hash": "084d1d915961",
            "image_72": "https:\/\/avatars.slack-edge.com\/2021-06-11\/2162938824690_084d1d915961fd2a1fcb_72.png",
            "first_name": "",
            "real_name": "David Schulz",
            "display_name": "David Schulz",
            "team": "T1T85P197",
            "name": "schulzd",
            "is_restricted": false,
            "is_ultra_restricted": false
        },
        "blocks": [
            {
                "type": "rich_text",
                "block_id": "plITH",
                "elements": [
                    {
                        "type": "rich_text_section",
                        "elements": [
                            {
                                "type": "text",
                                "text": "Hi All, I will be late to the lab meeting today - I have to meet with Dr. Brock, our workshop coordinator for the town hall on thursday. I expect it may be 2:30 before I get there. You are welcome to gather and hang out - perhaps discuss what might be a viable use of our lab meeting time this semester. otherwise, if this is not a good use of your time we can meet next week for the first time.  Your call."
                            }
                        ]
                    }
                ]
            }
        ]
    },
    {
        "user": "U0112A19YFN",
        "type": "message",
        "ts": "1612194534.000500",
        "client_msg_id": "69B8875C-5777-4F00-9927-F8489960425B",
        "text": "Hello",
        "team": "T1T85P197",
        "user_team": "T1T85P197",
        "source_team": "T1T85P197",
        "user_profile": {
            "avatar_hash": "82931094ef90",
            "image_72": "https:\/\/avatars.slack-edge.com\/2022-06-17\/3708168624352_82931094ef904079310a_72.jpg",
            "first_name": "",
            "real_name": "Sherryl",
            "display_name": "Sherryl",
            "team": "T1T85P197",
            "name": "sherryl.henderson",
            "is_restricted": false,
            "is_ultra_restricted": false
        },
        "blocks": [
            {
                "type": "rich_text",
                "block_id": "fldOk",
                "elements": [
                    {
                        "type": "rich_text_section",
                        "elements": [
                            {
                                "type": "text",
                                "text": "Hello"
                            }
                        ]
                    }
                ]
            }
        ],
        "reactions": [
            {
                "name": "relaxed",
                "users": [
                    "U010N31RYMV"
                ],
                "count": 1
            }
        ]
    },
    {
        "user": "U010CH4JLKE",
        "type": "message",
        "ts": "1612195225.005600",
        "client_msg_id": "a49bed51-eb3b-4c0f-a03f-7cfb3c2496e3",
        "text": "I'm fine with meeting this afternoon or waiting until next week :+1: \n\nP.S. Looking forward to the workshop later this week!",
        "team": "T1T85P197",
        "user_team": "T1T85P197",
        "source_team": "T1T85P197",
        "user_profile": {
            "avatar_hash": "g20bb784c4fd",
            "image_72": "https:\/\/secure.gravatar.com\/avatar\/20bb784c4fdee8946cb76160792cd6f9.jpg?s=72&d=https%3A%2F%2Fa.slack-edge.com%2Fdf10d%2Fimg%2Favatars%2Fava_0023-72.png",
            "first_name": "",
            "real_name": "Benton",
            "display_name": "",
            "team": "T1T85P197",
            "name": "bentonberigan",
            "is_restricted": false,
            "is_ultra_restricted": false
        },
        "blocks": [
            {
                "type": "rich_text",
                "block_id": "FYWvH",
                "elements": [
                    {
                        "type": "rich_text_section",
                        "elements": [
                            {
                                "type": "text",
                                "text": "I'm fine with meeting this afternoon or waiting until next week "
                            },
                            {
                                "type": "emoji",
                                "name": "+1",
                                "unicode": "1f44d"
                            },
                            {
                                "type": "text",
                                "text": " \n\nP.S. Looking forward to the workshop later this week!"
                            }
                        ]
                    }
                ]
            }
        ]
    },
    {
        "user": "U0103JSQYLB",
        "type": "message",
        "ts": "1612195406.005800",
        "client_msg_id": "1D62D119-A6A4-4F1D-84E7-9B694E6579C2",
        "text": "What workshop ",
        "team": "T1T85P197",
        "user_team": "T1T85P197",
        "source_team": "T1T85P197",
        "user_profile": {
            "avatar_hash": "94bf4a6c3643",
            "image_72": "https:\/\/avatars.slack-edge.com\/2023-05-20\/5309607146049_94bf4a6c3643af0ab428_72.png",
            "first_name": "Joe",
            "real_name": "Joe",
            "display_name": "Joe",
            "team": "T1T85P197",
            "name": "joseviteri",
            "is_restricted": false,
            "is_ultra_restricted": false
        },
        "blocks": [
            {
                "type": "rich_text",
                "block_id": "bUING",
                "elements": [
                    {
                        "type": "rich_text_section",
                        "elements": [
                            {
                                "type": "text",
                                "text": "What workshop "
                            }
                        ]
                    }
                ]
            }
        ]
    },
    {
        "user": "U010N31RYMV",
        "type": "message",
        "ts": "1612195846.006000",
        "client_msg_id": "72a68952-edf8-4213-81af-4c2f76900bda",
        "text": "The town hall on Thursday.",
        "team": "T1T85P197",
        "user_team": "T1T85P197",
        "source_team": "T1T85P197",
        "user_profile": {
            "avatar_hash": "084d1d915961",
            "image_72": "https:\/\/avatars.slack-edge.com\/2021-06-11\/2162938824690_084d1d915961fd2a1fcb_72.png",
            "first_name": "",
            "real_name": "David Schulz",
            "display_name": "David Schulz",
            "team": "T1T85P197",
            "name": "schulzd",
            "is_restricted": false,
            "is_ultra_restricted": false
        },
        "blocks": [
            {
                "type": "rich_text",
                "block_id": "C\/Vc4",
                "elements": [
                    {
                        "type": "rich_text_section",
                        "elements": [
                            {
                                "type": "text",
                                "text": "The town hall on Thursday."
                            }
                        ]
                    }
                ]
            }
        ]
    },
    {
        "user": "U0103JSQYLB",
        "type": "message",
        "ts": "1612196470.006900",
        "client_msg_id": "39F555D4-E43E-457F-BF51-5FA0C5F140FE",
        "text": "A gentleman stopped by lefevre. Picked up the mouse carcasses and expired drugs so that’s taken care of. ",
        "team": "T1T85P197",
        "user_team": "T1T85P197",
        "source_team": "T1T85P197",
        "user_profile": {
            "avatar_hash": "94bf4a6c3643",
            "image_72": "https:\/\/avatars.slack-edge.com\/2023-05-20\/5309607146049_94bf4a6c3643af0ab428_72.png",
            "first_name": "Joe",
            "real_name": "Joe",
            "display_name": "Joe",
            "team": "T1T85P197",
            "name": "joseviteri",
            "is_restricted": false,
            "is_ultra_restricted": false
        },
        "thread_ts": "1612196470.006900",
        "reply_count": 1,
        "reply_users_count": 1,
        "latest_reply": "1612197188.009600",
        "reply_users": [
            "U010M1M3N9E"
        ],
        "replies": [
            {
                "user": "U010M1M3N9E",
                "ts": "1612197188.009600"
            }
        ],
        "is_locked": false,
        "subscribed": false,
        "blocks": [
            {
                "type": "rich_text",
                "block_id": "hK43m",
                "elements": [
                    {
                        "type": "rich_text_section",
                        "elements": [
                            {
                                "type": "text",
                                "text": "A gentleman stopped by lefevre. Picked up the mouse carcasses and expired drugs so that’s taken care of. "
                            }
                        ]
                    }
                ]
            }
        ],
        "reactions": [
            {
                "name": "+1",
                "users": [
                    "U010CH4JLKE",
                    "U010M1M3N9E"
                ],
                "count": 2
            }
        ]
    },
    {
        "user": "U010CH4JLKE",
        "type": "message",
        "ts": "1612196718.007800",
        "client_msg_id": "0af8ca04-c80e-4c73-9131-4312094485ec",
        "text": "Thanks <@U0103JSQYLB>",
        "team": "T1T85P197",
        "user_team": "T1T85P197",
        "source_team": "T1T85P197",
        "user_profile": {
            "avatar_hash": "g20bb784c4fd",
            "image_72": "https:\/\/secure.gravatar.com\/avatar\/20bb784c4fdee8946cb76160792cd6f9.jpg?s=72&d=https%3A%2F%2Fa.slack-edge.com%2Fdf10d%2Fimg%2Favatars%2Fava_0023-72.png",
            "first_name": "",
            "real_name": "Benton",
            "display_name": "",
            "team": "T1T85P197",
            "name": "bentonberigan",
            "is_restricted": false,
            "is_ultra_restricted": false
        },
        "blocks": [
            {
                "type": "rich_text",
                "block_id": "ZRD",
                "elements": [
                    {
                        "type": "rich_text_section",
                        "elements": [
                            {
                                "type": "text",
                                "text": "Thanks "
                            },
                            {
                                "type": "user",
                                "user_id": "U0103JSQYLB"
                            }
                        ]
                    }
                ]
            }
        ]
    },
    {
        "user": "U0112A19YFN",
        "type": "message",
        "ts": "1612196925.009200",
        "client_msg_id": "2C0E38FE-B2D4-4517-BBA3-8E2072DD2DC2",
        "text": "Thank you they totally didn't call mebut I'm at a doctors appointment anyway ",
        "team": "T1T85P197",
        "user_team": "T1T85P197",
        "source_team": "T1T85P197",
        "user_profile": {
            "avatar_hash": "82931094ef90",
            "image_72": "https:\/\/avatars.slack-edge.com\/2022-06-17\/3708168624352_82931094ef904079310a_72.jpg",
            "first_name": "",
            "real_name": "Sherryl",
            "display_name": "Sherryl",
            "team": "T1T85P197",
            "name": "sherryl.henderson",
            "is_restricted": false,
            "is_ultra_restricted": false
        },
        "thread_ts": "1612196925.009200",
        "reply_count": 1,
        "reply_users_count": 1,
        "latest_reply": "1612197082.009400",
        "reply_users": [
            "U010CH4JLKE"
        ],
        "replies": [
            {
                "user": "U010CH4JLKE",
                "ts": "1612197082.009400"
            }
        ],
        "is_locked": false,
        "subscribed": false,
        "blocks": [
            {
                "type": "rich_text",
                "block_id": "mBVyE",
                "elements": [
                    {
                        "type": "rich_text_section",
                        "elements": [
                            {
                                "type": "text",
                                "text": "Thank you they totally didn't call mebut I'm at a doctors appointment anyway "
                            }
                        ]
                    }
                ]
            }
        ]
    },
    {
        "user": "U010CH4JLKE",
        "type": "message",
        "ts": "1612197082.009400",
        "client_msg_id": "c37519d6-b6ff-4a8a-ad19-9bc1360c0bd0",
        "text": "They didn't call me either. Luckily jose was there",
        "team": "T1T85P197",
        "user_team": "T1T85P197",
        "source_team": "T1T85P197",
        "user_profile": {
            "avatar_hash": "g20bb784c4fd",
            "image_72": "https:\/\/secure.gravatar.com\/avatar\/20bb784c4fdee8946cb76160792cd6f9.jpg?s=72&d=https%3A%2F%2Fa.slack-edge.com%2Fdf10d%2Fimg%2Favatars%2Fava_0023-72.png",
            "first_name": "",
            "real_name": "Benton",
            "display_name": "",
            "team": "T1T85P197",
            "name": "bentonberigan",
            "is_restricted": false,
            "is_ultra_restricted": false
        },
        "thread_ts": "1612196925.009200",
        "parent_user_id": "U0112A19YFN",
        "blocks": [
            {
                "type": "rich_text",
                "block_id": "t6O",
                "elements": [
                    {
                        "type": "rich_text_section",
                        "elements": [
                            {
                                "type": "text",
                                "text": "They didn't call me either. Luckily jose was there"
                            }
                        ]
                    }
                ]
            }
        ]
    },
    {
        "text": "",
        "files": [
            {
                "id": "F01LRAHR6SY",
                "created": 1612197182,
                "timestamp": 1612197182,
                "name": "image.png",
                "title": "image.png",
                "mimetype": "image\/png",
                "filetype": "png",
                "pretty_type": "PNG",
                "user": "U010M1M3N9E",
                "user_team": "T1T85P197",
                "editable": false,
                "size": 811955,
                "mode": "hosted",
                "is_external": false,
                "external_type": "",
                "is_public": true,
                "public_url_shared": false,
                "display_as_bot": false,
                "username": "",
                "url_private": "https:\/\/files.slack.com\/files-pri\/T1T85P197-F01LRAHR6SY\/image.png?t=xoxe-61277783313-6938219705459-6931704589846-f9456fee8056b431d8cc920b3927c14d",
                "url_private_download": "https:\/\/files.slack.com\/files-pri\/T1T85P197-F01LRAHR6SY\/download\/image.png?t=xoxe-61277783313-6938219705459-6931704589846-f9456fee8056b431d8cc920b3927c14d",
                "media_display_type": "unknown",
                "thumb_64": "https:\/\/files.slack.com\/files-tmb\/T1T85P197-F01LRAHR6SY-7eeb52c9cd\/image_64.png?t=xoxe-61277783313-6938219705459-6931704589846-f9456fee8056b431d8cc920b3927c14d",
                "thumb_80": "https:\/\/files.slack.com\/files-tmb\/T1T85P197-F01LRAHR6SY-7eeb52c9cd\/image_80.png?t=xoxe-61277783313-6938219705459-6931704589846-f9456fee8056b431d8cc920b3927c14d",
                "thumb_360": "https:\/\/files.slack.com\/files-tmb\/T1T85P197-F01LRAHR6SY-7eeb52c9cd\/image_360.png?t=xoxe-61277783313-6938219705459-6931704589846-f9456fee8056b431d8cc920b3927c14d",
                "thumb_360_w": 360,
                "thumb_360_h": 201,
                "thumb_480": "https:\/\/files.slack.com\/files-tmb\/T1T85P197-F01LRAHR6SY-7eeb52c9cd\/image_480.png?t=xoxe-61277783313-6938219705459-6931704589846-f9456fee8056b431d8cc920b3927c14d",
                "thumb_480_w": 480,
                "thumb_480_h": 267,
                "thumb_160": "https:\/\/files.slack.com\/files-tmb\/T1T85P197-F01LRAHR6SY-7eeb52c9cd\/image_160.png?t=xoxe-61277783313-6938219705459-6931704589846-f9456fee8056b431d8cc920b3927c14d",
                "thumb_720": "https:\/\/files.slack.com\/files-tmb\/T1T85P197-F01LRAHR6SY-7eeb52c9cd\/image_720.png?t=xoxe-61277783313-6938219705459-6931704589846-f9456fee8056b431d8cc920b3927c14d",
                "thumb_720_w": 720,
                "thumb_720_h": 401,
                "thumb_800": "https:\/\/files.slack.com\/files-tmb\/T1T85P197-F01LRAHR6SY-7eeb52c9cd\/image_800.png?t=xoxe-61277783313-6938219705459-6931704589846-f9456fee8056b431d8cc920b3927c14d",
                "thumb_800_w": 800,
                "thumb_800_h": 446,
                "thumb_960": "https:\/\/files.slack.com\/files-tmb\/T1T85P197-F01LRAHR6SY-7eeb52c9cd\/image_960.png?t=xoxe-61277783313-6938219705459-6931704589846-f9456fee8056b431d8cc920b3927c14d",
                "thumb_960_w": 960,
                "thumb_960_h": 535,
                "thumb_1024": "https:\/\/files.slack.com\/files-tmb\/T1T85P197-F01LRAHR6SY-7eeb52c9cd\/image_1024.png?t=xoxe-61277783313-6938219705459-6931704589846-f9456fee8056b431d8cc920b3927c14d",
                "thumb_1024_w": 1024,
                "thumb_1024_h": 571,
                "original_w": 4288,
                "original_h": 2389,
                "thumb_tiny": "AwAaADDTqC8aZLdmhxkdeO3tU9RzKzLw7KADkDvQBiJcSrOspYsQe561tRTiUjYj7f7xGBUKQJEg2x8nuOp\/GpIxJv52j16k0AT0U0vhsEGnUAFFFFAEDkxMFRsAjoe1NiLmRhv+8M5xmpHVTNGSoJ57e1KQBKuB3P8AKgB6qFGBS0UUAf\/Z",
                "permalink": "https:\/\/schulzlab.slack.com\/files\/U010M1M3N9E\/F01LRAHR6SY\/image.png",
                "permalink_public": "https:\/\/slack-files.com\/T1T85P197-F01LRAHR6SY-0e66d850a0",
                "is_starred": false,
                "has_rich_preview": false,
                "file_access": "visible"
            }
        ],
        "upload": false,
        "user": "U010M1M3N9E",
        "display_as_bot": false,
        "type": "message",
        "ts": "1612197188.009600",
        "thread_ts": "1612196470.006900",
        "parent_user_id": "U0103JSQYLB"
    },
    {
        "user": "U0103JSQYLB",
        "type": "message",
        "ts": "1612197226.010200",
        "client_msg_id": "0E2D7114-52D7-49FC-86C3-6C2BD27C7316",
        "text": "No worries Sherryl. Hope it goes well ",
        "team": "T1T85P197",
        "user_team": "T1T85P197",
        "source_team": "T1T85P197",
        "user_profile": {
            "avatar_hash": "94bf4a6c3643",
            "image_72": "https:\/\/avatars.slack-edge.com\/2023-05-20\/5309607146049_94bf4a6c3643af0ab428_72.png",
            "first_name": "Joe",
            "real_name": "Joe",
            "display_name": "Joe",
            "team": "T1T85P197",
            "name": "joseviteri",
            "is_restricted": false,
            "is_ultra_restricted": false
        },
        "blocks": [
            {
                "type": "rich_text",
                "block_id": "ojLD",
                "elements": [
                    {
                        "type": "rich_text_section",
                        "elements": [
                            {
                                "type": "text",
                                "text": "No worries Sherryl. Hope it goes well "
                            }
                        ]
                    }
                ]
            }
        ],
        "reactions": [
            {
                "name": "heart",
                "users": [
                    "U0112A19YFN"
                ],
                "count": 1
            }
        ]
    },
    {
        "user": "U010N31RYMV",
        "type": "message",
        "ts": "1612209337.015800",
        "edited": {
            "user": "U010N31RYMV",
            "ts": "1612209353.000000"
        },
        "client_msg_id": "8c3032fd-1912-4bb8-90ae-3e2f16ce502e",
        "text": "if you all do not have other ideas, I would like to propose for lab meeting this semester you each put together a presentation that looks ahead in your projects. Specifically, I would be interested to see you design a \"next\" set of experiments that pushes the limits of existing technologies (not necessarily those in the lab).  I don't need science fiction, but if you had the resources and the facilities\/skill set, what set of experiments would you design to push your questions to the next level of mechanistic insight and\/or translational potential?  This may require an explanation of new technologies\/methodologies as well.  By thinking ahead and thinking big, you lay out a blueprint for where your work is headed and it will better inform your current analysis and your future proposed work (even if that is scaled down from the aspirational proposed experiments). This will also give you experience in outlining\/designing grant proposals. Even if you don't write the proposal, the framing of forward-looking questions and organization of experiments to get you there is what proposals are all about.  Mull this over and see if you can come up with an execution plan while you are waiting for me to make it to lab meeting please.  Think about how we might implement this - should we read some aspirational papers first as a journal club, and then in the second half of the semester you will have these presentations ready to go? Sorry for the late notice on being late.  Ginny will make sure you get sh*t done. She's the enforcer today.",
        "team": "T1T85P197",
        "user_team": "T1T85P197",
        "source_team": "T1T85P197",
        "user_profile": {
            "avatar_hash": "084d1d915961",
            "image_72": "https:\/\/avatars.slack-edge.com\/2021-06-11\/2162938824690_084d1d915961fd2a1fcb_72.png",
            "first_name": "",
            "real_name": "David Schulz",
            "display_name": "David Schulz",
            "team": "T1T85P197",
            "name": "schulzd",
            "is_restricted": false,
            "is_ultra_restricted": false
        },
        "blocks": [
            {
                "type": "rich_text",
                "block_id": "rXwnQ",
                "elements": [
                    {
                        "type": "rich_text_section",
                        "elements": [
                            {
                                "type": "text",
                                "text": "if you all do not have other ideas, I would like to propose for lab meeting this semester you each put together a presentation that looks ahead in your projects. Specifically, I would be interested to see you design a \"next\" set of experiments that pushes the limits of existing technologies (not necessarily those in the lab).  I don't need science fiction, but if you had the resources and the facilities\/skill set, what set of experiments would you design to push your questions to the next level of mechanistic insight and\/or translational potential?  This may require an explanation of new technologies\/methodologies as well.  By thinking ahead and thinking big, you lay out a blueprint for where your work is headed and it will better inform your current analysis and your future proposed work (even if that is scaled down from the aspirational proposed experiments). This will also give you experience in outlining\/designing grant proposals. Even if you don't write the proposal, the framing of forward-looking questions and organization of experiments to get you there is what proposals are all about.  Mull this over and see if you can come up with an execution plan while you are waiting for me to make it to lab meeting please.  Think about how we might implement this - should we read some aspirational papers first as a journal club, and then in the second half of the semester you will have these presentations ready to go? Sorry for the late notice on being late.  Ginny will make sure you get sh*t done. She's the enforcer today."
                            }
                        ]
                    }
                ]
            }
        ]
    },
    {
        "user": "U010N31RYMV",
        "type": "message",
        "ts": "1612209418.016700",
        "client_msg_id": "eb5b6119-92af-426c-a59b-9f38f004f978",
        "text": "And of course, if we put this in motion for this semester, we can obviously discuss this and work through your ideas together ahead of time.  It's not a \"test,\" and I am happy to help flesh these out.",
        "team": "T1T85P197",
        "user_team": "T1T85P197",
        "source_team": "T1T85P197",
        "user_profile": {
            "avatar_hash": "084d1d915961",
            "image_72": "https:\/\/avatars.slack-edge.com\/2021-06-11\/2162938824690_084d1d915961fd2a1fcb_72.png",
            "first_name": "",
            "real_name": "David Schulz",
            "display_name": "David Schulz",
            "team": "T1T85P197",
            "name": "schulzd",
            "is_restricted": false,
            "is_ultra_restricted": false
        },
        "blocks": [
            {
                "type": "rich_text",
                "block_id": "NLO4",
                "elements": [
                    {
                        "type": "rich_text_section",
                        "elements": [
                            {
                                "type": "text",
                                "text": "And of course, if we put this in motion for this semester, we can obviously discuss this and work through your ideas together ahead of time.  It's not a \"test,\" and I am happy to help flesh these out."
                            }
                        ]
                    }
                ]
            }
        ]
    },
    {
        "user": "U010N31RYMV",
        "type": "message",
        "ts": "1612209590.016900",
        "client_msg_id": "3bc1aaf5-70c0-4a6b-a039-e30b45955047",
        "text": "Lab meeting is now:  <https:\/\/umsystem.zoom.us\/j\/491425821>",
        "team": "T1T85P197",
        "user_team": "T1T85P197",
        "source_team": "T1T85P197",
        "user_profile": {
            "avatar_hash": "084d1d915961",
            "image_72": "https:\/\/avatars.slack-edge.com\/2021-06-11\/2162938824690_084d1d915961fd2a1fcb_72.png",
            "first_name": "",
            "real_name": "David Schulz",
            "display_name": "David Schulz",
            "team": "T1T85P197",
            "name": "schulzd",
            "is_restricted": false,
            "is_ultra_restricted": false
        },
        "attachments": [
            {
                "id": 1,
                "blocks": [
                    {
                        "type": "call",
                        "call_id": "R01MA1M5AQY",
                        "block_id": "0BHf",
                        "api_decoration_available": false,
                        "call": {
                            "v1": {
                                "id": "R01MA1M5AQY",
                                "app_id": "A5GE9BMQC",
                                "app_icon_urls": {
                                    "image_32": "https:\/\/slack-files2.s3-us-west-2.amazonaws.com\/avatars\/2017-09-21\/245295805989_06e77af1bfb8e3c81d4d_32.png",
                                    "image_36": "https:\/\/slack-files2.s3-us-west-2.amazonaws.com\/avatars\/2017-09-21\/245295805989_06e77af1bfb8e3c81d4d_36.png",
                                    "image_48": "https:\/\/slack-files2.s3-us-west-2.amazonaws.com\/avatars\/2017-09-21\/245295805989_06e77af1bfb8e3c81d4d_48.png",
                                    "image_64": "https:\/\/slack-files2.s3-us-west-2.amazonaws.com\/avatars\/2017-09-21\/245295805989_06e77af1bfb8e3c81d4d_64.png",
                                    "image_72": "https:\/\/slack-files2.s3-us-west-2.amazonaws.com\/avatars\/2017-09-21\/245295805989_06e77af1bfb8e3c81d4d_72.png",
                                    "image_96": "https:\/\/slack-files2.s3-us-west-2.amazonaws.com\/avatars\/2017-09-21\/245295805989_06e77af1bfb8e3c81d4d_96.png",
                                    "image_128": "https:\/\/slack-files2.s3-us-west-2.amazonaws.com\/avatars\/2017-09-21\/245295805989_06e77af1bfb8e3c81d4d_128.png",
                                    "image_192": "https:\/\/slack-files2.s3-us-west-2.amazonaws.com\/avatars\/2017-09-21\/245295805989_06e77af1bfb8e3c81d4d_192.png",
                                    "image_512": "https:\/\/slack-files2.s3-us-west-2.amazonaws.com\/avatars\/2017-09-21\/245295805989_06e77af1bfb8e3c81d4d_512.png",
                                    "image_1024": "https:\/\/slack-files2.s3-us-west-2.amazonaws.com\/avatars\/2017-09-21\/245295805989_06e77af1bfb8e3c81d4d_1024.png"
                                },
                                "date_start": 1612209591,
                                "active_participants": [],
                                "all_participants": [],
                                "display_id": "491-425-821",
                                "join_url": "https:\/\/umsystem.zoom.us\/j\/491425821",
                                "name": "Zoom meeting",
                                "created_by": "U010KUFKU5A",
                                "date_end": 1641382803,
                                "channels": [
                                    "C1T7U1664"
                                ],
                                "is_dm_call": false,
                                "was_rejected": false,
                                "was_missed": false,
                                "was_accepted": false,
                                "has_ended": true
                            },
                            "media_backend_type": "platform_call"
                        }
                    }
                ],
                "fallback": "[no preview available]",
                "bot_id": "B0108U2K57V",
                "app_unfurl_url": "https:\/\/umsystem.zoom.us\/j\/491425821",
                "is_app_unfurl": true
            }
        ],
        "blocks": [
            {
                "type": "rich_text",
                "block_id": "w8c",
                "elements": [
                    {
                        "type": "rich_text_section",
                        "elements": [
                            {
                                "type": "text",
                                "text": "Lab meeting is now:  "
                            },
                            {
                                "type": "link",
                                "url": "https:\/\/umsystem.zoom.us\/j\/491425821"
                            }
                        ]
                    }
                ]
            }
        ]
    }
]