[
    {
        "user": "U010N31RYMV",
        "type": "message",
        "ts": "1625426685.015600",
        "client_msg_id": "C0CBA965-A3C6-402F-A123-6F32916C72C0",
        "text": "Hello all. Happy fourth! Just a reminder that tomorrow is a National holiday - I hope you will take some time to relax and enjoy and recharge. ",
        "team": "T1T85P197",
        "user_team": "T1T85P197",
        "source_team": "T1T85P197",
        "user_profile": {
            "avatar_hash": "084d1d915961",
            "image_72": "https:\/\/avatars.slack-edge.com\/2021-06-11\/2162938824690_084d1d915961fd2a1fcb_72.png",
            "first_name": "",
            "real_name": "David Schulz",
            "display_name": "David Schulz",
            "team": "T1T85P197",
            "name": "schulzd",
            "is_restricted": false,
            "is_ultra_restricted": false
        },
        "blocks": [
            {
                "type": "rich_text",
                "block_id": "z4G",
                "elements": [
                    {
                        "type": "rich_text_section",
                        "elements": [
                            {
                                "type": "text",
                                "text": "Hello all. Happy fourth! Just a reminder that tomorrow is a National holiday - I hope you will take some time to relax and enjoy and recharge. "
                            }
                        ]
                    }
                ]
            }
        ]
    }
]