[
    {
        "text": "I can’t get this chiller (under Eleanor Rigby) to turn on.  Does anyone know if there’s a trick to it or is it just flat out broken?",
        "files": [
            {
                "id": "F02LVHZHU5U",
                "created": 1636665260,
                "timestamp": 1636665260,
                "name": "Image from iOS.jpg",
                "title": "Image from iOS",
                "mimetype": "image\/jpeg",
                "filetype": "jpg",
                "pretty_type": "JPEG",
                "user": "U028ZEAHA6S",
                "user_team": "T1T85P197",
                "editable": false,
                "size": 814580,
                "mode": "hosted",
                "is_external": false,
                "external_type": "",
                "is_public": true,
                "public_url_shared": false,
                "display_as_bot": false,
                "username": "",
                "url_private": "https:\/\/files.slack.com\/files-pri\/T1T85P197-F02LVHZHU5U\/image_from_ios.jpg?t=xoxe-61277783313-6938219705459-6931704589846-f9456fee8056b431d8cc920b3927c14d",
                "url_private_download": "https:\/\/files.slack.com\/files-pri\/T1T85P197-F02LVHZHU5U\/download\/image_from_ios.jpg?t=xoxe-61277783313-6938219705459-6931704589846-f9456fee8056b431d8cc920b3927c14d",
                "media_display_type": "unknown",
                "thumb_64": "https:\/\/files.slack.com\/files-tmb\/T1T85P197-F02LVHZHU5U-93273a5020\/image_from_ios_64.jpg?t=xoxe-61277783313-6938219705459-6931704589846-f9456fee8056b431d8cc920b3927c14d",
                "thumb_80": "https:\/\/files.slack.com\/files-tmb\/T1T85P197-F02LVHZHU5U-93273a5020\/image_from_ios_80.jpg?t=xoxe-61277783313-6938219705459-6931704589846-f9456fee8056b431d8cc920b3927c14d",
                "thumb_360": "https:\/\/files.slack.com\/files-tmb\/T1T85P197-F02LVHZHU5U-93273a5020\/image_from_ios_360.jpg?t=xoxe-61277783313-6938219705459-6931704589846-f9456fee8056b431d8cc920b3927c14d",
                "thumb_360_w": 270,
                "thumb_360_h": 360,
                "thumb_480": "https:\/\/files.slack.com\/files-tmb\/T1T85P197-F02LVHZHU5U-93273a5020\/image_from_ios_480.jpg?t=xoxe-61277783313-6938219705459-6931704589846-f9456fee8056b431d8cc920b3927c14d",
                "thumb_480_w": 360,
                "thumb_480_h": 480,
                "thumb_160": "https:\/\/files.slack.com\/files-tmb\/T1T85P197-F02LVHZHU5U-93273a5020\/image_from_ios_160.jpg?t=xoxe-61277783313-6938219705459-6931704589846-f9456fee8056b431d8cc920b3927c14d",
                "thumb_720": "https:\/\/files.slack.com\/files-tmb\/T1T85P197-F02LVHZHU5U-93273a5020\/image_from_ios_720.jpg?t=xoxe-61277783313-6938219705459-6931704589846-f9456fee8056b431d8cc920b3927c14d",
                "thumb_720_w": 540,
                "thumb_720_h": 720,
                "thumb_800": "https:\/\/files.slack.com\/files-tmb\/T1T85P197-F02LVHZHU5U-93273a5020\/image_from_ios_800.jpg?t=xoxe-61277783313-6938219705459-6931704589846-f9456fee8056b431d8cc920b3927c14d",
                "thumb_800_w": 800,
                "thumb_800_h": 1067,
                "thumb_960": "https:\/\/files.slack.com\/files-tmb\/T1T85P197-F02LVHZHU5U-93273a5020\/image_from_ios_960.jpg?t=xoxe-61277783313-6938219705459-6931704589846-f9456fee8056b431d8cc920b3927c14d",
                "thumb_960_w": 720,
                "thumb_960_h": 960,
                "thumb_1024": "https:\/\/files.slack.com\/files-tmb\/T1T85P197-F02LVHZHU5U-93273a5020\/image_from_ios_1024.jpg?t=xoxe-61277783313-6938219705459-6931704589846-f9456fee8056b431d8cc920b3927c14d",
                "thumb_1024_w": 768,
                "thumb_1024_h": 1024,
                "original_w": 3024,
                "original_h": 4032,
                "thumb_tiny": "AwAwACR4t4NufL\/U1XuIUSNsDBBqwHGcD5vxpjAs3I6+tSULaRRvbqWjUnJ5Ip0sUQ6RL+VRqCCM8DIp8rqW4YHFAERSPP3F\/KjZH\/cX8qXI9aM+9ACuyq2AOfSmg87iSD2ApYI8yFWHzYzzU72\/of0oApyl3wgO4H2xTxbFQGGelSCLZktz6U0x7BvErjuRTuIhMm04ZCD9aTzl\/un86e0TyHcJaT7M\/wDz1H60AOaUGVGj4IA3VpFqzbaPLAntV4v6ikA245249KqStjaM96tyAPjHpUZjBGCMj3oGVc44FG4+tSmBM9D+dHkJ7\/nRcD\/\/2Q==",
                "permalink": "https:\/\/schulzlab.slack.com\/files\/U028ZEAHA6S\/F02LVHZHU5U\/image_from_ios.jpg",
                "permalink_public": "https:\/\/slack-files.com\/T1T85P197-F02LVHZHU5U-fafae002a3",
                "is_starred": false,
                "has_rich_preview": false,
                "file_access": "visible"
            }
        ],
        "upload": false,
        "user": "U028ZEAHA6S",
        "display_as_bot": false,
        "blocks": [
            {
                "type": "rich_text",
                "block_id": "Oc3",
                "elements": [
                    {
                        "type": "rich_text_section",
                        "elements": [
                            {
                                "type": "text",
                                "text": "I can’t get this chiller (under Eleanor Rigby) to turn on.  Does anyone know if there’s a trick to it or is it just flat out broken?"
                            }
                        ]
                    }
                ]
            }
        ],
        "type": "message",
        "ts": "1636665460.084800",
        "client_msg_id": "04FDE276-DA5C-4F67-A81B-E187B9C0CB3E"
    },
    {
        "user": "U010N31RYMV",
        "type": "message",
        "ts": "1636665691.085400",
        "client_msg_id": "4844d17a-5b71-42b2-9c62-38b23fe8de25",
        "text": "It might have a trip breaker on it somewhere.  I can come check it out perhaps later this afternoon or tomorrow if need be. Is this Daniel's?",
        "team": "T1T85P197",
        "user_team": "T1T85P197",
        "source_team": "T1T85P197",
        "user_profile": {
            "avatar_hash": "084d1d915961",
            "image_72": "https:\/\/avatars.slack-edge.com\/2021-06-11\/2162938824690_084d1d915961fd2a1fcb_72.png",
            "first_name": "",
            "real_name": "David Schulz",
            "display_name": "David Schulz",
            "team": "T1T85P197",
            "name": "schulzd",
            "is_restricted": false,
            "is_ultra_restricted": false
        },
        "blocks": [
            {
                "type": "rich_text",
                "block_id": "gQblX",
                "elements": [
                    {
                        "type": "rich_text_section",
                        "elements": [
                            {
                                "type": "text",
                                "text": "It might have a trip breaker on it somewhere.  I can come check it out perhaps later this afternoon or tomorrow if need be. Is this Daniel's?"
                            }
                        ]
                    }
                ]
            }
        ]
    },
    {
        "user": "U028ZEAHA6S",
        "type": "message",
        "ts": "1636665770.086300",
        "client_msg_id": "60F3A7B1-8E3D-4427-A347-FFC56A819598",
        "text": "I think Daniel’s.  It’s the middle rig that was most recently Benton’s.",
        "team": "T1T85P197",
        "user_team": "T1T85P197",
        "source_team": "T1T85P197",
        "user_profile": {
            "avatar_hash": "1839fba3b3db",
            "image_72": "https:\/\/avatars.slack-edge.com\/2021-07-27\/2341195265936_1839fba3b3db46348d0b_72.png",
            "first_name": "",
            "real_name": "Brian Lane",
            "display_name": "Brian Lane",
            "team": "T1T85P197",
            "name": "laneb",
            "is_restricted": false,
            "is_ultra_restricted": false
        },
        "blocks": [
            {
                "type": "rich_text",
                "block_id": "QmCMu",
                "elements": [
                    {
                        "type": "rich_text_section",
                        "elements": [
                            {
                                "type": "text",
                                "text": "I think Daniel’s.  It’s the middle rig that was most recently Benton’s."
                            }
                        ]
                    }
                ]
            }
        ]
    },
    {
        "user": "U028ZEAHA6S",
        "type": "message",
        "ts": "1636665855.088200",
        "client_msg_id": "CCEB0994-A039-4A41-8AA2-DF51CC2D06A7",
        "text": "Ok thanks, I’ll be around for a little while if you pop by this afternoon. In the meantime I’ll crawl under there and see if I can find a trip breaker",
        "team": "T1T85P197",
        "user_team": "T1T85P197",
        "source_team": "T1T85P197",
        "user_profile": {
            "avatar_hash": "1839fba3b3db",
            "image_72": "https:\/\/avatars.slack-edge.com\/2021-07-27\/2341195265936_1839fba3b3db46348d0b_72.png",
            "first_name": "",
            "real_name": "Brian Lane",
            "display_name": "Brian Lane",
            "team": "T1T85P197",
            "name": "laneb",
            "is_restricted": false,
            "is_ultra_restricted": false
        },
        "blocks": [
            {
                "type": "rich_text",
                "block_id": "zL0",
                "elements": [
                    {
                        "type": "rich_text_section",
                        "elements": [
                            {
                                "type": "text",
                                "text": "Ok thanks, I’ll be around for a little while if you pop by this afternoon. In the meantime I’ll crawl under there and see if I can find a trip breaker"
                            }
                        ]
                    }
                ]
            }
        ]
    },
    {
        "user": "U0103JSQYLB",
        "type": "message",
        "ts": "1636665879.088400",
        "client_msg_id": "A048CDA5-77DA-42F3-A096-DC04911DD9B9",
        "text": "Yeah that's Daniels ",
        "team": "T1T85P197",
        "user_team": "T1T85P197",
        "source_team": "T1T85P197",
        "user_profile": {
            "avatar_hash": "94bf4a6c3643",
            "image_72": "https:\/\/avatars.slack-edge.com\/2023-05-20\/5309607146049_94bf4a6c3643af0ab428_72.png",
            "first_name": "Joe",
            "real_name": "Joe",
            "display_name": "Joe",
            "team": "T1T85P197",
            "name": "joseviteri",
            "is_restricted": false,
            "is_ultra_restricted": false
        },
        "blocks": [
            {
                "type": "rich_text",
                "block_id": "8IW",
                "elements": [
                    {
                        "type": "rich_text_section",
                        "elements": [
                            {
                                "type": "text",
                                "text": "Yeah that's Daniels "
                            }
                        ]
                    }
                ]
            }
        ]
    },
    {
        "user": "U1T7R897Y",
        "type": "message",
        "ts": "1636675367.093800",
        "client_msg_id": "CACFD457-641B-4D1D-9073-2E76C8EF24C0",
        "text": "I'll echo checking the outlet\/surge protector. I don't recall any issues with it, but that was pre April 2020.",
        "team": "T1T85P197",
        "user_team": "T1T85P197",
        "source_team": "T1T85P197",
        "user_profile": {
            "avatar_hash": "c8cca50bc366",
            "image_72": "https:\/\/avatars.slack-edge.com\/2021-05-11\/2054490932018_c8cca50bc366ce61d83e_72.png",
            "first_name": "Daniel",
            "real_name": "Daniel Kick",
            "display_name": "Daniel",
            "team": "T1T85P197",
            "name": "daniel",
            "is_restricted": false,
            "is_ultra_restricted": false
        },
        "blocks": [
            {
                "type": "rich_text",
                "block_id": "\/8B",
                "elements": [
                    {
                        "type": "rich_text_section",
                        "elements": [
                            {
                                "type": "text",
                                "text": "I'll echo checking the outlet\/surge protector. I don't recall any issues with it, but that was pre April 2020."
                            }
                        ]
                    }
                ]
            }
        ]
    }
]