[
    {
        "user": "U010N31RYMV",
        "type": "message",
        "ts": "1636601732.082500",
        "edited": {
            "user": "U010N31RYMV",
            "ts": "1636601907.000000"
        },
        "client_msg_id": "21651D86-AF90-4D6B-A69F-85EBE2EA059E",
        "text": "If anyone would still like a flu shot, here is an on campus opportunity for students: <https:\/\/showme.missouri.edu\/2021\/mu-mu-health-care-to-sponsor-flu-shot-clinics\/|https:\/\/showme.missouri.edu\/2021\/mu-mu-health-care-to-sponsor-flu-shot-clinics\/>",
        "team": "T1T85P197",
        "user_team": "T1T85P197",
        "source_team": "T1T85P197",
        "user_profile": {
            "avatar_hash": "084d1d915961",
            "image_72": "https:\/\/avatars.slack-edge.com\/2021-06-11\/2162938824690_084d1d915961fd2a1fcb_72.png",
            "first_name": "",
            "real_name": "David Schulz",
            "display_name": "David Schulz",
            "team": "T1T85P197",
            "name": "schulzd",
            "is_restricted": false,
            "is_ultra_restricted": false
        },
        "attachments": [
            {
                "from_url": "https:\/\/showme.missouri.edu\/2021\/mu-mu-health-care-to-sponsor-flu-shot-clinics\/",
                "title": "MU, MU Health Care to sponsor flu shot clinics",
                "title_link": "https:\/\/showme.missouri.edu\/2021\/mu-mu-health-care-to-sponsor-flu-shot-clinics\/",
                "text": "Clinics will take place through November and are available to faculty, staff, students and community members.",
                "thumb_url": "https:\/\/showme.missouri.edu\/wp-content\/uploads\/2021\/09\/092021Vaccine-940x529.jpg",
                "thumb_width": 940,
                "thumb_height": 529,
                "fallback": "MU, MU Health Care to sponsor flu shot clinics",
                "service_icon": "https:\/\/showme.missouri.edu\/favicon.ico",
                "service_name": "showme.missouri.edu",
                "id": 1,
                "original_url": "https:\/\/showme.missouri.edu\/2021\/mu-mu-health-care-to-sponsor-flu-shot-clinics\/"
            }
        ],
        "blocks": [
            {
                "type": "rich_text",
                "block_id": "DCS",
                "elements": [
                    {
                        "type": "rich_text_section",
                        "elements": [
                            {
                                "type": "text",
                                "text": "If anyone would still like a flu shot, here is an on campus opportunity for students: "
                            },
                            {
                                "type": "link",
                                "url": "https:\/\/showme.missouri.edu\/2021\/mu-mu-health-care-to-sponsor-flu-shot-clinics\/",
                                "text": "https:\/\/showme.missouri.edu\/2021\/mu-mu-health-care-to-sponsor-flu-shot-clinics\/"
                            }
                        ]
                    }
                ]
            }
        ]
    }
]