[
    {
        "user": "U010N31RYMV",
        "type": "message",
        "ts": "1625774946.018500",
        "client_msg_id": "f23166d7-5e27-479f-9fd9-ee528f7cc464",
        "text": "FYI for anyone interested in an R-workshop:\n<http:\/\/moprevention.org\/summer-of-r\/>",
        "team": "T1T85P197",
        "user_team": "T1T85P197",
        "source_team": "T1T85P197",
        "user_profile": {
            "avatar_hash": "084d1d915961",
            "image_72": "https:\/\/avatars.slack-edge.com\/2021-06-11\/2162938824690_084d1d915961fd2a1fcb_72.png",
            "first_name": "",
            "real_name": "David Schulz",
            "display_name": "David Schulz",
            "team": "T1T85P197",
            "name": "schulzd",
            "is_restricted": false,
            "is_ultra_restricted": false
        },
        "blocks": [
            {
                "type": "rich_text",
                "block_id": "XuNT",
                "elements": [
                    {
                        "type": "rich_text_section",
                        "elements": [
                            {
                                "type": "text",
                                "text": "FYI for anyone interested in an R-workshop:\n"
                            },
                            {
                                "type": "link",
                                "url": "http:\/\/moprevention.org\/summer-of-r\/"
                            }
                        ]
                    }
                ]
            }
        ]
    },
    {
        "user": "U010N31RYMV",
        "type": "message",
        "ts": "1625774966.019000",
        "client_msg_id": "e130e592-6bdb-4ca1-9057-1f21ab25eb9f",
        "text": "I also am hearing that Stats will have a free online R course on Canvas deployed this fall for anyone to partake.",
        "team": "T1T85P197",
        "user_team": "T1T85P197",
        "source_team": "T1T85P197",
        "user_profile": {
            "avatar_hash": "084d1d915961",
            "image_72": "https:\/\/avatars.slack-edge.com\/2021-06-11\/2162938824690_084d1d915961fd2a1fcb_72.png",
            "first_name": "",
            "real_name": "David Schulz",
            "display_name": "David Schulz",
            "team": "T1T85P197",
            "name": "schulzd",
            "is_restricted": false,
            "is_ultra_restricted": false
        },
        "blocks": [
            {
                "type": "rich_text",
                "block_id": "AANbq",
                "elements": [
                    {
                        "type": "rich_text_section",
                        "elements": [
                            {
                                "type": "text",
                                "text": "I also am hearing that Stats will have a free online R course on Canvas deployed this fall for anyone to partake."
                            }
                        ]
                    }
                ]
            }
        ]
    }
]