[
    {
        "user": "U010N31RYMV",
        "type": "message",
        "ts": "1613494597.039200",
        "client_msg_id": "26084165-3185-4693-91c8-7d796e11a666",
        "text": "<https:\/\/neuronline.sfn.org\/professional-development\/navigating-the-neuroscience-job-market-during-covid19-and-beyond?utm_campaign=2021%20Webinars&amp;utm_medium=email&amp;_hsmi=111410102&amp;_hsenc=p2ANqtz-_k_nXrUFbxTdAld4T1qf4fivpznxjsdQIlY_9g1n6aa7dXbketpXagGTqQx5TflwGeGbPSjpYbo0x59sIia12gEu9uxbXTj6AMjAr3S5XfEY0_pzk&amp;utm_content=111410102&amp;utm_source=hs_email|https:\/\/neuronline.sfn.org\/professional-development\/navigating-the-neuroscience-job-ma[…]AMjAr3S5XfEY0_pzk&amp;utm_content=111410102&amp;utm_source=hs_email>",
        "team": "T1T85P197",
        "user_team": "T1T85P197",
        "source_team": "T1T85P197",
        "user_profile": {
            "avatar_hash": "084d1d915961",
            "image_72": "https:\/\/avatars.slack-edge.com\/2021-06-11\/2162938824690_084d1d915961fd2a1fcb_72.png",
            "first_name": "",
            "real_name": "David Schulz",
            "display_name": "David Schulz",
            "team": "T1T85P197",
            "name": "schulzd",
            "is_restricted": false,
            "is_ultra_restricted": false
        },
        "attachments": [
            {
                "title": "Navigating the Neuroscience Job Market During COVID19 and Beyond",
                "title_link": "https:\/\/neuronline.sfn.org\/professional-development\/navigating-the-neuroscience-job-market-during-covid19-and-beyond?utm_campaign=2021%20Webinars&utm_medium=email&_hsmi=111410102&_hsenc=p2ANqtz-_k_nXrUFbxTdAld4T1qf4fivpznxjsdQIlY_9g1n6aa7dXbketpXagGTqQx5TflwGeGbPSjpYbo0x59sIia12gEu9uxbXTj6AMjAr3S5XfEY0_pzk&utm_content=111410102&utm_source=hs_email",
                "fallback": "Navigating the Neuroscience Job Market During COVID19 and Beyond",
                "image_url": "https:\/\/neuronline.sfn.org\/-\/media\/Project\/Neuronline\/Article-Images\/Stock-Images\/Science-Stock-Images\/2020-Science-Stock-Images\/scientific-image-6.jpg",
                "from_url": "https:\/\/neuronline.sfn.org\/professional-development\/navigating-the-neuroscience-job-market-during-covid19-and-beyond?utm_campaign=2021%20Webinars&utm_medium=email&_hsmi=111410102&_hsenc=p2ANqtz-_k_nXrUFbxTdAld4T1qf4fivpznxjsdQIlY_9g1n6aa7dXbketpXagGTqQx5TflwGeGbPSjpYbo0x59sIia12gEu9uxbXTj6AMjAr3S5XfEY0_pzk&utm_content=111410102&utm_source=hs_email",
                "image_width": 443,
                "image_height": 250,
                "image_bytes": 307006,
                "service_name": "neuronline.sfn.org",
                "id": 1,
                "original_url": "https:\/\/neuronline.sfn.org\/professional-development\/navigating-the-neuroscience-job-market-during-covid19-and-beyond?utm_campaign=2021%20Webinars&amp;utm_medium=email&amp;_hsmi=111410102&amp;_hsenc=p2ANqtz-_k_nXrUFbxTdAld4T1qf4fivpznxjsdQIlY_9g1n6aa7dXbketpXagGTqQx5TflwGeGbPSjpYbo0x59sIia12gEu9uxbXTj6AMjAr3S5XfEY0_pzk&amp;utm_content=111410102&amp;utm_source=hs_email"
            }
        ],
        "blocks": [
            {
                "type": "rich_text",
                "block_id": "Pz1O",
                "elements": [
                    {
                        "type": "rich_text_section",
                        "elements": [
                            {
                                "type": "link",
                                "url": "https:\/\/neuronline.sfn.org\/professional-development\/navigating-the-neuroscience-job-market-during-covid19-and-beyond?utm_campaign=2021%20Webinars&utm_medium=email&_hsmi=111410102&_hsenc=p2ANqtz-_k_nXrUFbxTdAld4T1qf4fivpznxjsdQIlY_9g1n6aa7dXbketpXagGTqQx5TflwGeGbPSjpYbo0x59sIia12gEu9uxbXTj6AMjAr3S5XfEY0_pzk&utm_content=111410102&utm_source=hs_email",
                                "text": "https:\/\/neuronline.sfn.org\/professional-development\/navigating-the-neuroscience-job-ma[…]AMjAr3S5XfEY0_pzk&utm_content=111410102&utm_source=hs_email"
                            }
                        ]
                    }
                ]
            }
        ],
        "reactions": [
            {
                "name": "+1",
                "users": [
                    "U010M1M3N9E",
                    "U010CH4JLKE"
                ],
                "count": 2
            }
        ]
    },
    {
        "user": "U010M1M3N9E",
        "type": "message",
        "ts": "1613494650.039600",
        "client_msg_id": "1a42d788-1563-44b8-a61d-c6cdcc9125f6",
        "text": "sounds interesting but my status is inactive",
        "team": "T1T85P197",
        "user_team": "T1T85P197",
        "source_team": "T1T85P197",
        "user_profile": {
            "avatar_hash": "63b8b876b0d0",
            "image_72": "https:\/\/avatars.slack-edge.com\/2021-01-15\/1638892537269_63b8b876b0d0bce87f79_72.jpg",
            "first_name": "Michael",
            "real_name": "Michael Gray",
            "display_name": "Michael Gray",
            "team": "T1T85P197",
            "name": "grayml",
            "is_restricted": false,
            "is_ultra_restricted": false
        },
        "blocks": [
            {
                "type": "rich_text",
                "block_id": "ZBpU",
                "elements": [
                    {
                        "type": "rich_text_section",
                        "elements": [
                            {
                                "type": "text",
                                "text": "sounds interesting but my status is inactive"
                            }
                        ]
                    }
                ]
            }
        ]
    },
    {
        "user": "U010N31RYMV",
        "type": "message",
        "ts": "1613494687.040000",
        "client_msg_id": "9572c7ae-9a71-4e00-9c11-ebfe533371fa",
        "text": "If only you had some source of funding that could cover your dues....",
        "team": "T1T85P197",
        "user_team": "T1T85P197",
        "source_team": "T1T85P197",
        "user_profile": {
            "avatar_hash": "084d1d915961",
            "image_72": "https:\/\/avatars.slack-edge.com\/2021-06-11\/2162938824690_084d1d915961fd2a1fcb_72.png",
            "first_name": "",
            "real_name": "David Schulz",
            "display_name": "David Schulz",
            "team": "T1T85P197",
            "name": "schulzd",
            "is_restricted": false,
            "is_ultra_restricted": false
        },
        "blocks": [
            {
                "type": "rich_text",
                "block_id": "2Rqvx",
                "elements": [
                    {
                        "type": "rich_text_section",
                        "elements": [
                            {
                                "type": "text",
                                "text": "If only you had some source of funding that could cover your dues...."
                            }
                        ]
                    }
                ]
            }
        ]
    },
    {
        "user": "U010N31RYMV",
        "type": "message",
        "ts": "1613494706.040500",
        "client_msg_id": "bb790cb5-ede2-4a5a-af28-ac7154f98c9f",
        "text": "or get someone else to log in for you.",
        "team": "T1T85P197",
        "user_team": "T1T85P197",
        "source_team": "T1T85P197",
        "user_profile": {
            "avatar_hash": "084d1d915961",
            "image_72": "https:\/\/avatars.slack-edge.com\/2021-06-11\/2162938824690_084d1d915961fd2a1fcb_72.png",
            "first_name": "",
            "real_name": "David Schulz",
            "display_name": "David Schulz",
            "team": "T1T85P197",
            "name": "schulzd",
            "is_restricted": false,
            "is_ultra_restricted": false
        },
        "blocks": [
            {
                "type": "rich_text",
                "block_id": "VCF",
                "elements": [
                    {
                        "type": "rich_text_section",
                        "elements": [
                            {
                                "type": "text",
                                "text": "or get someone else to log in for you."
                            }
                        ]
                    }
                ]
            }
        ]
    },
    {
        "user": "U010M1M3N9E",
        "type": "message",
        "ts": "1613494728.041000",
        "client_msg_id": "5742a451-0d5a-4a4c-9f98-fe70da8024f0",
        "text": "yeah, I could, but thats like one thing, maybe if they offered 2 things, that'd be like twice the things",
        "team": "T1T85P197",
        "user_team": "T1T85P197",
        "source_team": "T1T85P197",
        "user_profile": {
            "avatar_hash": "63b8b876b0d0",
            "image_72": "https:\/\/avatars.slack-edge.com\/2021-01-15\/1638892537269_63b8b876b0d0bce87f79_72.jpg",
            "first_name": "Michael",
            "real_name": "Michael Gray",
            "display_name": "Michael Gray",
            "team": "T1T85P197",
            "name": "grayml",
            "is_restricted": false,
            "is_ultra_restricted": false
        },
        "blocks": [
            {
                "type": "rich_text",
                "block_id": "cPhH",
                "elements": [
                    {
                        "type": "rich_text_section",
                        "elements": [
                            {
                                "type": "text",
                                "text": "yeah, I could, but thats like one thing, maybe if they offered 2 things, that'd be like twice the things"
                            }
                        ]
                    }
                ]
            }
        ],
        "reactions": [
            {
                "name": "+1",
                "users": [
                    "U010N31RYMV"
                ],
                "count": 1
            }
        ]
    },
    {
        "user": "U010CH4JLKE",
        "type": "message",
        "ts": "1613497428.042400",
        "edited": {
            "user": "U010CH4JLKE",
            "ts": "1613497571.000000"
        },
        "client_msg_id": "f12f10bc-92dc-4a6a-973a-2cf2c02d5f21",
        "text": "When it's convenient, could someone sign-in and save\/print the page as a pdf? EDIT: Realized that this is a webinar not an article",
        "team": "T1T85P197",
        "user_team": "T1T85P197",
        "source_team": "T1T85P197",
        "user_profile": {
            "avatar_hash": "g20bb784c4fd",
            "image_72": "https:\/\/secure.gravatar.com\/avatar\/20bb784c4fdee8946cb76160792cd6f9.jpg?s=72&d=https%3A%2F%2Fa.slack-edge.com%2Fdf10d%2Fimg%2Favatars%2Fava_0023-72.png",
            "first_name": "",
            "real_name": "Benton",
            "display_name": "",
            "team": "T1T85P197",
            "name": "bentonberigan",
            "is_restricted": false,
            "is_ultra_restricted": false
        },
        "blocks": [
            {
                "type": "rich_text",
                "block_id": "8K2",
                "elements": [
                    {
                        "type": "rich_text_section",
                        "elements": [
                            {
                                "type": "text",
                                "text": "When it's convenient, could someone sign-in and save\/print the page as a pdf? EDIT: Realized that this is a webinar not an article"
                            }
                        ]
                    }
                ]
            }
        ]
    }
]