[
    {
        "user": "U010N31RYMV",
        "type": "message",
        "ts": "1632771733.040200",
        "client_msg_id": "d4660ad9-2043-4d9d-912e-0de3dbec07c5",
        "text": "Good day, friends!  I have spent a little time putting together a new and streamlined lab website.  You can find it here:  <https:\/\/dvdschulz.wixsite.com\/website>",
        "team": "T1T85P197",
        "user_team": "T1T85P197",
        "source_team": "T1T85P197",
        "user_profile": {
            "avatar_hash": "084d1d915961",
            "image_72": "https:\/\/avatars.slack-edge.com\/2021-06-11\/2162938824690_084d1d915961fd2a1fcb_72.png",
            "first_name": "",
            "real_name": "David Schulz",
            "display_name": "David Schulz",
            "team": "T1T85P197",
            "name": "schulzd",
            "is_restricted": false,
            "is_ultra_restricted": false
        },
        "blocks": [
            {
                "type": "rich_text",
                "block_id": "etM",
                "elements": [
                    {
                        "type": "rich_text_section",
                        "elements": [
                            {
                                "type": "text",
                                "text": "Good day, friends!  I have spent a little time putting together a new and streamlined lab website.  You can find it here:  "
                            },
                            {
                                "type": "link",
                                "url": "https:\/\/dvdschulz.wixsite.com\/website"
                            }
                        ]
                    }
                ]
            }
        ]
    },
    {
        "user": "U010N31RYMV",
        "type": "message",
        "ts": "1632771810.041700",
        "client_msg_id": "92a7c6ae-0231-4ef7-a5d5-de5e3b0de4fd",
        "text": "I would appreciate any feedback.  Whether you would like me to change anything about your presence specifically (update pictures, change language, etc.).  Or if you have any general comments.  I am looking for something a little slimmer because keeping up on this is not easy.  If you want me to link anything of yours to your entry or the like, please let me know.  Comments welcome before this gets linked for real to the DBS website.  Thanks!!!!",
        "team": "T1T85P197",
        "user_team": "T1T85P197",
        "source_team": "T1T85P197",
        "user_profile": {
            "avatar_hash": "084d1d915961",
            "image_72": "https:\/\/avatars.slack-edge.com\/2021-06-11\/2162938824690_084d1d915961fd2a1fcb_72.png",
            "first_name": "",
            "real_name": "David Schulz",
            "display_name": "David Schulz",
            "team": "T1T85P197",
            "name": "schulzd",
            "is_restricted": false,
            "is_ultra_restricted": false
        },
        "blocks": [
            {
                "type": "rich_text",
                "block_id": "cFnfA",
                "elements": [
                    {
                        "type": "rich_text_section",
                        "elements": [
                            {
                                "type": "text",
                                "text": "I would appreciate any feedback.  Whether you would like me to change anything about your presence specifically (update pictures, change language, etc.).  Or if you have any general comments.  I am looking for something a little slimmer because keeping up on this is not easy.  If you want me to link anything of yours to your entry or the like, please let me know.  Comments welcome before this gets linked for real to the DBS website.  Thanks!!!!"
                            }
                        ]
                    }
                ]
            }
        ]
    },
    {
        "user": "U02D68LLBAQ",
        "type": "message",
        "ts": "1632773580.041800",
        "client_msg_id": "03ec18e8-a9dd-42da-be41-6e819cd507bf",
        "text": ":ok_hand:",
        "team": "T1T85P197",
        "user_team": "T1T85P197",
        "source_team": "T1T85P197",
        "user_profile": {
            "avatar_hash": "gb96e34dee9e",
            "image_72": "https:\/\/secure.gravatar.com\/avatar\/b96e34dee9ededc7a4375e8c8aed1dec.jpg?s=72&d=https%3A%2F%2Fa.slack-edge.com%2Fdf10d%2Fimg%2Favatars%2Fava_0002-72.png",
            "first_name": "Arturo",
            "real_name": "Arturo Rosete",
            "display_name": "",
            "team": "T1T85P197",
            "name": "arrrx423",
            "is_restricted": false,
            "is_ultra_restricted": false
        },
        "blocks": [
            {
                "type": "rich_text",
                "block_id": "+iC",
                "elements": [
                    {
                        "type": "rich_text_section",
                        "elements": [
                            {
                                "type": "emoji",
                                "name": "ok_hand",
                                "unicode": "1f44c"
                            }
                        ]
                    }
                ]
            }
        ]
    },
    {
        "user": "U028ZEAHA6S",
        "type": "message",
        "ts": "1632773677.042300",
        "client_msg_id": "09805c4c-376b-4bbf-81cd-956b92b9e6d6",
        "text": "Looks really nice, I like it",
        "team": "T1T85P197",
        "user_team": "T1T85P197",
        "source_team": "T1T85P197",
        "user_profile": {
            "avatar_hash": "1839fba3b3db",
            "image_72": "https:\/\/avatars.slack-edge.com\/2021-07-27\/2341195265936_1839fba3b3db46348d0b_72.png",
            "first_name": "",
            "real_name": "Brian Lane",
            "display_name": "Brian Lane",
            "team": "T1T85P197",
            "name": "laneb",
            "is_restricted": false,
            "is_ultra_restricted": false
        },
        "blocks": [
            {
                "type": "rich_text",
                "block_id": "\/pgMd",
                "elements": [
                    {
                        "type": "rich_text_section",
                        "elements": [
                            {
                                "type": "text",
                                "text": "Looks really nice, I like it"
                            }
                        ]
                    }
                ]
            }
        ]
    },
    {
        "user": "U0103JSQYLB",
        "type": "message",
        "ts": "1632774254.042700",
        "client_msg_id": "7887D9A9-6B16-484A-857E-0CDB7A026EF4",
        "text": "Yeah just looked at it. Looks good Dave!",
        "team": "T1T85P197",
        "user_team": "T1T85P197",
        "source_team": "T1T85P197",
        "user_profile": {
            "avatar_hash": "94bf4a6c3643",
            "image_72": "https:\/\/avatars.slack-edge.com\/2023-05-20\/5309607146049_94bf4a6c3643af0ab428_72.png",
            "first_name": "Joe",
            "real_name": "Joe",
            "display_name": "Joe",
            "team": "T1T85P197",
            "name": "joseviteri",
            "is_restricted": false,
            "is_ultra_restricted": false
        },
        "blocks": [
            {
                "type": "rich_text",
                "block_id": "ARJ0y",
                "elements": [
                    {
                        "type": "rich_text_section",
                        "elements": [
                            {
                                "type": "text",
                                "text": "Yeah just looked at it. Looks good Dave!"
                            }
                        ]
                    }
                ]
            }
        ]
    },
    {
        "user": "U023PK824E6",
        "type": "message",
        "ts": "1632777573.042800",
        "client_msg_id": "353ea76a-feed-41d0-a67f-a3c5266829b2",
        "text": "wonderful:nerd_face: :nerd_face:",
        "team": "T1T85P197",
        "user_team": "T1T85P197",
        "source_team": "T1T85P197",
        "user_profile": {
            "avatar_hash": "ga8d176583d2",
            "image_72": "https:\/\/secure.gravatar.com\/avatar\/a8d176583d2666aae39f1903dfc1aae3.jpg?s=72&d=https%3A%2F%2Fa.slack-edge.com%2Fdf10d%2Fimg%2Favatars%2Fava_0014-72.png",
            "first_name": "",
            "real_name": "jamica lynn jacobs",
            "display_name": "jamica lynn jacobs",
            "team": "T1T85P197",
            "name": "jjphn",
            "is_restricted": false,
            "is_ultra_restricted": false
        },
        "blocks": [
            {
                "type": "rich_text",
                "block_id": "PxxAs",
                "elements": [
                    {
                        "type": "rich_text_section",
                        "elements": [
                            {
                                "type": "text",
                                "text": "wonderful"
                            },
                            {
                                "type": "emoji",
                                "name": "nerd_face",
                                "unicode": "1f913"
                            },
                            {
                                "type": "text",
                                "text": " "
                            },
                            {
                                "type": "emoji",
                                "name": "nerd_face",
                                "unicode": "1f913"
                            }
                        ]
                    }
                ]
            }
        ]
    },
    {
        "user": "U010N31RYMV",
        "type": "message",
        "ts": "1632784616.043700",
        "client_msg_id": "37c33baa-8584-41b6-b6e2-2fbb515fa349",
        "text": "I don't think any of you are teaching in Stewart Hall this semester, but if you hear about the fire there this afternoon - all is well and I'm taking care of this.  Not sure if this impacts any of you, but just in case I thought I'd let you know.",
        "team": "T1T85P197",
        "user_team": "T1T85P197",
        "source_team": "T1T85P197",
        "user_profile": {
            "avatar_hash": "084d1d915961",
            "image_72": "https:\/\/avatars.slack-edge.com\/2021-06-11\/2162938824690_084d1d915961fd2a1fcb_72.png",
            "first_name": "",
            "real_name": "David Schulz",
            "display_name": "David Schulz",
            "team": "T1T85P197",
            "name": "schulzd",
            "is_restricted": false,
            "is_ultra_restricted": false
        },
        "blocks": [
            {
                "type": "rich_text",
                "block_id": "wIX",
                "elements": [
                    {
                        "type": "rich_text_section",
                        "elements": [
                            {
                                "type": "text",
                                "text": "I don't think any of you are teaching in Stewart Hall this semester, but if you hear about the fire there this afternoon - all is well and I'm taking care of this.  Not sure if this impacts any of you, but just in case I thought I'd let you know."
                            }
                        ]
                    }
                ]
            }
        ]
    },
    {
        "user": "U0103JSQYLB",
        "type": "message",
        "ts": "1632784853.044000",
        "client_msg_id": "84AD143A-739A-4ECD-A8CA-EE380310F66B",
        "text": "That explains the fire trucks ",
        "team": "T1T85P197",
        "user_team": "T1T85P197",
        "source_team": "T1T85P197",
        "user_profile": {
            "avatar_hash": "94bf4a6c3643",
            "image_72": "https:\/\/avatars.slack-edge.com\/2023-05-20\/5309607146049_94bf4a6c3643af0ab428_72.png",
            "first_name": "Joe",
            "real_name": "Joe",
            "display_name": "Joe",
            "team": "T1T85P197",
            "name": "joseviteri",
            "is_restricted": false,
            "is_ultra_restricted": false
        },
        "blocks": [
            {
                "type": "rich_text",
                "block_id": "KveH",
                "elements": [
                    {
                        "type": "rich_text_section",
                        "elements": [
                            {
                                "type": "text",
                                "text": "That explains the fire trucks "
                            }
                        ]
                    }
                ]
            }
        ]
    }
]