[
    {
        "user": "U0103JSQYLB",
        "type": "message",
        "ts": "1621958210.000300",
        "client_msg_id": "13EBF106-A368-4F29-A326-3CE96C5C2860",
        "text": "Just checked it. It’s looking good ",
        "team": "T1T85P197",
        "user_team": "T1T85P197",
        "source_team": "T1T85P197",
        "user_profile": {
            "avatar_hash": "94bf4a6c3643",
            "image_72": "https:\/\/avatars.slack-edge.com\/2023-05-20\/5309607146049_94bf4a6c3643af0ab428_72.png",
            "first_name": "Joe",
            "real_name": "Joe",
            "display_name": "Joe",
            "team": "T1T85P197",
            "name": "joseviteri",
            "is_restricted": false,
            "is_ultra_restricted": false
        },
        "blocks": [
            {
                "type": "rich_text",
                "block_id": "K9wi",
                "elements": [
                    {
                        "type": "rich_text_section",
                        "elements": [
                            {
                                "type": "text",
                                "text": "Just checked it. It’s looking good "
                            }
                        ]
                    }
                ]
            }
        ]
    }
]