[
    {
        "user": "U010N31RYMV",
        "type": "message",
        "ts": "1635960225.016400",
        "client_msg_id": "1566df34-3e21-4901-8179-79e712c68bf2",
        "text": "Keep in mind as you are looking at the STG meeting schedule for Friday that the schedule is listed in EASTERN TIME.",
        "team": "T1T85P197",
        "user_team": "T1T85P197",
        "source_team": "T1T85P197",
        "user_profile": {
            "avatar_hash": "084d1d915961",
            "image_72": "https:\/\/avatars.slack-edge.com\/2021-06-11\/2162938824690_084d1d915961fd2a1fcb_72.png",
            "first_name": "",
            "real_name": "David Schulz",
            "display_name": "David Schulz",
            "team": "T1T85P197",
            "name": "schulzd",
            "is_restricted": false,
            "is_ultra_restricted": false
        },
        "blocks": [
            {
                "type": "rich_text",
                "block_id": "Uc2L",
                "elements": [
                    {
                        "type": "rich_text_section",
                        "elements": [
                            {
                                "type": "text",
                                "text": "Keep in mind as you are looking at the STG meeting schedule for Friday that the schedule is listed in EASTERN TIME."
                            }
                        ]
                    }
                ]
            }
        ]
    },
    {
        "user": "U0103JSQYLB",
        "type": "message",
        "ts": "1635960421.016800",
        "client_msg_id": "E448F8D8-3D85-4825-822C-4E7690888761",
        "text": "Good call. 9am it is ",
        "team": "T1T85P197",
        "user_team": "T1T85P197",
        "source_team": "T1T85P197",
        "user_profile": {
            "avatar_hash": "94bf4a6c3643",
            "image_72": "https:\/\/avatars.slack-edge.com\/2023-05-20\/5309607146049_94bf4a6c3643af0ab428_72.png",
            "first_name": "Joe",
            "real_name": "Joe",
            "display_name": "Joe",
            "team": "T1T85P197",
            "name": "joseviteri",
            "is_restricted": false,
            "is_ultra_restricted": false
        },
        "blocks": [
            {
                "type": "rich_text",
                "block_id": "KRXXS",
                "elements": [
                    {
                        "type": "rich_text_section",
                        "elements": [
                            {
                                "type": "text",
                                "text": "Good call. 9am it is "
                            }
                        ]
                    }
                ]
            }
        ]
    },
    {
        "user": "U010N31RYMV",
        "type": "message",
        "ts": "1635960496.017400",
        "client_msg_id": "afa729c5-336b-4dc5-add0-65714d62f5d9",
        "text": "For your convenience, here is the Zoom link for our lab meeting this afternoon (3:15pm):  <https:\/\/umsystem.zoom.us\/j\/5942077454>",
        "team": "T1T85P197",
        "user_team": "T1T85P197",
        "source_team": "T1T85P197",
        "user_profile": {
            "avatar_hash": "084d1d915961",
            "image_72": "https:\/\/avatars.slack-edge.com\/2021-06-11\/2162938824690_084d1d915961fd2a1fcb_72.png",
            "first_name": "",
            "real_name": "David Schulz",
            "display_name": "David Schulz",
            "team": "T1T85P197",
            "name": "schulzd",
            "is_restricted": false,
            "is_ultra_restricted": false
        },
        "attachments": [
            {
                "id": 1,
                "blocks": [
                    {
                        "type": "call",
                        "call_id": "R02KN7J6087",
                        "block_id": "Mpds",
                        "api_decoration_available": false,
                        "call": {
                            "v1": {
                                "id": "R02KN7J6087",
                                "app_id": "A5GE9BMQC",
                                "app_icon_urls": {
                                    "image_32": "https:\/\/slack-files2.s3-us-west-2.amazonaws.com\/avatars\/2017-09-21\/245295805989_06e77af1bfb8e3c81d4d_32.png",
                                    "image_36": "https:\/\/slack-files2.s3-us-west-2.amazonaws.com\/avatars\/2017-09-21\/245295805989_06e77af1bfb8e3c81d4d_36.png",
                                    "image_48": "https:\/\/slack-files2.s3-us-west-2.amazonaws.com\/avatars\/2017-09-21\/245295805989_06e77af1bfb8e3c81d4d_48.png",
                                    "image_64": "https:\/\/slack-files2.s3-us-west-2.amazonaws.com\/avatars\/2017-09-21\/245295805989_06e77af1bfb8e3c81d4d_64.png",
                                    "image_72": "https:\/\/slack-files2.s3-us-west-2.amazonaws.com\/avatars\/2017-09-21\/245295805989_06e77af1bfb8e3c81d4d_72.png",
                                    "image_96": "https:\/\/slack-files2.s3-us-west-2.amazonaws.com\/avatars\/2017-09-21\/245295805989_06e77af1bfb8e3c81d4d_96.png",
                                    "image_128": "https:\/\/slack-files2.s3-us-west-2.amazonaws.com\/avatars\/2017-09-21\/245295805989_06e77af1bfb8e3c81d4d_128.png",
                                    "image_192": "https:\/\/slack-files2.s3-us-west-2.amazonaws.com\/avatars\/2017-09-21\/245295805989_06e77af1bfb8e3c81d4d_192.png",
                                    "image_512": "https:\/\/slack-files2.s3-us-west-2.amazonaws.com\/avatars\/2017-09-21\/245295805989_06e77af1bfb8e3c81d4d_512.png",
                                    "image_1024": "https:\/\/slack-files2.s3-us-west-2.amazonaws.com\/avatars\/2017-09-21\/245295805989_06e77af1bfb8e3c81d4d_1024.png"
                                },
                                "date_start": 1635960497,
                                "active_participants": [],
                                "all_participants": [],
                                "display_id": "594-207-7454",
                                "join_url": "https:\/\/umsystem.zoom.us\/j\/5942077454",
                                "name": "Zoom meeting",
                                "created_by": "U010KUFKU5A",
                                "date_end": 1640061146,
                                "channels": [
                                    "C1T7U1664"
                                ],
                                "is_dm_call": false,
                                "was_rejected": false,
                                "was_missed": false,
                                "was_accepted": false,
                                "has_ended": true
                            },
                            "media_backend_type": "platform_call"
                        }
                    }
                ],
                "fallback": "[no preview available]",
                "bot_id": "B0108U2K57V",
                "app_unfurl_url": "https:\/\/umsystem.zoom.us\/j\/5942077454",
                "is_app_unfurl": true,
                "app_id": "A5GE9BMQC"
            }
        ],
        "blocks": [
            {
                "type": "rich_text",
                "block_id": "LHV8p",
                "elements": [
                    {
                        "type": "rich_text_section",
                        "elements": [
                            {
                                "type": "text",
                                "text": "For your convenience, here is the Zoom link for our lab meeting this afternoon (3:15pm):  "
                            },
                            {
                                "type": "link",
                                "url": "https:\/\/umsystem.zoom.us\/j\/5942077454"
                            }
                        ]
                    }
                ]
            }
        ]
    }
]