[
    {
        "user": "U010N31RYMV",
        "type": "message",
        "ts": "1627474139.002000",
        "client_msg_id": "0841fb5a-a222-4da1-8f2a-82cff8156ef7",
        "text": "Good morning everyone.  We still plan on roasting ourselves this evening in the balmy Missouri summer with tacos and such at 6:00 at Cosmo-Bethel Park.  I am also pleased to say that our rotating PREP Scholar - Arturo Rosete - will also be joining us this evening, so you will all get to meet him as well.  He starts next week in the lab.  We may need to work out some transportation for the evening, as both Jamica and Arturo need transport to the gathering - and Jamica will need to get back by 7:00.  We'll figure it out, but leave no one behind!",
        "team": "T1T85P197",
        "user_team": "T1T85P197",
        "source_team": "T1T85P197",
        "user_profile": {
            "avatar_hash": "084d1d915961",
            "image_72": "https:\/\/avatars.slack-edge.com\/2021-06-11\/2162938824690_084d1d915961fd2a1fcb_72.png",
            "first_name": "",
            "real_name": "David Schulz",
            "display_name": "David Schulz",
            "team": "T1T85P197",
            "name": "schulzd",
            "is_restricted": false,
            "is_ultra_restricted": false
        },
        "blocks": [
            {
                "type": "rich_text",
                "block_id": "SwS3",
                "elements": [
                    {
                        "type": "rich_text_section",
                        "elements": [
                            {
                                "type": "text",
                                "text": "Good morning everyone.  We still plan on roasting ourselves this evening in the balmy Missouri summer with tacos and such at 6:00 at Cosmo-Bethel Park.  I am also pleased to say that our rotating PREP Scholar - Arturo Rosete - will also be joining us this evening, so you will all get to meet him as well.  He starts next week in the lab.  We may need to work out some transportation for the evening, as both Jamica and Arturo need transport to the gathering - and Jamica will need to get back by 7:00.  We'll figure it out, but leave no one behind!"
                            }
                        ]
                    }
                ]
            }
        ],
        "reactions": [
            {
                "name": "+1",
                "users": [
                    "U010CH4JLKE"
                ],
                "count": 1
            }
        ]
    },
    {
        "user": "U0103JSQYLB",
        "type": "message",
        "ts": "1627477496.002500",
        "client_msg_id": "2D9BD3D7-28FD-4C4E-94C5-04A24160EDAB",
        "text": ":ok_hand::skin-tone-4:",
        "team": "T1T85P197",
        "user_team": "T1T85P197",
        "source_team": "T1T85P197",
        "user_profile": {
            "avatar_hash": "94bf4a6c3643",
            "image_72": "https:\/\/avatars.slack-edge.com\/2023-05-20\/5309607146049_94bf4a6c3643af0ab428_72.png",
            "first_name": "Joe",
            "real_name": "Joe",
            "display_name": "Joe",
            "team": "T1T85P197",
            "name": "joseviteri",
            "is_restricted": false,
            "is_ultra_restricted": false
        },
        "blocks": [
            {
                "type": "rich_text",
                "block_id": "RArZ",
                "elements": [
                    {
                        "type": "rich_text_section",
                        "elements": [
                            {
                                "type": "emoji",
                                "name": "ok_hand",
                                "unicode": "1f44c-1f3fd",
                                "skin_tone": 4
                            }
                        ]
                    }
                ]
            }
        ]
    },
    {
        "user": "U010CH4JLKE",
        "type": "message",
        "ts": "1627489280.004200",
        "client_msg_id": "3de609f9-222e-4e71-8189-964474f5eaf2",
        "text": "Jamica no longer needs a ride. Jose or I are available to pickup Arturo but neither of us have his contact info.",
        "team": "T1T85P197",
        "user_team": "T1T85P197",
        "source_team": "T1T85P197",
        "user_profile": {
            "avatar_hash": "g20bb784c4fd",
            "image_72": "https:\/\/secure.gravatar.com\/avatar\/20bb784c4fdee8946cb76160792cd6f9.jpg?s=72&d=https%3A%2F%2Fa.slack-edge.com%2Fdf10d%2Fimg%2Favatars%2Fava_0023-72.png",
            "first_name": "",
            "real_name": "Benton",
            "display_name": "",
            "team": "T1T85P197",
            "name": "bentonberigan",
            "is_restricted": false,
            "is_ultra_restricted": false
        },
        "blocks": [
            {
                "type": "rich_text",
                "block_id": "tl7o=",
                "elements": [
                    {
                        "type": "rich_text_section",
                        "elements": [
                            {
                                "type": "text",
                                "text": "Jamica no longer needs a ride. Jose or I are available to pickup Arturo but neither of us have his contact info."
                            }
                        ]
                    }
                ]
            }
        ]
    },
    {
        "user": "U010N31RYMV",
        "type": "message",
        "ts": "1627506797.004400",
        "client_msg_id": "8c63b5a9-8ccb-4674-b1e0-3bc939b4f4da",
        "text": "Anyone heard from Arturo?",
        "team": "T1T85P197",
        "user_team": "T1T85P197",
        "source_team": "T1T85P197",
        "user_profile": {
            "avatar_hash": "084d1d915961",
            "image_72": "https:\/\/avatars.slack-edge.com\/2021-06-11\/2162938824690_084d1d915961fd2a1fcb_72.png",
            "first_name": "",
            "real_name": "David Schulz",
            "display_name": "David Schulz",
            "team": "T1T85P197",
            "name": "schulzd",
            "is_restricted": false,
            "is_ultra_restricted": false
        },
        "blocks": [
            {
                "type": "rich_text",
                "block_id": "DlNOo",
                "elements": [
                    {
                        "type": "rich_text_section",
                        "elements": [
                            {
                                "type": "text",
                                "text": "Anyone heard from Arturo?"
                            }
                        ]
                    }
                ]
            }
        ]
    },
    {
        "user": "U0103JSQYLB",
        "type": "message",
        "ts": "1627506812.004600",
        "client_msg_id": "4976C56B-2545-4D17-8B7C-19DEC51EF4CC",
        "text": "That’s a negative ",
        "team": "T1T85P197",
        "user_team": "T1T85P197",
        "source_team": "T1T85P197",
        "user_profile": {
            "avatar_hash": "94bf4a6c3643",
            "image_72": "https:\/\/avatars.slack-edge.com\/2023-05-20\/5309607146049_94bf4a6c3643af0ab428_72.png",
            "first_name": "Joe",
            "real_name": "Joe",
            "display_name": "Joe",
            "team": "T1T85P197",
            "name": "joseviteri",
            "is_restricted": false,
            "is_ultra_restricted": false
        },
        "blocks": [
            {
                "type": "rich_text",
                "block_id": "88h",
                "elements": [
                    {
                        "type": "rich_text_section",
                        "elements": [
                            {
                                "type": "text",
                                "text": "That’s a negative "
                            }
                        ]
                    }
                ]
            }
        ]
    },
    {
        "user": "U010CH4JLKE",
        "type": "message",
        "ts": "1627506828.004900",
        "client_msg_id": "76abe84c-ea70-4aea-aecb-b3230a61d96c",
        "text": "Yeah, I'm going to give him a ride.",
        "team": "T1T85P197",
        "user_team": "T1T85P197",
        "source_team": "T1T85P197",
        "user_profile": {
            "avatar_hash": "g20bb784c4fd",
            "image_72": "https:\/\/secure.gravatar.com\/avatar\/20bb784c4fdee8946cb76160792cd6f9.jpg?s=72&d=https%3A%2F%2Fa.slack-edge.com%2Fdf10d%2Fimg%2Favatars%2Fava_0023-72.png",
            "first_name": "",
            "real_name": "Benton",
            "display_name": "",
            "team": "T1T85P197",
            "name": "bentonberigan",
            "is_restricted": false,
            "is_ultra_restricted": false
        },
        "blocks": [
            {
                "type": "rich_text",
                "block_id": "Jw4",
                "elements": [
                    {
                        "type": "rich_text_section",
                        "elements": [
                            {
                                "type": "text",
                                "text": "Yeah, I'm going to give him a ride."
                            }
                        ]
                    }
                ]
            }
        ],
        "reactions": [
            {
                "name": "+1",
                "users": [
                    "U010N31RYMV"
                ],
                "count": 1
            },
            {
                "name": "car",
                "users": [
                    "U010N31RYMV"
                ],
                "count": 1
            },
            {
                "name": "taco",
                "users": [
                    "U010N31RYMV"
                ],
                "count": 1
            }
        ]
    }
]