[
    {
        "user": "U010N31RYMV",
        "type": "message",
        "ts": "1635283255.007600",
        "client_msg_id": "5d16a281-0669-479c-9655-603162b4a2b0",
        "text": "Hi All.  I \"talked\" with Brian by text and all is well and he's doing just fine. his parents are in town to help out with what he needs as well.",
        "team": "T1T85P197",
        "user_team": "T1T85P197",
        "source_team": "T1T85P197",
        "user_profile": {
            "avatar_hash": "084d1d915961",
            "image_72": "https:\/\/avatars.slack-edge.com\/2021-06-11\/2162938824690_084d1d915961fd2a1fcb_72.png",
            "first_name": "",
            "real_name": "David Schulz",
            "display_name": "David Schulz",
            "team": "T1T85P197",
            "name": "schulzd",
            "is_restricted": false,
            "is_ultra_restricted": false
        },
        "blocks": [
            {
                "type": "rich_text",
                "block_id": "hklX",
                "elements": [
                    {
                        "type": "rich_text_section",
                        "elements": [
                            {
                                "type": "text",
                                "text": "Hi All.  I \"talked\" with Brian by text and all is well and he's doing just fine. his parents are in town to help out with what he needs as well."
                            }
                        ]
                    }
                ]
            }
        ],
        "reactions": [
            {
                "name": "+1",
                "users": [
                    "U010CH4JLKE",
                    "U1T7R897Y"
                ],
                "count": 2
            }
        ]
    }
]