[
    {
        "user": "U010N31RYMV",
        "type": "message",
        "ts": "1619877156.004800",
        "client_msg_id": "FFA461F7-3076-49A2-AA28-C76B74D2B781",
        "text": "This morning the popo are raising funds for the city by setting up a speed trap or some such near stadium and providence. Heads up. I saw two folks pulled over on my way in and back home in exactly the same spot. ",
        "team": "T1T85P197",
        "user_team": "T1T85P197",
        "source_team": "T1T85P197",
        "user_profile": {
            "avatar_hash": "084d1d915961",
            "image_72": "https:\/\/avatars.slack-edge.com\/2021-06-11\/2162938824690_084d1d915961fd2a1fcb_72.png",
            "first_name": "",
            "real_name": "David Schulz",
            "display_name": "David Schulz",
            "team": "T1T85P197",
            "name": "schulzd",
            "is_restricted": false,
            "is_ultra_restricted": false
        },
        "blocks": [
            {
                "type": "rich_text",
                "block_id": "sC4",
                "elements": [
                    {
                        "type": "rich_text_section",
                        "elements": [
                            {
                                "type": "text",
                                "text": "This morning the popo are raising funds for the city by setting up a speed trap or some such near stadium and providence. Heads up. I saw two folks pulled over on my way in and back home in exactly the same spot. "
                            }
                        ]
                    }
                ]
            }
        ]
    }
]