[
    {
        "user": "U02D68LLBAQ",
        "type": "message",
        "ts": "1634230545.103400",
        "client_msg_id": "3021657d-8a39-4d8e-ba46-efd1a8269f41",
        "text": "Hello Everyone,\nTomorrow I will be presenting again my presentation at 3pm in Lefevre Room 200. All of you are welcome! \nThank you!\nArturo",
        "team": "T1T85P197",
        "user_team": "T1T85P197",
        "source_team": "T1T85P197",
        "user_profile": {
            "avatar_hash": "gb96e34dee9e",
            "image_72": "https:\/\/secure.gravatar.com\/avatar\/b96e34dee9ededc7a4375e8c8aed1dec.jpg?s=72&d=https%3A%2F%2Fa.slack-edge.com%2Fdf10d%2Fimg%2Favatars%2Fava_0002-72.png",
            "first_name": "Arturo",
            "real_name": "Arturo Rosete",
            "display_name": "",
            "team": "T1T85P197",
            "name": "arrrx423",
            "is_restricted": false,
            "is_ultra_restricted": false
        },
        "blocks": [
            {
                "type": "rich_text",
                "block_id": "Iq\/O7",
                "elements": [
                    {
                        "type": "rich_text_section",
                        "elements": [
                            {
                                "type": "text",
                                "text": "Hello Everyone,\nTomorrow I will be presenting again my presentation at 3pm in Lefevre Room 200. All of you are welcome! \nThank you!\nArturo"
                            }
                        ]
                    }
                ]
            }
        ],
        "reactions": [
            {
                "name": "nerd_face",
                "users": [
                    "U023PK824E6"
                ],
                "count": 1
            }
        ]
    }
]