[
    {
        "user": "U010N31RYMV",
        "type": "message",
        "ts": "1623274491.010100",
        "client_msg_id": "97fb31f8-2cee-42e8-954d-ef2048cd7ff9",
        "text": "A huge congratulations to Sherryl, who was named a Fellow in the SFN Neuroscience Scholars Program!!!!  Congrats, Sherryl!!!!!!!!!!",
        "team": "T1T85P197",
        "user_team": "T1T85P197",
        "source_team": "T1T85P197",
        "user_profile": {
            "avatar_hash": "084d1d915961",
            "image_72": "https:\/\/avatars.slack-edge.com\/2021-06-11\/2162938824690_084d1d915961fd2a1fcb_72.png",
            "first_name": "",
            "real_name": "David Schulz",
            "display_name": "David Schulz",
            "team": "T1T85P197",
            "name": "schulzd",
            "is_restricted": false,
            "is_ultra_restricted": false
        },
        "thread_ts": "1623274491.010100",
        "reply_count": 1,
        "reply_users_count": 1,
        "latest_reply": "1623274549.010500",
        "reply_users": [
            "U0112A19YFN"
        ],
        "replies": [
            {
                "user": "U0112A19YFN",
                "ts": "1623274549.010500"
            }
        ],
        "is_locked": false,
        "subscribed": false,
        "blocks": [
            {
                "type": "rich_text",
                "block_id": "Mkj",
                "elements": [
                    {
                        "type": "rich_text_section",
                        "elements": [
                            {
                                "type": "text",
                                "text": "A huge congratulations to Sherryl, who was named a Fellow in the SFN Neuroscience Scholars Program!!!!  Congrats, Sherryl!!!!!!!!!!"
                            }
                        ]
                    }
                ]
            }
        ],
        "reactions": [
            {
                "name": "heart",
                "users": [
                    "U0112A19YFN",
                    "U023PK824E6",
                    "U0112M51KBP"
                ],
                "count": 3
            }
        ]
    },
    {
        "user": "U0112A19YFN",
        "type": "message",
        "ts": "1623274549.010500",
        "client_msg_id": "A1CBF36F-8980-4175-920A-B9C46BB684A9",
        "text": "Thank you!!!:grin:",
        "team": "T1T85P197",
        "user_team": "T1T85P197",
        "source_team": "T1T85P197",
        "user_profile": {
            "avatar_hash": "82931094ef90",
            "image_72": "https:\/\/avatars.slack-edge.com\/2022-06-17\/3708168624352_82931094ef904079310a_72.jpg",
            "first_name": "",
            "real_name": "Sherryl",
            "display_name": "Sherryl",
            "team": "T1T85P197",
            "name": "sherryl.henderson",
            "is_restricted": false,
            "is_ultra_restricted": false
        },
        "thread_ts": "1623274491.010100",
        "parent_user_id": "U010N31RYMV",
        "blocks": [
            {
                "type": "rich_text",
                "block_id": "M6kN",
                "elements": [
                    {
                        "type": "rich_text_section",
                        "elements": [
                            {
                                "type": "text",
                                "text": "Thank you!!!"
                            },
                            {
                                "type": "emoji",
                                "name": "grin",
                                "unicode": "1f601"
                            }
                        ]
                    }
                ]
            }
        ]
    },
    {
        "user": "U010M1M3N9E",
        "type": "message",
        "ts": "1623274570.010900",
        "client_msg_id": "78878b01-4d01-4314-8df8-f33d730a9a17",
        "text": "Congrats Sherryl!!",
        "team": "T1T85P197",
        "user_team": "T1T85P197",
        "source_team": "T1T85P197",
        "user_profile": {
            "avatar_hash": "63b8b876b0d0",
            "image_72": "https:\/\/avatars.slack-edge.com\/2021-01-15\/1638892537269_63b8b876b0d0bce87f79_72.jpg",
            "first_name": "Michael",
            "real_name": "Michael Gray",
            "display_name": "Michael Gray",
            "team": "T1T85P197",
            "name": "grayml",
            "is_restricted": false,
            "is_ultra_restricted": false
        },
        "thread_ts": "1623274570.010900",
        "reply_count": 1,
        "reply_users_count": 1,
        "latest_reply": "1623274598.011400",
        "reply_users": [
            "U0112A19YFN"
        ],
        "replies": [
            {
                "user": "U0112A19YFN",
                "ts": "1623274598.011400"
            }
        ],
        "is_locked": false,
        "subscribed": false,
        "blocks": [
            {
                "type": "rich_text",
                "block_id": "Y2UI",
                "elements": [
                    {
                        "type": "rich_text_section",
                        "elements": [
                            {
                                "type": "text",
                                "text": "Congrats Sherryl!!"
                            }
                        ]
                    }
                ]
            }
        ],
        "reactions": [
            {
                "name": "blush",
                "users": [
                    "U0112A19YFN"
                ],
                "count": 1
            }
        ]
    },
    {
        "user": "U0112A19YFN",
        "type": "message",
        "ts": "1623274598.011400",
        "client_msg_id": "A04003BE-1730-4640-9A50-5C4FB8CEC567",
        "text": "Thank you!",
        "team": "T1T85P197",
        "user_team": "T1T85P197",
        "source_team": "T1T85P197",
        "user_profile": {
            "avatar_hash": "82931094ef90",
            "image_72": "https:\/\/avatars.slack-edge.com\/2022-06-17\/3708168624352_82931094ef904079310a_72.jpg",
            "first_name": "",
            "real_name": "Sherryl",
            "display_name": "Sherryl",
            "team": "T1T85P197",
            "name": "sherryl.henderson",
            "is_restricted": false,
            "is_ultra_restricted": false
        },
        "thread_ts": "1623274570.010900",
        "parent_user_id": "U010M1M3N9E",
        "blocks": [
            {
                "type": "rich_text",
                "block_id": "BoM3W",
                "elements": [
                    {
                        "type": "rich_text_section",
                        "elements": [
                            {
                                "type": "text",
                                "text": "Thank you!"
                            }
                        ]
                    }
                ]
            }
        ]
    },
    {
        "user": "U0103JSQYLB",
        "type": "message",
        "ts": "1623274611.011900",
        "client_msg_id": "938D02A4-46F8-4437-BFD5-29D9E7013E2E",
        "text": "I\nSay we get Sherryl some fireball shots ",
        "team": "T1T85P197",
        "user_team": "T1T85P197",
        "source_team": "T1T85P197",
        "user_profile": {
            "avatar_hash": "94bf4a6c3643",
            "image_72": "https:\/\/avatars.slack-edge.com\/2023-05-20\/5309607146049_94bf4a6c3643af0ab428_72.png",
            "first_name": "Joe",
            "real_name": "Joe",
            "display_name": "Joe",
            "team": "T1T85P197",
            "name": "joseviteri",
            "is_restricted": false,
            "is_ultra_restricted": false
        },
        "blocks": [
            {
                "type": "rich_text",
                "block_id": "p34y",
                "elements": [
                    {
                        "type": "rich_text_section",
                        "elements": [
                            {
                                "type": "text",
                                "text": "I\n"
                            },
                            {
                                "type": "text",
                                "text": "Say we get Sherryl some fireball shots "
                            }
                        ]
                    }
                ]
            }
        ],
        "reactions": [
            {
                "name": "partying_face",
                "users": [
                    "U0112A19YFN",
                    "U0112M51KBP"
                ],
                "count": 2
            }
        ]
    },
    {
        "user": "U0112A19YFN",
        "type": "message",
        "ts": "1623274627.012300",
        "client_msg_id": "0FD7B34E-EDB0-4129-954B-860707FF142E",
        "text": "I'm so down for that",
        "team": "T1T85P197",
        "user_team": "T1T85P197",
        "source_team": "T1T85P197",
        "user_profile": {
            "avatar_hash": "82931094ef90",
            "image_72": "https:\/\/avatars.slack-edge.com\/2022-06-17\/3708168624352_82931094ef904079310a_72.jpg",
            "first_name": "",
            "real_name": "Sherryl",
            "display_name": "Sherryl",
            "team": "T1T85P197",
            "name": "sherryl.henderson",
            "is_restricted": false,
            "is_ultra_restricted": false
        },
        "blocks": [
            {
                "type": "rich_text",
                "block_id": "fgG3",
                "elements": [
                    {
                        "type": "rich_text_section",
                        "elements": [
                            {
                                "type": "text",
                                "text": "I'm so down for that"
                            }
                        ]
                    }
                ]
            }
        ]
    },
    {
        "user": "U0103JSQYLB",
        "type": "message",
        "ts": "1623274640.012600",
        "client_msg_id": "3D628202-77B6-409B-AE46-79BAC107C11E",
        "text": "I need you to calm down :joy: ",
        "team": "T1T85P197",
        "user_team": "T1T85P197",
        "source_team": "T1T85P197",
        "user_profile": {
            "avatar_hash": "94bf4a6c3643",
            "image_72": "https:\/\/avatars.slack-edge.com\/2023-05-20\/5309607146049_94bf4a6c3643af0ab428_72.png",
            "first_name": "Joe",
            "real_name": "Joe",
            "display_name": "Joe",
            "team": "T1T85P197",
            "name": "joseviteri",
            "is_restricted": false,
            "is_ultra_restricted": false
        },
        "blocks": [
            {
                "type": "rich_text",
                "block_id": "UGCCA",
                "elements": [
                    {
                        "type": "rich_text_section",
                        "elements": [
                            {
                                "type": "text",
                                "text": "I need you to calm down "
                            },
                            {
                                "type": "emoji",
                                "name": "joy",
                                "unicode": "1f602"
                            },
                            {
                                "type": "text",
                                "text": " "
                            }
                        ]
                    }
                ]
            }
        ],
        "reactions": [
            {
                "name": "joy",
                "users": [
                    "U0112A19YFN"
                ],
                "count": 1
            }
        ]
    }
]