[
    {
        "user": "U0112A19YFN",
        "type": "message",
        "ts": "1631053558.017600",
        "client_msg_id": "4D01B237-B936-4DE8-9D7D-E31AF9B9ADFD",
        "text": "Anyone know how to overlay images in paint? I’m trying to create a figure but it’s proving to be harder than I thought it would be.",
        "team": "T1T85P197",
        "user_team": "T1T85P197",
        "source_team": "T1T85P197",
        "user_profile": {
            "avatar_hash": "82931094ef90",
            "image_72": "https:\/\/avatars.slack-edge.com\/2022-06-17\/3708168624352_82931094ef904079310a_72.jpg",
            "first_name": "",
            "real_name": "Sherryl",
            "display_name": "Sherryl",
            "team": "T1T85P197",
            "name": "sherryl.henderson",
            "is_restricted": false,
            "is_ultra_restricted": false
        },
        "blocks": [
            {
                "type": "rich_text",
                "block_id": "Ab2Kc",
                "elements": [
                    {
                        "type": "rich_text_section",
                        "elements": [
                            {
                                "type": "text",
                                "text": "Anyone know how to overlay images in paint? I’m trying to create a figure but it’s proving to be harder than I thought it would be."
                            }
                        ]
                    }
                ]
            }
        ]
    },
    {
        "user": "U028ZEAHA6S",
        "type": "message",
        "ts": "1631053606.018500",
        "client_msg_id": "528abc57-8a81-4667-8702-a6696af2682e",
        "text": "I don’t know about paint.  I’ve always been partial to Illustrator.  That would probably be pretty straightforward if you wanted to try that.",
        "team": "T1T85P197",
        "user_team": "T1T85P197",
        "source_team": "T1T85P197",
        "user_profile": {
            "avatar_hash": "1839fba3b3db",
            "image_72": "https:\/\/avatars.slack-edge.com\/2021-07-27\/2341195265936_1839fba3b3db46348d0b_72.png",
            "first_name": "",
            "real_name": "Brian Lane",
            "display_name": "Brian Lane",
            "team": "T1T85P197",
            "name": "laneb",
            "is_restricted": false,
            "is_ultra_restricted": false
        },
        "blocks": [
            {
                "type": "rich_text",
                "block_id": "9FhlI",
                "elements": [
                    {
                        "type": "rich_text_section",
                        "elements": [
                            {
                                "type": "text",
                                "text": "I don’t know about paint.  I’ve always been partial to Illustrator.  That would probably be pretty straightforward if you wanted to try that."
                            }
                        ]
                    }
                ]
            }
        ]
    },
    {
        "user": "U010N31RYMV",
        "type": "message",
        "ts": "1631053613.018700",
        "client_msg_id": "ae0e8045-422d-4fc8-8f77-eb4c9f41db43",
        "text": "Step one:  delete Paint.\nStep two: Install Photoshop and Illustrator.",
        "team": "T1T85P197",
        "user_team": "T1T85P197",
        "source_team": "T1T85P197",
        "user_profile": {
            "avatar_hash": "084d1d915961",
            "image_72": "https:\/\/avatars.slack-edge.com\/2021-06-11\/2162938824690_084d1d915961fd2a1fcb_72.png",
            "first_name": "",
            "real_name": "David Schulz",
            "display_name": "David Schulz",
            "team": "T1T85P197",
            "name": "schulzd",
            "is_restricted": false,
            "is_ultra_restricted": false
        },
        "thread_ts": "1631053613.018700",
        "reply_count": 3,
        "reply_users_count": 3,
        "latest_reply": "1631102739.022600",
        "reply_users": [
            "U0112A19YFN",
            "U010N31RYMV",
            "U010M1M3N9E"
        ],
        "replies": [
            {
                "user": "U0112A19YFN",
                "ts": "1631055900.021900"
            },
            {
                "user": "U010N31RYMV",
                "ts": "1631060822.022400"
            },
            {
                "user": "U010M1M3N9E",
                "ts": "1631102739.022600"
            }
        ],
        "is_locked": false,
        "subscribed": false,
        "blocks": [
            {
                "type": "rich_text",
                "block_id": "IUZ",
                "elements": [
                    {
                        "type": "rich_text_section",
                        "elements": [
                            {
                                "type": "text",
                                "text": "Step one:  delete Paint.\nStep two: Install Photoshop and Illustrator."
                            }
                        ]
                    }
                ]
            }
        ],
        "reactions": [
            {
                "name": "joy",
                "users": [
                    "U0112A19YFN"
                ],
                "count": 1
            }
        ]
    },
    {
        "user": "U0112A19YFN",
        "type": "message",
        "ts": "1631053693.020400",
        "client_msg_id": "264BE5EC-B2B7-4CE2-8D65-A4C46B9711F1",
        "text": "Ok my bad I just don’t have much experience with photoshop and illustrator so I figured I’d start in paint lol",
        "team": "T1T85P197",
        "user_team": "T1T85P197",
        "source_team": "T1T85P197",
        "user_profile": {
            "avatar_hash": "82931094ef90",
            "image_72": "https:\/\/avatars.slack-edge.com\/2022-06-17\/3708168624352_82931094ef904079310a_72.jpg",
            "first_name": "",
            "real_name": "Sherryl",
            "display_name": "Sherryl",
            "team": "T1T85P197",
            "name": "sherryl.henderson",
            "is_restricted": false,
            "is_ultra_restricted": false
        },
        "blocks": [
            {
                "type": "rich_text",
                "block_id": "1k9D",
                "elements": [
                    {
                        "type": "rich_text_section",
                        "elements": [
                            {
                                "type": "text",
                                "text": "Ok my bad I just don’t have much experience with photoshop and illustrator so I figured I’d start in paint lol"
                            }
                        ]
                    }
                ]
            }
        ]
    },
    {
        "user": "U0112A19YFN",
        "type": "message",
        "ts": "1631055900.021900",
        "client_msg_id": "13314F59-FB36-448F-A934-1A20B3208808",
        "text": "Do I buy the Adobe creative cloud from IT for illustrator and photoshop?",
        "team": "T1T85P197",
        "user_team": "T1T85P197",
        "source_team": "T1T85P197",
        "user_profile": {
            "avatar_hash": "82931094ef90",
            "image_72": "https:\/\/avatars.slack-edge.com\/2022-06-17\/3708168624352_82931094ef904079310a_72.jpg",
            "first_name": "",
            "real_name": "Sherryl",
            "display_name": "Sherryl",
            "team": "T1T85P197",
            "name": "sherryl.henderson",
            "is_restricted": false,
            "is_ultra_restricted": false
        },
        "thread_ts": "1631053613.018700",
        "parent_user_id": "U010N31RYMV",
        "blocks": [
            {
                "type": "rich_text",
                "block_id": "UMO",
                "elements": [
                    {
                        "type": "rich_text_section",
                        "elements": [
                            {
                                "type": "text",
                                "text": "Do I buy the Adobe creative cloud from IT for illustrator and photoshop?"
                            }
                        ]
                    }
                ]
            }
        ]
    },
    {
        "user": "U010N31RYMV",
        "type": "message",
        "ts": "1631060822.022400",
        "client_msg_id": "63C874B0-B38E-4D16-9202-B1161D0DA090",
        "text": "You tell them you want it and to ask me for a Mocode. ",
        "team": "T1T85P197",
        "user_team": "T1T85P197",
        "source_team": "T1T85P197",
        "user_profile": {
            "avatar_hash": "084d1d915961",
            "image_72": "https:\/\/avatars.slack-edge.com\/2021-06-11\/2162938824690_084d1d915961fd2a1fcb_72.png",
            "first_name": "",
            "real_name": "David Schulz",
            "display_name": "David Schulz",
            "team": "T1T85P197",
            "name": "schulzd",
            "is_restricted": false,
            "is_ultra_restricted": false
        },
        "thread_ts": "1631053613.018700",
        "parent_user_id": "U010N31RYMV",
        "blocks": [
            {
                "type": "rich_text",
                "block_id": "UCH",
                "elements": [
                    {
                        "type": "rich_text_section",
                        "elements": [
                            {
                                "type": "text",
                                "text": "You tell them you want it and to ask me for a Mocode. "
                            }
                        ]
                    }
                ]
            }
        ]
    }
]