[
    {
        "user": "U010N31RYMV",
        "type": "message",
        "ts": "1638893610.113400",
        "client_msg_id": "abb2dd8c-4fa6-4faa-ae07-ca933e427ee4",
        "text": "STG Talk:\nDear all, \n\nWe are back, and this time we are especially excited to bring a presenter from our very own lab, Dr. Farzan Nadim. \nOn Friday, Dec 17, Farzan will present from 2:30 - 4:00 pm (EDT). Below are the Zoom details. Please share them with your lab members.\n\nLooking forward to seeing you soon.\nNelly and Smita\n\n~~~~~~~~~~~~~\nJoin Zoom Meeting <https:\/\/einsteinmed.zoom.us\/j\/96358957038>",
        "team": "T1T85P197",
        "user_team": "T1T85P197",
        "source_team": "T1T85P197",
        "user_profile": {
            "avatar_hash": "084d1d915961",
            "image_72": "https:\/\/avatars.slack-edge.com\/2021-06-11\/2162938824690_084d1d915961fd2a1fcb_72.png",
            "first_name": "",
            "real_name": "David Schulz",
            "display_name": "David Schulz",
            "team": "T1T85P197",
            "name": "schulzd",
            "is_restricted": false,
            "is_ultra_restricted": false
        },
        "blocks": [
            {
                "type": "rich_text",
                "block_id": "gEU",
                "elements": [
                    {
                        "type": "rich_text_section",
                        "elements": [
                            {
                                "type": "text",
                                "text": "STG Talk:\nDear all, \n\nWe are back, and this time we are especially excited to bring a presenter from our very own lab, Dr. Farzan Nadim. \nOn Friday, Dec 17, Farzan will present from 2:30 - 4:00 pm (EDT). Below are the Zoom details. Please share them with your lab members.\n\nLooking forward to seeing you soon.\nNelly and Smita\n\n~~~~~~~~~~~~~\nJoin Zoom Meeting "
                            },
                            {
                                "type": "link",
                                "url": "https:\/\/einsteinmed.zoom.us\/j\/96358957038"
                            }
                        ]
                    }
                ]
            }
        ],
        "reactions": [
            {
                "name": "crab",
                "users": [
                    "U0103JSQYLB"
                ],
                "count": 1
            }
        ]
    }
]