[
    {
        "user": "U010N31RYMV",
        "type": "message",
        "ts": "1630329112.001500",
        "client_msg_id": "25e4f1de-0a6d-4a25-832f-1a82aa324d85",
        "text": "Good morning folks - just a quick reminder about Slack.  We are too cheap to pay for this service, so we have a limited amount of storage before it starts to delete\/overwrite older posts and the like.  So I hope you will _only_ treat this medium as a short-term communication tool.  If you are expecting files, papers, posts from the more distant past to always be there then you will be disappointed.  So if you see something that may be particularly valuable, please make sure you are saving it offline.",
        "team": "T1T85P197",
        "user_team": "T1T85P197",
        "source_team": "T1T85P197",
        "user_profile": {
            "avatar_hash": "084d1d915961",
            "image_72": "https:\/\/avatars.slack-edge.com\/2021-06-11\/2162938824690_084d1d915961fd2a1fcb_72.png",
            "first_name": "",
            "real_name": "David Schulz",
            "display_name": "David Schulz",
            "team": "T1T85P197",
            "name": "schulzd",
            "is_restricted": false,
            "is_ultra_restricted": false
        },
        "blocks": [
            {
                "type": "rich_text",
                "block_id": "Oyc7q",
                "elements": [
                    {
                        "type": "rich_text_section",
                        "elements": [
                            {
                                "type": "text",
                                "text": "Good morning folks - just a quick reminder about Slack.  We are too cheap to pay for this service, so we have a limited amount of storage before it starts to delete\/overwrite older posts and the like.  So I hope you will "
                            },
                            {
                                "type": "text",
                                "text": "only",
                                "style": {
                                    "italic": true
                                }
                            },
                            {
                                "type": "text",
                                "text": " treat this medium as a short-term communication tool.  If you are expecting files, papers, posts from the more distant past to always be there then you will be disappointed.  So if you see something that may be particularly valuable, please make sure you are saving it offline."
                            }
                        ]
                    }
                ]
            }
        ]
    }
]