[
    {
        "text": "Biome kids ",
        "files": [
            {
                "id": "F02BUH5CMPT",
                "created": 1629216443,
                "timestamp": 1629216443,
                "name": "Image from iOS.jpg",
                "title": "Image from iOS",
                "mimetype": "image\/jpeg",
                "filetype": "jpg",
                "pretty_type": "JPEG",
                "user": "U0103JSQYLB",
                "user_team": "T1T85P197",
                "editable": false,
                "size": 628812,
                "mode": "hosted",
                "is_external": false,
                "external_type": "",
                "is_public": true,
                "public_url_shared": false,
                "display_as_bot": false,
                "username": "",
                "url_private": "https:\/\/files.slack.com\/files-pri\/T1T85P197-F02BUH5CMPT\/image_from_ios.jpg?t=xoxe-61277783313-6938219705459-6931704589846-f9456fee8056b431d8cc920b3927c14d",
                "url_private_download": "https:\/\/files.slack.com\/files-pri\/T1T85P197-F02BUH5CMPT\/download\/image_from_ios.jpg?t=xoxe-61277783313-6938219705459-6931704589846-f9456fee8056b431d8cc920b3927c14d",
                "media_display_type": "unknown",
                "thumb_64": "https:\/\/files.slack.com\/files-tmb\/T1T85P197-F02BUH5CMPT-70f9655c12\/image_from_ios_64.jpg?t=xoxe-61277783313-6938219705459-6931704589846-f9456fee8056b431d8cc920b3927c14d",
                "thumb_80": "https:\/\/files.slack.com\/files-tmb\/T1T85P197-F02BUH5CMPT-70f9655c12\/image_from_ios_80.jpg?t=xoxe-61277783313-6938219705459-6931704589846-f9456fee8056b431d8cc920b3927c14d",
                "thumb_360": "https:\/\/files.slack.com\/files-tmb\/T1T85P197-F02BUH5CMPT-70f9655c12\/image_from_ios_360.jpg?t=xoxe-61277783313-6938219705459-6931704589846-f9456fee8056b431d8cc920b3927c14d",
                "thumb_360_w": 360,
                "thumb_360_h": 270,
                "thumb_480": "https:\/\/files.slack.com\/files-tmb\/T1T85P197-F02BUH5CMPT-70f9655c12\/image_from_ios_480.jpg?t=xoxe-61277783313-6938219705459-6931704589846-f9456fee8056b431d8cc920b3927c14d",
                "thumb_480_w": 480,
                "thumb_480_h": 360,
                "thumb_160": "https:\/\/files.slack.com\/files-tmb\/T1T85P197-F02BUH5CMPT-70f9655c12\/image_from_ios_160.jpg?t=xoxe-61277783313-6938219705459-6931704589846-f9456fee8056b431d8cc920b3927c14d",
                "thumb_720": "https:\/\/files.slack.com\/files-tmb\/T1T85P197-F02BUH5CMPT-70f9655c12\/image_from_ios_720.jpg?t=xoxe-61277783313-6938219705459-6931704589846-f9456fee8056b431d8cc920b3927c14d",
                "thumb_720_w": 720,
                "thumb_720_h": 540,
                "thumb_800": "https:\/\/files.slack.com\/files-tmb\/T1T85P197-F02BUH5CMPT-70f9655c12\/image_from_ios_800.jpg?t=xoxe-61277783313-6938219705459-6931704589846-f9456fee8056b431d8cc920b3927c14d",
                "thumb_800_w": 800,
                "thumb_800_h": 600,
                "thumb_960": "https:\/\/files.slack.com\/files-tmb\/T1T85P197-F02BUH5CMPT-70f9655c12\/image_from_ios_960.jpg?t=xoxe-61277783313-6938219705459-6931704589846-f9456fee8056b431d8cc920b3927c14d",
                "thumb_960_w": 960,
                "thumb_960_h": 720,
                "thumb_1024": "https:\/\/files.slack.com\/files-tmb\/T1T85P197-F02BUH5CMPT-70f9655c12\/image_from_ios_1024.jpg?t=xoxe-61277783313-6938219705459-6931704589846-f9456fee8056b431d8cc920b3927c14d",
                "thumb_1024_w": 1024,
                "thumb_1024_h": 768,
                "original_w": 4032,
                "original_h": 3024,
                "thumb_tiny": "AwAkADBpEv8AEM09QGU5Urj3q1iopWwMADHfJ6UgIflP3XH0PFBUjrSznaQAoOR6ZpQIxjJKnsRTAWKUx8Nyh6ikkUKcqcqehqJpMn5PXuO1NEj8rkYNAEjGVd8isWPoB\/SmpIZNwldQT1+lSxlVQkdT3qMFG5kAz3zxSY0BHzsRMDkYAHFKPNSRcoSuDx1pGCFw0bYAPHvUbSbGyjMM980AIZHiBhZML15HNESH7xHy+uaZFmb5d3Tn61eZQluFx1oAjtwDGv0qG7AA49amtv8AVr9KhvP60MEVwSFODTzyiZ96j\/gNSfwJ+NACWxP2hR2yavXBIbHaqNt\/x9L9TV25+\/TEf\/\/Z",
                "permalink": "https:\/\/schulzlab.slack.com\/files\/U0103JSQYLB\/F02BUH5CMPT\/image_from_ios.jpg",
                "permalink_public": "https:\/\/slack-files.com\/T1T85P197-F02BUH5CMPT-cdac63c6db",
                "is_starred": false,
                "has_rich_preview": false,
                "file_access": "visible"
            },
            {
                "id": "F02BFUEAYUS",
                "created": 1629216443,
                "timestamp": 1629216443,
                "name": "Image from iOS.jpg",
                "title": "Image from iOS",
                "mimetype": "image\/jpeg",
                "filetype": "jpg",
                "pretty_type": "JPEG",
                "user": "U0103JSQYLB",
                "user_team": "T1T85P197",
                "editable": false,
                "size": 593690,
                "mode": "hosted",
                "is_external": false,
                "external_type": "",
                "is_public": true,
                "public_url_shared": false,
                "display_as_bot": false,
                "username": "",
                "url_private": "https:\/\/files.slack.com\/files-pri\/T1T85P197-F02BFUEAYUS\/image_from_ios.jpg?t=xoxe-61277783313-6938219705459-6931704589846-f9456fee8056b431d8cc920b3927c14d",
                "url_private_download": "https:\/\/files.slack.com\/files-pri\/T1T85P197-F02BFUEAYUS\/download\/image_from_ios.jpg?t=xoxe-61277783313-6938219705459-6931704589846-f9456fee8056b431d8cc920b3927c14d",
                "media_display_type": "unknown",
                "thumb_64": "https:\/\/files.slack.com\/files-tmb\/T1T85P197-F02BFUEAYUS-0012540945\/image_from_ios_64.jpg?t=xoxe-61277783313-6938219705459-6931704589846-f9456fee8056b431d8cc920b3927c14d",
                "thumb_80": "https:\/\/files.slack.com\/files-tmb\/T1T85P197-F02BFUEAYUS-0012540945\/image_from_ios_80.jpg?t=xoxe-61277783313-6938219705459-6931704589846-f9456fee8056b431d8cc920b3927c14d",
                "thumb_360": "https:\/\/files.slack.com\/files-tmb\/T1T85P197-F02BFUEAYUS-0012540945\/image_from_ios_360.jpg?t=xoxe-61277783313-6938219705459-6931704589846-f9456fee8056b431d8cc920b3927c14d",
                "thumb_360_w": 360,
                "thumb_360_h": 270,
                "thumb_480": "https:\/\/files.slack.com\/files-tmb\/T1T85P197-F02BFUEAYUS-0012540945\/image_from_ios_480.jpg?t=xoxe-61277783313-6938219705459-6931704589846-f9456fee8056b431d8cc920b3927c14d",
                "thumb_480_w": 480,
                "thumb_480_h": 360,
                "thumb_160": "https:\/\/files.slack.com\/files-tmb\/T1T85P197-F02BFUEAYUS-0012540945\/image_from_ios_160.jpg?t=xoxe-61277783313-6938219705459-6931704589846-f9456fee8056b431d8cc920b3927c14d",
                "thumb_720": "https:\/\/files.slack.com\/files-tmb\/T1T85P197-F02BFUEAYUS-0012540945\/image_from_ios_720.jpg?t=xoxe-61277783313-6938219705459-6931704589846-f9456fee8056b431d8cc920b3927c14d",
                "thumb_720_w": 720,
                "thumb_720_h": 540,
                "thumb_800": "https:\/\/files.slack.com\/files-tmb\/T1T85P197-F02BFUEAYUS-0012540945\/image_from_ios_800.jpg?t=xoxe-61277783313-6938219705459-6931704589846-f9456fee8056b431d8cc920b3927c14d",
                "thumb_800_w": 800,
                "thumb_800_h": 600,
                "thumb_960": "https:\/\/files.slack.com\/files-tmb\/T1T85P197-F02BFUEAYUS-0012540945\/image_from_ios_960.jpg?t=xoxe-61277783313-6938219705459-6931704589846-f9456fee8056b431d8cc920b3927c14d",
                "thumb_960_w": 960,
                "thumb_960_h": 720,
                "thumb_1024": "https:\/\/files.slack.com\/files-tmb\/T1T85P197-F02BFUEAYUS-0012540945\/image_from_ios_1024.jpg?t=xoxe-61277783313-6938219705459-6931704589846-f9456fee8056b431d8cc920b3927c14d",
                "thumb_1024_w": 1024,
                "thumb_1024_h": 768,
                "original_w": 4032,
                "original_h": 3024,
                "thumb_tiny": "AwAkADBRyOlPVdoDsAR2GetRwJuQEmmEyk55PpjmlcZM8jSNk\/gKQ5UZPA96ZE3XzGYemKJ28vG1Qx9+aYh4Kk43ZPtTWJVsBc4p\/wDyyDbcEj8qcrK+cYyOoz0pAVoizLjIC+gphZ4uCR3xinxBxgDjAqeaIMgyKBlRZpHZcYLDpVhY5FJZsAnoSelVmAhcFCR9Kl80vjJ2npmncQk8hRFjL7ieSV6EVKmIsYkB4HJU0xl2IGY5z0zQkgbqaCXKxMtTEZQD1qFamH3V+tIsz7gZuDn0qPJ3YqWf\/Xn6VD\/FTEPl+4ufSo42NSSf6sfSoo6SFM\/\/2Q==",
                "permalink": "https:\/\/schulzlab.slack.com\/files\/U0103JSQYLB\/F02BFUEAYUS\/image_from_ios.jpg",
                "permalink_public": "https:\/\/slack-files.com\/T1T85P197-F02BFUEAYUS-66a9c39da5",
                "is_starred": false,
                "has_rich_preview": false,
                "file_access": "visible"
            }
        ],
        "upload": false,
        "user": "U0103JSQYLB",
        "blocks": [
            {
                "type": "rich_text",
                "block_id": "+05A",
                "elements": [
                    {
                        "type": "rich_text_section",
                        "elements": [
                            {
                                "type": "text",
                                "text": "Biome kids "
                            }
                        ]
                    }
                ]
            }
        ],
        "type": "message",
        "ts": "1629216451.044100",
        "client_msg_id": "F6C9BF4E-9253-4E6E-A4CE-B1E76DC0953E"
    },
    {
        "user": "U0112M51KBP",
        "type": "message",
        "ts": "1629219197.044300",
        "client_msg_id": "40fd588c-38b1-4844-a36d-37369f9a099d",
        "text": "Yay Biome!",
        "team": "T1T85P197",
        "user_team": "T1T85P197",
        "source_team": "T1T85P197",
        "user_profile": {
            "avatar_hash": "c5aa16874fc8",
            "image_72": "https:\/\/avatars.slack-edge.com\/2022-02-14\/3104030837796_c5aa16874fc85ae836ff_72.jpg",
            "first_name": "Sierra",
            "real_name": "Sierra Nelson",
            "display_name": "Sierra Nelson",
            "team": "T1T85P197",
            "name": "sm.nelson",
            "is_restricted": false,
            "is_ultra_restricted": false
        },
        "blocks": [
            {
                "type": "rich_text",
                "block_id": "n16",
                "elements": [
                    {
                        "type": "rich_text_section",
                        "elements": [
                            {
                                "type": "text",
                                "text": "Yay Biome!"
                            }
                        ]
                    }
                ]
            }
        ]
    },
    {
        "user": "U010N31RYMV",
        "type": "message",
        "ts": "1629233260.045900",
        "client_msg_id": "c099c65c-a25a-489b-8378-2fbb07e9b883",
        "text": "Speaking of BIOME, if you are free tomorrow between 1-2:10, please come by the Tucker lab and share with these kids a short description of your research and answer questions and the like.  Jose will be able to be there for the first group, but not the other two - I should be able to be there for most of this but may be late for the first group.  If you have an hour to spare, that would be great.  Thanks!",
        "team": "T1T85P197",
        "user_team": "T1T85P197",
        "source_team": "T1T85P197",
        "user_profile": {
            "avatar_hash": "084d1d915961",
            "image_72": "https:\/\/avatars.slack-edge.com\/2021-06-11\/2162938824690_084d1d915961fd2a1fcb_72.png",
            "first_name": "",
            "real_name": "David Schulz",
            "display_name": "David Schulz",
            "team": "T1T85P197",
            "name": "schulzd",
            "is_restricted": false,
            "is_ultra_restricted": false
        },
        "blocks": [
            {
                "type": "rich_text",
                "block_id": "oPhp",
                "elements": [
                    {
                        "type": "rich_text_section",
                        "elements": [
                            {
                                "type": "text",
                                "text": "Speaking of BIOME, if you are free tomorrow between 1-2:10, please come by the Tucker lab and share with these kids a short description of your research and answer questions and the like.  Jose will be able to be there for the first group, but not the other two - I should be able to be there for most of this but may be late for the first group.  If you have an hour to spare, that would be great.  Thanks!"
                            }
                        ]
                    }
                ]
            }
        ],
        "reactions": [
            {
                "name": "+1",
                "users": [
                    "U028ZEAHA6S",
                    "U029XU0SDSR",
                    "U010CH4JLKE"
                ],
                "count": 3
            }
        ]
    }
]