[
    {
        "user": "U028ZEAHA6S",
        "type": "message",
        "ts": "1628356622.025600",
        "client_msg_id": "45cc240b-e260-4246-bbd8-6454e690fd88",
        "text": "I’m happy to be around as an ambassador that day as well.  I doubt I’ll have anything to show-and-tell, but can talk about what the lab does",
        "team": "T1T85P197",
        "user_team": "T1T85P197",
        "source_team": "T1T85P197",
        "user_profile": {
            "avatar_hash": "1839fba3b3db",
            "image_72": "https:\/\/avatars.slack-edge.com\/2021-07-27\/2341195265936_1839fba3b3db46348d0b_72.png",
            "first_name": "",
            "real_name": "Brian Lane",
            "display_name": "Brian Lane",
            "team": "T1T85P197",
            "name": "laneb",
            "is_restricted": false,
            "is_ultra_restricted": false
        },
        "blocks": [
            {
                "type": "rich_text",
                "block_id": "IH=E",
                "elements": [
                    {
                        "type": "rich_text_section",
                        "elements": [
                            {
                                "type": "text",
                                "text": "I’m happy to be around as an ambassador that day as well.  I doubt I’ll have anything to show-and-tell, but can talk about what the lab does"
                            }
                        ]
                    }
                ]
            }
        ]
    }
]