[
    {
        "user": "U010N31RYMV",
        "type": "message",
        "ts": "1610036789.001200",
        "client_msg_id": "66830cbf-58aa-40d3-9c44-e6df4093e267",
        "text": "I just wanted to check in with you all and see how you're doing today. If you need to talk, or need anything from me, let me know and I will promise to do my best.  Hope you are all hanging in there in tough times.  Relentlessly tough.",
        "team": "T1T85P197",
        "user_team": "T1T85P197",
        "source_team": "T1T85P197",
        "user_profile": {
            "avatar_hash": "084d1d915961",
            "image_72": "https:\/\/avatars.slack-edge.com\/2021-06-11\/2162938824690_084d1d915961fd2a1fcb_72.png",
            "first_name": "",
            "real_name": "David Schulz",
            "display_name": "David Schulz",
            "team": "T1T85P197",
            "name": "schulzd",
            "is_restricted": false,
            "is_ultra_restricted": false
        },
        "blocks": [
            {
                "type": "rich_text",
                "block_id": "lz\/U",
                "elements": [
                    {
                        "type": "rich_text_section",
                        "elements": [
                            {
                                "type": "text",
                                "text": "I just wanted to check in with you all and see how you're doing today. If you need to talk, or need anything from me, let me know and I will promise to do my best.  Hope you are all hanging in there in tough times.  Relentlessly tough."
                            }
                        ]
                    }
                ]
            }
        ]
    }
]