[
    {
        "user": "U010N31RYMV",
        "type": "message",
        "ts": "1623156080.008200",
        "client_msg_id": "0FED5500-432B-4DC5-9C60-AF100FB612FB",
        "text": "Heads up - there will be a water outage in lefevre hall Thursday morning, likely 7:30-11:30am. ",
        "team": "T1T85P197",
        "user_team": "T1T85P197",
        "source_team": "T1T85P197",
        "user_profile": {
            "avatar_hash": "084d1d915961",
            "image_72": "https:\/\/avatars.slack-edge.com\/2021-06-11\/2162938824690_084d1d915961fd2a1fcb_72.png",
            "first_name": "",
            "real_name": "David Schulz",
            "display_name": "David Schulz",
            "team": "T1T85P197",
            "name": "schulzd",
            "is_restricted": false,
            "is_ultra_restricted": false
        },
        "blocks": [
            {
                "type": "rich_text",
                "block_id": "Oc2",
                "elements": [
                    {
                        "type": "rich_text_section",
                        "elements": [
                            {
                                "type": "text",
                                "text": "Heads up - there will be a water outage in lefevre hall Thursday morning, likely 7:30-11:30am. "
                            }
                        ]
                    }
                ]
            }
        ],
        "reactions": [
            {
                "name": "ok_hand::skin-tone-4",
                "users": [
                    "U0103JSQYLB"
                ],
                "count": 1
            }
        ]
    },
    {
        "user": "U010N31RYMV",
        "type": "message",
        "ts": "1623156097.008500",
        "client_msg_id": "68970300-C82A-4F89-82B8-4AE1A3201C1C",
        "text": "Let me know if that’s an issue. ",
        "team": "T1T85P197",
        "user_team": "T1T85P197",
        "source_team": "T1T85P197",
        "user_profile": {
            "avatar_hash": "084d1d915961",
            "image_72": "https:\/\/avatars.slack-edge.com\/2021-06-11\/2162938824690_084d1d915961fd2a1fcb_72.png",
            "first_name": "",
            "real_name": "David Schulz",
            "display_name": "David Schulz",
            "team": "T1T85P197",
            "name": "schulzd",
            "is_restricted": false,
            "is_ultra_restricted": false
        },
        "blocks": [
            {
                "type": "rich_text",
                "block_id": "iad",
                "elements": [
                    {
                        "type": "rich_text_section",
                        "elements": [
                            {
                                "type": "text",
                                "text": "Let me know if that’s an issue. "
                            }
                        ]
                    }
                ]
            }
        ]
    },
    {
        "user": "U010N31RYMV",
        "type": "message",
        "ts": "1623158101.008800",
        "client_msg_id": "ab25e223-773b-433f-87c4-81e1ab339002",
        "text": "\"Good Morning,\n \nTo replace a broken water valve on a water main South of Lefevere Hall, Campus Facilities is planning a water outage on Thursday, June 10th from 7:30am to 11:30am. \n \nOnce service is restored, there will be a boil advisory for 24 hours or until the water sample comes back absent of coliform bacteria. I will communicate when I have received word that the boil advisory has been lifted.\n \nPlease let me know if you have any concerns.\n \nThanks,\n \nBarb Ames\"",
        "team": "T1T85P197",
        "user_team": "T1T85P197",
        "source_team": "T1T85P197",
        "user_profile": {
            "avatar_hash": "084d1d915961",
            "image_72": "https:\/\/avatars.slack-edge.com\/2021-06-11\/2162938824690_084d1d915961fd2a1fcb_72.png",
            "first_name": "",
            "real_name": "David Schulz",
            "display_name": "David Schulz",
            "team": "T1T85P197",
            "name": "schulzd",
            "is_restricted": false,
            "is_ultra_restricted": false
        },
        "blocks": [
            {
                "type": "rich_text",
                "block_id": "jsn3",
                "elements": [
                    {
                        "type": "rich_text_section",
                        "elements": [
                            {
                                "type": "text",
                                "text": "\"Good Morning,\n \nTo replace a broken water valve on a water main South of Lefevere Hall, Campus Facilities is planning a water outage on Thursday, June 10th from 7:30am to 11:30am. \n \nOnce service is restored, there will be a boil advisory for 24 hours or until the water sample comes back absent of coliform bacteria. I will communicate when I have received word that the boil advisory has been lifted.\n \nPlease let me know if you have any concerns.\n \nThanks,\n \nBarb Ames\""
                            }
                        ]
                    }
                ]
            }
        ]
    }
]