[
    {
        "user": "U010N31RYMV",
        "type": "message",
        "ts": "1631889268.001900",
        "edited": {
            "user": "U010N31RYMV",
            "ts": "1631889293.000000"
        },
        "client_msg_id": "b2e8ce8d-1dd6-497b-ac2a-51d71344c644",
        "text": "Good morning friends.  Just a quick update that our leech grant was not selected for funding by the Paul Allen Distinguished Investigator opportunity.  As you may know, Paul Allen is one of the founders of Microsoft, and owner of the Seattle Seahawks.  Therefore, purely out of spite, everyone is now required to use a Mac or Linux machine, and must actively cheer for whoever the Seahawks are playing on a given weekend.",
        "team": "T1T85P197",
        "user_team": "T1T85P197",
        "source_team": "T1T85P197",
        "user_profile": {
            "avatar_hash": "084d1d915961",
            "image_72": "https:\/\/avatars.slack-edge.com\/2021-06-11\/2162938824690_084d1d915961fd2a1fcb_72.png",
            "first_name": "",
            "real_name": "David Schulz",
            "display_name": "David Schulz",
            "team": "T1T85P197",
            "name": "schulzd",
            "is_restricted": false,
            "is_ultra_restricted": false
        },
        "blocks": [
            {
                "type": "rich_text",
                "block_id": "PM6xz",
                "elements": [
                    {
                        "type": "rich_text_section",
                        "elements": [
                            {
                                "type": "text",
                                "text": "Good morning friends.  Just a quick update that our leech grant was not selected for funding by the Paul Allen Distinguished Investigator opportunity.  As you may know, Paul Allen is one of the founders of Microsoft, and owner of the Seattle Seahawks.  Therefore, purely out of spite, everyone is now required to use a Mac or Linux machine, and must actively cheer for whoever the Seahawks are playing on a given weekend."
                            }
                        ]
                    }
                ]
            }
        ],
        "reactions": [
            {
                "name": "penguin",
                "users": [
                    "U1T7R897Y"
                ],
                "count": 1
            },
            {
                "name": "green_apple",
                "users": [
                    "U1T7R897Y"
                ],
                "count": 1
            }
        ]
    },
    {
        "user": "U010N31RYMV",
        "type": "message",
        "ts": "1631889343.002600",
        "client_msg_id": "b9e8b4fa-65c9-4a81-819c-8e8d33fcb100",
        "text": "In all seriousness, Karen and I look forward to pursuing other funding mechanisms for this work.  We're still very excited to continue our collaboration.",
        "team": "T1T85P197",
        "user_team": "T1T85P197",
        "source_team": "T1T85P197",
        "user_profile": {
            "avatar_hash": "084d1d915961",
            "image_72": "https:\/\/avatars.slack-edge.com\/2021-06-11\/2162938824690_084d1d915961fd2a1fcb_72.png",
            "first_name": "",
            "real_name": "David Schulz",
            "display_name": "David Schulz",
            "team": "T1T85P197",
            "name": "schulzd",
            "is_restricted": false,
            "is_ultra_restricted": false
        },
        "blocks": [
            {
                "type": "rich_text",
                "block_id": "yHR",
                "elements": [
                    {
                        "type": "rich_text_section",
                        "elements": [
                            {
                                "type": "text",
                                "text": "In all seriousness, Karen and I look forward to pursuing other funding mechanisms for this work.  We're still very excited to continue our collaboration."
                            }
                        ]
                    }
                ]
            }
        ]
    }
]