[
    {
        "text": "I hope you will remember to exercise your constitutional rights today while they remain intact. I would never presume to tell you for whom to vote, but if you're not sure then you can’t go wrong with a write-in vote for coffee. ",
        "files": [
            {
                "id": "F03RZSKB6BC",
                "created": 1659447826,
                "timestamp": 1659447826,
                "name": "Image from iOS.jpg",
                "title": "Image from iOS",
                "mimetype": "image\/jpeg",
                "filetype": "jpg",
                "pretty_type": "JPEG",
                "user": "U010N31RYMV",
                "user_team": "T1T85P197",
                "editable": false,
                "size": 360369,
                "mode": "hosted",
                "is_external": false,
                "external_type": "",
                "is_public": true,
                "public_url_shared": false,
                "display_as_bot": false,
                "username": "",
                "subtype": "slack_image",
                "url_private": "https:\/\/files.slack.com\/files-pri\/T1T85P197-F03RZSKB6BC\/image_from_ios.jpg?t=xoxe-61277783313-6938219705459-6931704589846-f9456fee8056b431d8cc920b3927c14d",
                "url_private_download": "https:\/\/files.slack.com\/files-pri\/T1T85P197-F03RZSKB6BC\/download\/image_from_ios.jpg?t=xoxe-61277783313-6938219705459-6931704589846-f9456fee8056b431d8cc920b3927c14d",
                "media_display_type": "unknown",
                "thumb_64": "https:\/\/files.slack.com\/files-tmb\/T1T85P197-F03RZSKB6BC-8aac0f461c\/image_from_ios_64.jpg?t=xoxe-61277783313-6938219705459-6931704589846-f9456fee8056b431d8cc920b3927c14d",
                "thumb_80": "https:\/\/files.slack.com\/files-tmb\/T1T85P197-F03RZSKB6BC-8aac0f461c\/image_from_ios_80.jpg?t=xoxe-61277783313-6938219705459-6931704589846-f9456fee8056b431d8cc920b3927c14d",
                "thumb_360": "https:\/\/files.slack.com\/files-tmb\/T1T85P197-F03RZSKB6BC-8aac0f461c\/image_from_ios_360.jpg?t=xoxe-61277783313-6938219705459-6931704589846-f9456fee8056b431d8cc920b3927c14d",
                "thumb_360_w": 270,
                "thumb_360_h": 360,
                "thumb_480": "https:\/\/files.slack.com\/files-tmb\/T1T85P197-F03RZSKB6BC-8aac0f461c\/image_from_ios_480.jpg?t=xoxe-61277783313-6938219705459-6931704589846-f9456fee8056b431d8cc920b3927c14d",
                "thumb_480_w": 361,
                "thumb_480_h": 480,
                "thumb_160": "https:\/\/files.slack.com\/files-tmb\/T1T85P197-F03RZSKB6BC-8aac0f461c\/image_from_ios_160.jpg?t=xoxe-61277783313-6938219705459-6931704589846-f9456fee8056b431d8cc920b3927c14d",
                "thumb_720": "https:\/\/files.slack.com\/files-tmb\/T1T85P197-F03RZSKB6BC-8aac0f461c\/image_from_ios_720.jpg?t=xoxe-61277783313-6938219705459-6931704589846-f9456fee8056b431d8cc920b3927c14d",
                "thumb_720_w": 541,
                "thumb_720_h": 720,
                "thumb_800": "https:\/\/files.slack.com\/files-tmb\/T1T85P197-F03RZSKB6BC-8aac0f461c\/image_from_ios_800.jpg?t=xoxe-61277783313-6938219705459-6931704589846-f9456fee8056b431d8cc920b3927c14d",
                "thumb_800_w": 800,
                "thumb_800_h": 1065,
                "thumb_960": "https:\/\/files.slack.com\/files-tmb\/T1T85P197-F03RZSKB6BC-8aac0f461c\/image_from_ios_960.jpg?t=xoxe-61277783313-6938219705459-6931704589846-f9456fee8056b431d8cc920b3927c14d",
                "thumb_960_w": 721,
                "thumb_960_h": 960,
                "thumb_1024": "https:\/\/files.slack.com\/files-tmb\/T1T85P197-F03RZSKB6BC-8aac0f461c\/image_from_ios_1024.jpg?t=xoxe-61277783313-6938219705459-6931704589846-f9456fee8056b431d8cc920b3927c14d",
                "thumb_1024_w": 769,
                "thumb_1024_h": 1024,
                "original_w": 2320,
                "original_h": 3088,
                "thumb_tiny": "AwAwACRILYu43\/KM4561MYoVbcWXbnoW6CkmumYkLge\/ekjiQKGfaSefvVbdtyYq+w5pYvs8ix\/KSeB3ps0qyQxgE7l61JtX+4Mf7pP86rzp5cmACARnmlFpsco2Qw0lLRWpkB4FWoplePDNhsdOBWbuI704SeoqGky1dF+Rgq8sTz\/eqvI29ywGB2FMUhulOxRGNgcmxKKXFGKogrFHHam5qZZQxwRinlQ3UUrFX7lbcRUizkfeGaYwwxHpTakZP9oX+6aPtC\/3TUGaM07hY\/\/Z",
                "permalink": "https:\/\/schulzlab.slack.com\/files\/U010N31RYMV\/F03RZSKB6BC\/image_from_ios.jpg",
                "permalink_public": "https:\/\/slack-files.com\/T1T85P197-F03RZSKB6BC-eeb07ec8cb",
                "is_starred": false,
                "has_rich_preview": false,
                "file_access": "visible"
            }
        ],
        "upload": false,
        "user": "U010N31RYMV",
        "display_as_bot": false,
        "blocks": [
            {
                "type": "rich_text",
                "block_id": "ad7",
                "elements": [
                    {
                        "type": "rich_text_section",
                        "elements": [
                            {
                                "type": "text",
                                "text": "I hope you will remember to exercise your constitutional rights today while they remain intact. I would never presume to tell you for whom to vote, but if you're not sure then you can’t go wrong with a write-in vote for coffee. "
                            }
                        ]
                    }
                ]
            }
        ],
        "type": "message",
        "ts": "1659447891.043619",
        "client_msg_id": "630572CA-9857-4B80-ADBF-CD30FD2B92DE"
    },
    {
        "user": "U010N31RYMV",
        "type": "message",
        "ts": "1659453180.062939",
        "client_msg_id": "9678CA07-FF35-4D16-85DF-5CB635263D19",
        "text": "FYI, we are going to open up the stuff that is currently in the old student office room as a free for all for the department. If there's anything you\/we want in there, claim it while we can. Including chairs\/lab stools in the hallway. ",
        "team": "T1T85P197",
        "user_team": "T1T85P197",
        "source_team": "T1T85P197",
        "user_profile": {
            "avatar_hash": "084d1d915961",
            "image_72": "https:\/\/avatars.slack-edge.com\/2021-06-11\/2162938824690_084d1d915961fd2a1fcb_72.png",
            "first_name": "",
            "real_name": "David Schulz",
            "display_name": "David Schulz",
            "team": "T1T85P197",
            "name": "schulzd",
            "is_restricted": false,
            "is_ultra_restricted": false
        },
        "blocks": [
            {
                "type": "rich_text",
                "block_id": "DhMit",
                "elements": [
                    {
                        "type": "rich_text_section",
                        "elements": [
                            {
                                "type": "text",
                                "text": "FYI, we are going to open up the stuff that is currently in the old student office room as a free for all for the department. If there's anything you\/we want in there, claim it while we can. Including chairs\/lab stools in the hallway. "
                            }
                        ]
                    }
                ]
            }
        ]
    },
    {
        "user": "U010N31RYMV",
        "type": "message",
        "ts": "1659453200.869459",
        "client_msg_id": "518BFD24-4593-42B3-8A3A-6CBC4AC80D52",
        "text": "And the books in the hallway are going to the dumpster if they are not claimed soon. Last chance fair warning. ",
        "team": "T1T85P197",
        "user_team": "T1T85P197",
        "source_team": "T1T85P197",
        "user_profile": {
            "avatar_hash": "084d1d915961",
            "image_72": "https:\/\/avatars.slack-edge.com\/2021-06-11\/2162938824690_084d1d915961fd2a1fcb_72.png",
            "first_name": "",
            "real_name": "David Schulz",
            "display_name": "David Schulz",
            "team": "T1T85P197",
            "name": "schulzd",
            "is_restricted": false,
            "is_ultra_restricted": false
        },
        "blocks": [
            {
                "type": "rich_text",
                "block_id": "4SOOG",
                "elements": [
                    {
                        "type": "rich_text_section",
                        "elements": [
                            {
                                "type": "text",
                                "text": "And the books in the hallway are going to the dumpster if they are not claimed soon. Last chance fair warning. "
                            }
                        ]
                    }
                ]
            }
        ]
    },
    {
        "user": "U0112A19YFN",
        "type": "message",
        "ts": "1659464014.680289",
        "client_msg_id": "AE1C782B-FE2D-40E9-A22F-2BEA75FBED79",
        "text": "Is anyone on campus and would you be willing to play with a puppy for like 15 minutes at 1:30?",
        "team": "T1T85P197",
        "user_team": "T1T85P197",
        "source_team": "T1T85P197",
        "user_profile": {
            "avatar_hash": "82931094ef90",
            "image_72": "https:\/\/avatars.slack-edge.com\/2022-06-17\/3708168624352_82931094ef904079310a_72.jpg",
            "first_name": "",
            "real_name": "Sherryl",
            "display_name": "Sherryl",
            "team": "T1T85P197",
            "name": "sherryl.henderson",
            "is_restricted": false,
            "is_ultra_restricted": false
        },
        "blocks": [
            {
                "type": "rich_text",
                "block_id": "wWi",
                "elements": [
                    {
                        "type": "rich_text_section",
                        "elements": [
                            {
                                "type": "text",
                                "text": "Is anyone on campus and would you be willing to play with a puppy for like 15 minutes at 1:30?"
                            }
                        ]
                    }
                ]
            }
        ]
    },
    {
        "user": "U010N31RYMV",
        "type": "message",
        "ts": "1659467598.582869",
        "client_msg_id": "7d958cd1-c670-4b02-a9e6-e7b06194abae",
        "text": "FYI, all.  I am off campus getting my car fixed and will be out the rest of the day.  If you need anything, hit me up on Slack. otherwise I will see you tomorrow.",
        "team": "T1T85P197",
        "user_team": "T1T85P197",
        "source_team": "T1T85P197",
        "user_profile": {
            "avatar_hash": "084d1d915961",
            "image_72": "https:\/\/avatars.slack-edge.com\/2021-06-11\/2162938824690_084d1d915961fd2a1fcb_72.png",
            "first_name": "",
            "real_name": "David Schulz",
            "display_name": "David Schulz",
            "team": "T1T85P197",
            "name": "schulzd",
            "is_restricted": false,
            "is_ultra_restricted": false
        },
        "blocks": [
            {
                "type": "rich_text",
                "block_id": "pxN",
                "elements": [
                    {
                        "type": "rich_text_section",
                        "elements": [
                            {
                                "type": "text",
                                "text": "FYI, all.  I am off campus getting my car fixed and will be out the rest of the day.  If you need anything, hit me up on Slack. otherwise I will see you tomorrow."
                            }
                        ]
                    }
                ]
            }
        ]
    }
]