[
    {
        "user": "U0103JSQYLB",
        "type": "message",
        "ts": "1667475512.234289",
        "client_msg_id": "2242f081-4bcb-42e9-81d0-4025b0ea0dcd",
        "text": "width  limitation for sfn is 1.2m",
        "team": "T1T85P197",
        "user_team": "T1T85P197",
        "source_team": "T1T85P197",
        "user_profile": {
            "avatar_hash": "94bf4a6c3643",
            "image_72": "https:\/\/avatars.slack-edge.com\/2023-05-20\/5309607146049_94bf4a6c3643af0ab428_72.png",
            "first_name": "Joe",
            "real_name": "Joe",
            "display_name": "Joe",
            "team": "T1T85P197",
            "name": "joseviteri",
            "is_restricted": false,
            "is_ultra_restricted": false
        },
        "blocks": [
            {
                "type": "rich_text",
                "block_id": "7GN9",
                "elements": [
                    {
                        "type": "rich_text_section",
                        "elements": [
                            {
                                "type": "text",
                                "text": "width  limitation for sfn is 1.2m"
                            }
                        ]
                    }
                ]
            }
        ]
    },
    {
        "text": "",
        "files": [
            {
                "id": "F0494J1N6TY",
                "created": 1667475767,
                "timestamp": 1667475767,
                "name": "image.png",
                "title": "image.png",
                "mimetype": "image\/png",
                "filetype": "png",
                "pretty_type": "PNG",
                "user": "U010N31RYMV",
                "user_team": "T1T85P197",
                "editable": false,
                "size": 127258,
                "mode": "hosted",
                "is_external": false,
                "external_type": "",
                "is_public": true,
                "public_url_shared": false,
                "display_as_bot": false,
                "username": "",
                "url_private": "https:\/\/files.slack.com\/files-pri\/T1T85P197-F0494J1N6TY\/image.png?t=xoxe-61277783313-6938219705459-6931704589846-f9456fee8056b431d8cc920b3927c14d",
                "url_private_download": "https:\/\/files.slack.com\/files-pri\/T1T85P197-F0494J1N6TY\/download\/image.png?t=xoxe-61277783313-6938219705459-6931704589846-f9456fee8056b431d8cc920b3927c14d",
                "media_display_type": "unknown",
                "thumb_64": "https:\/\/files.slack.com\/files-tmb\/T1T85P197-F0494J1N6TY-d1eeb105f5\/image_64.png?t=xoxe-61277783313-6938219705459-6931704589846-f9456fee8056b431d8cc920b3927c14d",
                "thumb_80": "https:\/\/files.slack.com\/files-tmb\/T1T85P197-F0494J1N6TY-d1eeb105f5\/image_80.png?t=xoxe-61277783313-6938219705459-6931704589846-f9456fee8056b431d8cc920b3927c14d",
                "thumb_360": "https:\/\/files.slack.com\/files-tmb\/T1T85P197-F0494J1N6TY-d1eeb105f5\/image_360.png?t=xoxe-61277783313-6938219705459-6931704589846-f9456fee8056b431d8cc920b3927c14d",
                "thumb_360_w": 360,
                "thumb_360_h": 170,
                "thumb_480": "https:\/\/files.slack.com\/files-tmb\/T1T85P197-F0494J1N6TY-d1eeb105f5\/image_480.png?t=xoxe-61277783313-6938219705459-6931704589846-f9456fee8056b431d8cc920b3927c14d",
                "thumb_480_w": 480,
                "thumb_480_h": 227,
                "thumb_160": "https:\/\/files.slack.com\/files-tmb\/T1T85P197-F0494J1N6TY-d1eeb105f5\/image_160.png?t=xoxe-61277783313-6938219705459-6931704589846-f9456fee8056b431d8cc920b3927c14d",
                "thumb_720": "https:\/\/files.slack.com\/files-tmb\/T1T85P197-F0494J1N6TY-d1eeb105f5\/image_720.png?t=xoxe-61277783313-6938219705459-6931704589846-f9456fee8056b431d8cc920b3927c14d",
                "thumb_720_w": 720,
                "thumb_720_h": 340,
                "thumb_800": "https:\/\/files.slack.com\/files-tmb\/T1T85P197-F0494J1N6TY-d1eeb105f5\/image_800.png?t=xoxe-61277783313-6938219705459-6931704589846-f9456fee8056b431d8cc920b3927c14d",
                "thumb_800_w": 800,
                "thumb_800_h": 378,
                "thumb_960": "https:\/\/files.slack.com\/files-tmb\/T1T85P197-F0494J1N6TY-d1eeb105f5\/image_960.png?t=xoxe-61277783313-6938219705459-6931704589846-f9456fee8056b431d8cc920b3927c14d",
                "thumb_960_w": 960,
                "thumb_960_h": 453,
                "thumb_1024": "https:\/\/files.slack.com\/files-tmb\/T1T85P197-F0494J1N6TY-d1eeb105f5\/image_1024.png?t=xoxe-61277783313-6938219705459-6931704589846-f9456fee8056b431d8cc920b3927c14d",
                "thumb_1024_w": 1024,
                "thumb_1024_h": 483,
                "original_w": 1580,
                "original_h": 746,
                "thumb_tiny": "AwAWADC8Qcn5m\/MUYP8AeP5ilJGf\/rUZHr+goAAp7u35ijb\/ANNG\/MUZHr+goyP8gUAO\/GlpuV9P0oBB6UABXnrRt96dRQA3b70bfenUUANC+tKABS0UAf\/Z",
                "permalink": "https:\/\/schulzlab.slack.com\/files\/U010N31RYMV\/F0494J1N6TY\/image.png",
                "permalink_public": "https:\/\/slack-files.com\/T1T85P197-F0494J1N6TY-62f2d196c9",
                "is_starred": false,
                "has_rich_preview": false,
                "file_access": "visible"
            }
        ],
        "upload": false,
        "user": "U010N31RYMV",
        "display_as_bot": false,
        "type": "message",
        "ts": "1667475769.760059",
        "client_msg_id": "ff4c685a-f9b8-424d-a080-1f15b089da65"
    }
]