[
    {
        "user": "U010N31RYMV",
        "type": "message",
        "ts": "1670508172.611069",
        "client_msg_id": "3D61CFBD-CF23-4537-A23F-1BFAE5F3BCFA",
        "text": "Folks, I’m going to work from home again today and if I test negative I will return tomorrow masked if you need me. ",
        "team": "T1T85P197",
        "user_team": "T1T85P197",
        "source_team": "T1T85P197",
        "user_profile": {
            "avatar_hash": "084d1d915961",
            "image_72": "https:\/\/avatars.slack-edge.com\/2021-06-11\/2162938824690_084d1d915961fd2a1fcb_72.png",
            "first_name": "",
            "real_name": "David Schulz",
            "display_name": "David Schulz",
            "team": "T1T85P197",
            "name": "schulzd",
            "is_restricted": false,
            "is_ultra_restricted": false
        },
        "blocks": [
            {
                "type": "rich_text",
                "block_id": "Zbs",
                "elements": [
                    {
                        "type": "rich_text_section",
                        "elements": [
                            {
                                "type": "text",
                                "text": "Folks, "
                            },
                            {
                                "type": "text",
                                "text": "I’m"
                            },
                            {
                                "type": "text",
                                "text": " going to work from home again today and if I test negative I will return tomorrow masked if you need me"
                            },
                            {
                                "type": "text",
                                "text": "."
                            },
                            {
                                "type": "text",
                                "text": " "
                            }
                        ]
                    }
                ]
            }
        ],
        "reactions": [
            {
                "name": "crab",
                "users": [
                    "U0103JSQYLB",
                    "U02D68LLBAQ"
                ],
                "count": 2
            }
        ]
    }
]