[
    {
        "user": "U010N31RYMV",
        "type": "message",
        "ts": "1642178395.004100",
        "client_msg_id": "8361ddfd-e2b4-4732-832d-1ceccecedae1",
        "text": "Oh shit.  I made a boo-boo.  Please let me know if you could attend the following grad student recruiting meetings:\n\nMonday 11:30 - 12:00\nMonday 1:00 - 1:30\nTuesday 11:30 - 12:00.\n\nSorry for the confusion.  if enough people can make these times (Dates are Jan 24 and 25) please lock them in.  Thanks!",
        "team": "T1T85P197",
        "user_team": "T1T85P197",
        "source_team": "T1T85P197",
        "user_profile": {
            "avatar_hash": "084d1d915961",
            "image_72": "https:\/\/avatars.slack-edge.com\/2021-06-11\/2162938824690_084d1d915961fd2a1fcb_72.png",
            "first_name": "",
            "real_name": "David Schulz",
            "display_name": "David Schulz",
            "team": "T1T85P197",
            "name": "schulzd",
            "is_restricted": false,
            "is_ultra_restricted": false
        },
        "blocks": [
            {
                "type": "rich_text",
                "block_id": "M09",
                "elements": [
                    {
                        "type": "rich_text_section",
                        "elements": [
                            {
                                "type": "text",
                                "text": "Oh shit.  I made a boo-boo.  Please let me know if you could attend the following grad student recruiting meetings:\n\nMonday 11:30 - 12:00\nMonday 1:00 - 1:30\nTuesday 11:30 - 12:00.\n\nSorry for the confusion.  if enough people can make these times (Dates are Jan 24 and 25) please lock them in.  Thanks!"
                            }
                        ]
                    }
                ]
            }
        ]
    },
    {
        "user": "U0103JSQYLB",
        "type": "message",
        "ts": "1642178452.004300",
        "client_msg_id": "AFADB119-9E7F-4895-B7AF-555E360C52CE",
        "text": "Yeah I can attend Dave ",
        "team": "T1T85P197",
        "user_team": "T1T85P197",
        "source_team": "T1T85P197",
        "user_profile": {
            "avatar_hash": "94bf4a6c3643",
            "image_72": "https:\/\/avatars.slack-edge.com\/2023-05-20\/5309607146049_94bf4a6c3643af0ab428_72.png",
            "first_name": "Joe",
            "real_name": "Joe",
            "display_name": "Joe",
            "team": "T1T85P197",
            "name": "joseviteri",
            "is_restricted": false,
            "is_ultra_restricted": false
        },
        "blocks": [
            {
                "type": "rich_text",
                "block_id": "tXg",
                "elements": [
                    {
                        "type": "rich_text_section",
                        "elements": [
                            {
                                "type": "text",
                                "text": "Yeah I can attend Dave "
                            }
                        ]
                    }
                ]
            }
        ]
    }
]