[
    {
        "text": "Can confirm -- donut walls are a thing.",
        "files": [
            {
                "id": "F037L7PLY1X",
                "created": 1647385837,
                "timestamp": 1647385837,
                "name": "20220311_123714.jpg",
                "title": "20220311_123714.jpg",
                "mimetype": "image\/jpeg",
                "filetype": "jpg",
                "pretty_type": "JPEG",
                "user": "U010CH4JLKE",
                "user_team": "T1T85P197",
                "editable": false,
                "size": 1081758,
                "mode": "hosted",
                "is_external": false,
                "external_type": "",
                "is_public": true,
                "public_url_shared": false,
                "display_as_bot": false,
                "username": "",
                "url_private": "https:\/\/files.slack.com\/files-pri\/T1T85P197-F037L7PLY1X\/20220311_123714.jpg?t=xoxe-61277783313-6938219705459-6931704589846-f9456fee8056b431d8cc920b3927c14d",
                "url_private_download": "https:\/\/files.slack.com\/files-pri\/T1T85P197-F037L7PLY1X\/download\/20220311_123714.jpg?t=xoxe-61277783313-6938219705459-6931704589846-f9456fee8056b431d8cc920b3927c14d",
                "media_display_type": "unknown",
                "thumb_64": "https:\/\/files.slack.com\/files-tmb\/T1T85P197-F037L7PLY1X-e08e7b0cc5\/20220311_123714_64.jpg?t=xoxe-61277783313-6938219705459-6931704589846-f9456fee8056b431d8cc920b3927c14d",
                "thumb_80": "https:\/\/files.slack.com\/files-tmb\/T1T85P197-F037L7PLY1X-e08e7b0cc5\/20220311_123714_80.jpg?t=xoxe-61277783313-6938219705459-6931704589846-f9456fee8056b431d8cc920b3927c14d",
                "thumb_360": "https:\/\/files.slack.com\/files-tmb\/T1T85P197-F037L7PLY1X-e08e7b0cc5\/20220311_123714_360.jpg?t=xoxe-61277783313-6938219705459-6931704589846-f9456fee8056b431d8cc920b3927c14d",
                "thumb_360_w": 270,
                "thumb_360_h": 360,
                "thumb_480": "https:\/\/files.slack.com\/files-tmb\/T1T85P197-F037L7PLY1X-e08e7b0cc5\/20220311_123714_480.jpg?t=xoxe-61277783313-6938219705459-6931704589846-f9456fee8056b431d8cc920b3927c14d",
                "thumb_480_w": 360,
                "thumb_480_h": 480,
                "thumb_160": "https:\/\/files.slack.com\/files-tmb\/T1T85P197-F037L7PLY1X-e08e7b0cc5\/20220311_123714_160.jpg?t=xoxe-61277783313-6938219705459-6931704589846-f9456fee8056b431d8cc920b3927c14d",
                "thumb_720": "https:\/\/files.slack.com\/files-tmb\/T1T85P197-F037L7PLY1X-e08e7b0cc5\/20220311_123714_720.jpg?t=xoxe-61277783313-6938219705459-6931704589846-f9456fee8056b431d8cc920b3927c14d",
                "thumb_720_w": 540,
                "thumb_720_h": 720,
                "thumb_800": "https:\/\/files.slack.com\/files-tmb\/T1T85P197-F037L7PLY1X-e08e7b0cc5\/20220311_123714_800.jpg?t=xoxe-61277783313-6938219705459-6931704589846-f9456fee8056b431d8cc920b3927c14d",
                "thumb_800_w": 800,
                "thumb_800_h": 1067,
                "thumb_960": "https:\/\/files.slack.com\/files-tmb\/T1T85P197-F037L7PLY1X-e08e7b0cc5\/20220311_123714_960.jpg?t=xoxe-61277783313-6938219705459-6931704589846-f9456fee8056b431d8cc920b3927c14d",
                "thumb_960_w": 720,
                "thumb_960_h": 960,
                "thumb_1024": "https:\/\/files.slack.com\/files-tmb\/T1T85P197-F037L7PLY1X-e08e7b0cc5\/20220311_123714_1024.jpg?t=xoxe-61277783313-6938219705459-6931704589846-f9456fee8056b431d8cc920b3927c14d",
                "thumb_1024_w": 768,
                "thumb_1024_h": 1024,
                "original_w": 3024,
                "original_h": 4032,
                "thumb_tiny": "AwAwACSW6QK4wAOOwxUAAzz0p1wzeYQ3NVtxHU0mxlhirYKAj61MtszRhgw5GeapBm7Hip0uZQAm7jpQgZIlu7oGAGD7077LJ6D86sQsREo2HgY4IqTef7jfpTEU7wLgHYR1z2qjmtC9dWRQpzz2rNJ560mNC5py\/pUeacJMUgNaNmWNRtA4z1Ap+8+g\/MVQN7GQN6hmAxnFH2yH\/nmPy\/8Ar1YirvkY85P1pjB\/SrDSktwAMComJbqaQDFUseTipfJjA5fJ9qjHBpwNAD9sOPumjbD\/AHT+dQOTnj0pu5qAP\/\/Z",
                "permalink": "https:\/\/schulzlab.slack.com\/files\/U010CH4JLKE\/F037L7PLY1X\/20220311_123714.jpg",
                "permalink_public": "https:\/\/slack-files.com\/T1T85P197-F037L7PLY1X-c3d79e2f58",
                "is_starred": false,
                "has_rich_preview": false,
                "file_access": "visible"
            }
        ],
        "upload": false,
        "user": "U010CH4JLKE",
        "display_as_bot": false,
        "blocks": [
            {
                "type": "rich_text",
                "block_id": "950",
                "elements": [
                    {
                        "type": "rich_text_section",
                        "elements": [
                            {
                                "type": "text",
                                "text": "Can confirm -- donut walls are a thing."
                            }
                        ]
                    }
                ]
            }
        ],
        "type": "message",
        "ts": "1647385850.460369",
        "client_msg_id": "5e23d867-ecf6-4f32-b86f-88d1b646304f",
        "reactions": [
            {
                "name": "yum",
                "users": [
                    "U028ZEAHA6S"
                ],
                "count": 1
            }
        ]
    }
]