[
    {
        "user": "U010N31RYMV",
        "type": "message",
        "ts": "1660584306.832419",
        "client_msg_id": "AB1581DA-CD12-43D8-A669-3D2BC8B23712",
        "text": "Hi all. Our current plan for SFN is tha you are all invited to come early for the STG meeting. That takes place November 11. That means travel will be on Nov 10. We will need to register for the main meeting and book travel soon. \n\nAt the STG meeting, Jose will present our 15 minute time slot. I confirmed that our mouse work is welcome and you are invited to give short 5 minute “poster talks.” I'd love to show off that work as well. In other words, I'm signing you all up. ",
        "team": "T1T85P197",
        "user_team": "T1T85P197",
        "source_team": "T1T85P197",
        "user_profile": {
            "avatar_hash": "084d1d915961",
            "image_72": "https:\/\/avatars.slack-edge.com\/2021-06-11\/2162938824690_084d1d915961fd2a1fcb_72.png",
            "first_name": "",
            "real_name": "David Schulz",
            "display_name": "David Schulz",
            "team": "T1T85P197",
            "name": "schulzd",
            "is_restricted": false,
            "is_ultra_restricted": false
        },
        "blocks": [
            {
                "type": "rich_text",
                "block_id": "XXnX",
                "elements": [
                    {
                        "type": "rich_text_section",
                        "elements": [
                            {
                                "type": "text",
                                "text": "Hi all. Our current plan for SFN is tha you are all invited to come early for the STG meeting. That takes place November 11. That means travel will be on Nov 10. We will need to register for the main meeting and book travel soon. "
                            },
                            {
                                "type": "text",
                                "text": "\n"
                            },
                            {
                                "type": "text",
                                "text": "\nAt the STG meeting, Jose will present our 15 minute time slot. I confirmed that our mouse work is welcome and you are invited to give short 5 minute “poster talks.” I'd love to show off that work as well. In other words, I'm signing you all up. "
                            }
                        ]
                    }
                ]
            }
        ]
    },
    {
        "user": "U010N31RYMV",
        "type": "message",
        "ts": "1660584337.594289",
        "client_msg_id": "01BF5073-0EED-4E95-88C3-10DFCA66117A",
        "text": "Please let me know ASAP if that is an issue. ",
        "team": "T1T85P197",
        "user_team": "T1T85P197",
        "source_team": "T1T85P197",
        "user_profile": {
            "avatar_hash": "084d1d915961",
            "image_72": "https:\/\/avatars.slack-edge.com\/2021-06-11\/2162938824690_084d1d915961fd2a1fcb_72.png",
            "first_name": "",
            "real_name": "David Schulz",
            "display_name": "David Schulz",
            "team": "T1T85P197",
            "name": "schulzd",
            "is_restricted": false,
            "is_ultra_restricted": false
        },
        "thread_ts": "1660584337.594289",
        "reply_count": 3,
        "reply_users_count": 2,
        "latest_reply": "1660765127.164859",
        "reply_users": [
            "U0112A19YFN",
            "U010N31RYMV"
        ],
        "replies": [
            {
                "user": "U0112A19YFN",
                "ts": "1660764999.957639"
            },
            {
                "user": "U010N31RYMV",
                "ts": "1660765036.875279"
            },
            {
                "user": "U0112A19YFN",
                "ts": "1660765127.164859"
            }
        ],
        "is_locked": false,
        "subscribed": false,
        "blocks": [
            {
                "type": "rich_text",
                "block_id": "=9p",
                "elements": [
                    {
                        "type": "rich_text_section",
                        "elements": [
                            {
                                "type": "text",
                                "text": "Please let me know ASAP if that is an issue. "
                            }
                        ]
                    }
                ]
            }
        ],
        "reactions": [
            {
                "name": "+1",
                "users": [
                    "U02D68LLBAQ",
                    "U010CH4JLKE"
                ],
                "count": 2
            },
            {
                "name": "crab",
                "users": [
                    "U0103JSQYLB"
                ],
                "count": 1
            }
        ]
    }
]