[
    {
        "user": "U028ZEAHA6S",
        "type": "message",
        "ts": "1647269938.612579",
        "client_msg_id": "c3dc4660-9875-4800-baa5-c4dcbe183e68",
        "text": "Lab meetings have been moving around a lot lately. Where is it today?",
        "team": "T1T85P197",
        "user_team": "T1T85P197",
        "source_team": "T1T85P197",
        "user_profile": {
            "avatar_hash": "1839fba3b3db",
            "image_72": "https:\/\/avatars.slack-edge.com\/2021-07-27\/2341195265936_1839fba3b3db46348d0b_72.png",
            "first_name": "",
            "real_name": "Brian Lane",
            "display_name": "Brian Lane",
            "team": "T1T85P197",
            "name": "laneb",
            "is_restricted": false,
            "is_ultra_restricted": false
        },
        "blocks": [
            {
                "type": "rich_text",
                "block_id": "IKd",
                "elements": [
                    {
                        "type": "rich_text_section",
                        "elements": [
                            {
                                "type": "text",
                                "text": "Lab meetings have been moving around a lot lately. Where is it today?"
                            }
                        ]
                    }
                ]
            }
        ]
    },
    {
        "user": "U010N31RYMV",
        "type": "message",
        "ts": "1647269993.636309",
        "client_msg_id": "8a92f5ec-a3b8-448c-bf8a-8dfdfd0ffad8",
        "text": "111 Tucker Hall.",
        "team": "T1T85P197",
        "user_team": "T1T85P197",
        "source_team": "T1T85P197",
        "user_profile": {
            "avatar_hash": "084d1d915961",
            "image_72": "https:\/\/avatars.slack-edge.com\/2021-06-11\/2162938824690_084d1d915961fd2a1fcb_72.png",
            "first_name": "",
            "real_name": "David Schulz",
            "display_name": "David Schulz",
            "team": "T1T85P197",
            "name": "schulzd",
            "is_restricted": false,
            "is_ultra_restricted": false
        },
        "blocks": [
            {
                "type": "rich_text",
                "block_id": "0MZ",
                "elements": [
                    {
                        "type": "rich_text_section",
                        "elements": [
                            {
                                "type": "text",
                                "text": "111 Tucker Hall."
                            }
                        ]
                    }
                ]
            }
        ]
    },
    {
        "user": "U010N31RYMV",
        "type": "message",
        "ts": "1647270006.965279",
        "client_msg_id": "77c6c6d0-4af1-41ee-8dfb-2736ee08249b",
        "text": "Thank you for clarifying.",
        "team": "T1T85P197",
        "user_team": "T1T85P197",
        "source_team": "T1T85P197",
        "user_profile": {
            "avatar_hash": "084d1d915961",
            "image_72": "https:\/\/avatars.slack-edge.com\/2021-06-11\/2162938824690_084d1d915961fd2a1fcb_72.png",
            "first_name": "",
            "real_name": "David Schulz",
            "display_name": "David Schulz",
            "team": "T1T85P197",
            "name": "schulzd",
            "is_restricted": false,
            "is_ultra_restricted": false
        },
        "blocks": [
            {
                "type": "rich_text",
                "block_id": "aPvJ",
                "elements": [
                    {
                        "type": "rich_text_section",
                        "elements": [
                            {
                                "type": "text",
                                "text": "Thank you for clarifying."
                            }
                        ]
                    }
                ]
            }
        ]
    },
    {
        "user": "U010N31RYMV",
        "type": "message",
        "ts": "1647290466.968369",
        "client_msg_id": "f972a37f-976b-44dc-a393-e5ec9358efba",
        "text": "My understanding is there was a power blip that affected Lefevre Hall today perhaps more than Tucker Hall.  I will head over to check the -80C chest freezer, but just a heads up if your rigs are fried.",
        "team": "T1T85P197",
        "user_team": "T1T85P197",
        "source_team": "T1T85P197",
        "user_profile": {
            "avatar_hash": "084d1d915961",
            "image_72": "https:\/\/avatars.slack-edge.com\/2021-06-11\/2162938824690_084d1d915961fd2a1fcb_72.png",
            "first_name": "",
            "real_name": "David Schulz",
            "display_name": "David Schulz",
            "team": "T1T85P197",
            "name": "schulzd",
            "is_restricted": false,
            "is_ultra_restricted": false
        },
        "blocks": [
            {
                "type": "rich_text",
                "block_id": "VuNz1",
                "elements": [
                    {
                        "type": "rich_text_section",
                        "elements": [
                            {
                                "type": "text",
                                "text": "My understanding is there was a power blip that affected Lefevre Hall today perhaps more than Tucker Hall.  I will head over to check the -80C chest freezer, but just a heads up if your rigs are fried."
                            }
                        ]
                    }
                ]
            }
        ]
    },
    {
        "text": "A lousy picture of Benton getting his recognition on Friday. Nevertheless, it happened and we also learned what a donut wall is. So two important occasions overlapping. ",
        "files": [
            {
                "id": "F036Y91S9RB",
                "created": 1647302480,
                "timestamp": 1647302480,
                "name": "Image from iOS.jpg",
                "title": "Image from iOS",
                "mimetype": "image\/jpeg",
                "filetype": "jpg",
                "pretty_type": "JPEG",
                "user": "U010N31RYMV",
                "user_team": "T1T85P197",
                "editable": false,
                "size": 284426,
                "mode": "hosted",
                "is_external": false,
                "external_type": "",
                "is_public": true,
                "public_url_shared": false,
                "display_as_bot": false,
                "username": "",
                "url_private": "https:\/\/files.slack.com\/files-pri\/T1T85P197-F036Y91S9RB\/image_from_ios.jpg?t=xoxe-61277783313-6938219705459-6931704589846-f9456fee8056b431d8cc920b3927c14d",
                "url_private_download": "https:\/\/files.slack.com\/files-pri\/T1T85P197-F036Y91S9RB\/download\/image_from_ios.jpg?t=xoxe-61277783313-6938219705459-6931704589846-f9456fee8056b431d8cc920b3927c14d",
                "media_display_type": "unknown",
                "thumb_64": "https:\/\/files.slack.com\/files-tmb\/T1T85P197-F036Y91S9RB-f6e585071b\/image_from_ios_64.jpg?t=xoxe-61277783313-6938219705459-6931704589846-f9456fee8056b431d8cc920b3927c14d",
                "thumb_80": "https:\/\/files.slack.com\/files-tmb\/T1T85P197-F036Y91S9RB-f6e585071b\/image_from_ios_80.jpg?t=xoxe-61277783313-6938219705459-6931704589846-f9456fee8056b431d8cc920b3927c14d",
                "thumb_360": "https:\/\/files.slack.com\/files-tmb\/T1T85P197-F036Y91S9RB-f6e585071b\/image_from_ios_360.jpg?t=xoxe-61277783313-6938219705459-6931704589846-f9456fee8056b431d8cc920b3927c14d",
                "thumb_360_w": 360,
                "thumb_360_h": 243,
                "thumb_480": "https:\/\/files.slack.com\/files-tmb\/T1T85P197-F036Y91S9RB-f6e585071b\/image_from_ios_480.jpg?t=xoxe-61277783313-6938219705459-6931704589846-f9456fee8056b431d8cc920b3927c14d",
                "thumb_480_w": 480,
                "thumb_480_h": 324,
                "thumb_160": "https:\/\/files.slack.com\/files-tmb\/T1T85P197-F036Y91S9RB-f6e585071b\/image_from_ios_160.jpg?t=xoxe-61277783313-6938219705459-6931704589846-f9456fee8056b431d8cc920b3927c14d",
                "thumb_720": "https:\/\/files.slack.com\/files-tmb\/T1T85P197-F036Y91S9RB-f6e585071b\/image_from_ios_720.jpg?t=xoxe-61277783313-6938219705459-6931704589846-f9456fee8056b431d8cc920b3927c14d",
                "thumb_720_w": 720,
                "thumb_720_h": 487,
                "thumb_800": "https:\/\/files.slack.com\/files-tmb\/T1T85P197-F036Y91S9RB-f6e585071b\/image_from_ios_800.jpg?t=xoxe-61277783313-6938219705459-6931704589846-f9456fee8056b431d8cc920b3927c14d",
                "thumb_800_w": 800,
                "thumb_800_h": 541,
                "thumb_960": "https:\/\/files.slack.com\/files-tmb\/T1T85P197-F036Y91S9RB-f6e585071b\/image_from_ios_960.jpg?t=xoxe-61277783313-6938219705459-6931704589846-f9456fee8056b431d8cc920b3927c14d",
                "thumb_960_w": 960,
                "thumb_960_h": 649,
                "thumb_1024": "https:\/\/files.slack.com\/files-tmb\/T1T85P197-F036Y91S9RB-f6e585071b\/image_from_ios_1024.jpg?t=xoxe-61277783313-6938219705459-6931704589846-f9456fee8056b431d8cc920b3927c14d",
                "thumb_1024_w": 1024,
                "thumb_1024_h": 692,
                "original_w": 2580,
                "original_h": 1744,
                "thumb_tiny": "AwAgADB4UEZOKcqKeeKE+7WYMlsA9TUlXNZY0PoaUxJ6CqH2SVe6\/nSNDKqkk8D\/AGqWncdy8Yk9BTGjTHas4k+tIKdg5i6HfH3v0qiDyDVvOFquQMYFCJZbSYhCXc57c0xC06vg7iF6H0qthi5KgnFT2MbmVwPlO0jn1osO5AaQdakmhaByjckdx3picsKYj\/\/Z",
                "permalink": "https:\/\/schulzlab.slack.com\/files\/U010N31RYMV\/F036Y91S9RB\/image_from_ios.jpg",
                "permalink_public": "https:\/\/slack-files.com\/T1T85P197-F036Y91S9RB-59cde76875",
                "is_starred": false,
                "has_rich_preview": false,
                "file_access": "visible"
            }
        ],
        "upload": false,
        "user": "U010N31RYMV",
        "display_as_bot": false,
        "blocks": [
            {
                "type": "rich_text",
                "block_id": "OH6fz",
                "elements": [
                    {
                        "type": "rich_text_section",
                        "elements": [
                            {
                                "type": "text",
                                "text": "A lousy picture of Benton getting his recognition on Friday. Nevertheless, it happened and we also learned what a donut wall is. So two important occasions overlapping. "
                            }
                        ]
                    }
                ]
            }
        ],
        "type": "message",
        "ts": "1647302483.482729",
        "client_msg_id": "A164CDE7-B3B3-4390-BD45-44BC9A1100B0"
    }
]