[
    {
        "user": "U028ZEAHA6S",
        "type": "message",
        "ts": "1665600873.691369",
        "client_msg_id": "CB61C640-C87F-4141-96E1-9F47B281D22D",
        "text": "Can the animal phys lab beg you for empty pipette tip boxes? We need more places for our crayfish to hide",
        "team": "T1T85P197",
        "user_team": "T1T85P197",
        "source_team": "T1T85P197",
        "user_profile": {
            "avatar_hash": "1839fba3b3db",
            "image_72": "https:\/\/avatars.slack-edge.com\/2021-07-27\/2341195265936_1839fba3b3db46348d0b_72.png",
            "first_name": "",
            "real_name": "Brian Lane",
            "display_name": "Brian Lane",
            "team": "T1T85P197",
            "name": "laneb",
            "is_restricted": false,
            "is_ultra_restricted": false
        },
        "blocks": [
            {
                "type": "rich_text",
                "block_id": "3ASP",
                "elements": [
                    {
                        "type": "rich_text_section",
                        "elements": [
                            {
                                "type": "text",
                                "text": "Can the animal phys lab beg you for empty pipette tip boxes? We need more places for our crayfish to hide"
                            }
                        ]
                    }
                ]
            }
        ]
    },
    {
        "user": "U010N31RYMV",
        "type": "message",
        "ts": "1665605396.529379",
        "client_msg_id": "734BFDBC-785B-4FF8-B173-90BF5F48D09E",
        "text": "I’ve thrown out so many cleaning out labs!  I’ve got some in Tucker if you need them. ",
        "team": "T1T85P197",
        "user_team": "T1T85P197",
        "source_team": "T1T85P197",
        "user_profile": {
            "avatar_hash": "084d1d915961",
            "image_72": "https:\/\/avatars.slack-edge.com\/2021-06-11\/2162938824690_084d1d915961fd2a1fcb_72.png",
            "first_name": "",
            "real_name": "David Schulz",
            "display_name": "David Schulz",
            "team": "T1T85P197",
            "name": "schulzd",
            "is_restricted": false,
            "is_ultra_restricted": false
        },
        "blocks": [
            {
                "type": "rich_text",
                "block_id": "a=B",
                "elements": [
                    {
                        "type": "rich_text_section",
                        "elements": [
                            {
                                "type": "text",
                                "text": "I’ve"
                            },
                            {
                                "type": "text",
                                "text": " thrown out so many cleaning out labs!  "
                            },
                            {
                                "type": "text",
                                "text": "I’ve"
                            },
                            {
                                "type": "text",
                                "text": " got some in Tucker if you need them"
                            },
                            {
                                "type": "text",
                                "text": "."
                            },
                            {
                                "type": "text",
                                "text": " "
                            }
                        ]
                    }
                ]
            }
        ]
    },
    {
        "user": "U028ZEAHA6S",
        "type": "message",
        "ts": "1665606821.679989",
        "client_msg_id": "B4882199-3882-4A3B-8747-5EA65C03AD10",
        "text": "I think we’ve got enough for now. Don’t throw those ones out just yet, though.",
        "team": "T1T85P197",
        "user_team": "T1T85P197",
        "source_team": "T1T85P197",
        "user_profile": {
            "avatar_hash": "1839fba3b3db",
            "image_72": "https:\/\/avatars.slack-edge.com\/2021-07-27\/2341195265936_1839fba3b3db46348d0b_72.png",
            "first_name": "",
            "real_name": "Brian Lane",
            "display_name": "Brian Lane",
            "team": "T1T85P197",
            "name": "laneb",
            "is_restricted": false,
            "is_ultra_restricted": false
        },
        "blocks": [
            {
                "type": "rich_text",
                "block_id": "t5cs",
                "elements": [
                    {
                        "type": "rich_text_section",
                        "elements": [
                            {
                                "type": "text",
                                "text": "I think we’ve got enough for now. Don’t throw those ones out"
                            },
                            {
                                "type": "text",
                                "text": " "
                            },
                            {
                                "type": "text",
                                "text": "just yet, though."
                            }
                        ]
                    }
                ]
            }
        ]
    },
    {
        "user": "U010N31RYMV",
        "type": "message",
        "ts": "1665608814.642759",
        "client_msg_id": "a21e924c-b1fb-4a65-8817-2661dcf5697d",
        "text": "If you have feedback on Dr. Dan Wesson's candidacy for a faculty position here at MU, I encourage you to send it to me via \"official\" channels (i.e to me as the Division Director via email and not as your faculty mentor).  Thank you.",
        "team": "T1T85P197",
        "user_team": "T1T85P197",
        "source_team": "T1T85P197",
        "user_profile": {
            "avatar_hash": "084d1d915961",
            "image_72": "https:\/\/avatars.slack-edge.com\/2021-06-11\/2162938824690_084d1d915961fd2a1fcb_72.png",
            "first_name": "",
            "real_name": "David Schulz",
            "display_name": "David Schulz",
            "team": "T1T85P197",
            "name": "schulzd",
            "is_restricted": false,
            "is_ultra_restricted": false
        },
        "blocks": [
            {
                "type": "rich_text",
                "block_id": "Qup",
                "elements": [
                    {
                        "type": "rich_text_section",
                        "elements": [
                            {
                                "type": "text",
                                "text": "If you have feedback on Dr. Dan Wesson's candidacy for a faculty position here at MU, I encourage you to send it to me via \"official\" channels (i.e to me as the Division Director via email and not as your faculty mentor).  Thank you."
                            }
                        ]
                    }
                ]
            }
        ]
    }
]