[
    {
        "user": "U010N31RYMV",
        "type": "message",
        "ts": "1657114235.557509",
        "client_msg_id": "7AB9C5F0-DB90-42AB-AFF3-3B830FA3E13A",
        "text": "Be up as soon as I have coffee. ",
        "team": "T1T85P197",
        "user_team": "T1T85P197",
        "source_team": "T1T85P197",
        "user_profile": {
            "avatar_hash": "084d1d915961",
            "image_72": "https:\/\/avatars.slack-edge.com\/2021-06-11\/2162938824690_084d1d915961fd2a1fcb_72.png",
            "first_name": "",
            "real_name": "David Schulz",
            "display_name": "David Schulz",
            "team": "T1T85P197",
            "name": "schulzd",
            "is_restricted": false,
            "is_ultra_restricted": false
        },
        "blocks": [
            {
                "type": "rich_text",
                "block_id": "5NZXa",
                "elements": [
                    {
                        "type": "rich_text_section",
                        "elements": [
                            {
                                "type": "text",
                                "text": "Be up "
                            },
                            {
                                "type": "text",
                                "text": "as"
                            },
                            {
                                "type": "text",
                                "text": " "
                            },
                            {
                                "type": "text",
                                "text": "soon"
                            },
                            {
                                "type": "text",
                                "text": " "
                            },
                            {
                                "type": "text",
                                "text": "as"
                            },
                            {
                                "type": "text",
                                "text": " I "
                            },
                            {
                                "type": "text",
                                "text": "have"
                            },
                            {
                                "type": "text",
                                "text": " "
                            },
                            {
                                "type": "text",
                                "text": "coffee. "
                            }
                        ]
                    }
                ]
            }
        ]
    },
    {
        "user": "U010N31RYMV",
        "type": "message",
        "ts": "1657137500.115409",
        "client_msg_id": "815e0b96-64f1-426d-bbf3-598bfa72056e",
        "text": "Hi All - due to some out of town and other scheduling conflicts, let's postpone data wrangling this week.  So no meeting on Friday.  Thanks.",
        "team": "T1T85P197",
        "user_team": "T1T85P197",
        "source_team": "T1T85P197",
        "user_profile": {
            "avatar_hash": "084d1d915961",
            "image_72": "https:\/\/avatars.slack-edge.com\/2021-06-11\/2162938824690_084d1d915961fd2a1fcb_72.png",
            "first_name": "",
            "real_name": "David Schulz",
            "display_name": "David Schulz",
            "team": "T1T85P197",
            "name": "schulzd",
            "is_restricted": false,
            "is_ultra_restricted": false
        },
        "blocks": [
            {
                "type": "rich_text",
                "block_id": "\/Etj",
                "elements": [
                    {
                        "type": "rich_text_section",
                        "elements": [
                            {
                                "type": "text",
                                "text": "Hi All - due to some out of town and other scheduling conflicts, let's postpone data wrangling this week.  So no meeting on Friday.  Thanks."
                            }
                        ]
                    }
                ]
            }
        ]
    },
    {
        "user": "U010N31RYMV",
        "type": "message",
        "ts": "1657148316.928369",
        "client_msg_id": "be91ad54-11ac-4f79-979e-ce8ada66a82e",
        "text": "I just sent an email, but I think it is best if we also postpone \"Neurobiology Foundations\" for this week, which would have taken place tomorrow morning due to the holiday.  We will reconvene that group on Monday, and see how much more discussion we would like to have for the rest of the month.",
        "team": "T1T85P197",
        "user_team": "T1T85P197",
        "source_team": "T1T85P197",
        "user_profile": {
            "avatar_hash": "084d1d915961",
            "image_72": "https:\/\/avatars.slack-edge.com\/2021-06-11\/2162938824690_084d1d915961fd2a1fcb_72.png",
            "first_name": "",
            "real_name": "David Schulz",
            "display_name": "David Schulz",
            "team": "T1T85P197",
            "name": "schulzd",
            "is_restricted": false,
            "is_ultra_restricted": false
        },
        "blocks": [
            {
                "type": "rich_text",
                "block_id": "X\/9dW",
                "elements": [
                    {
                        "type": "rich_text_section",
                        "elements": [
                            {
                                "type": "text",
                                "text": "I just sent an email, but I think it is best if we also postpone \"Neurobiology Foundations\" for this week, which would have taken place tomorrow morning due to the holiday.  We will reconvene that group on Monday, and see how much more discussion we would like to have for the rest of the month."
                            }
                        ]
                    }
                ]
            }
        ]
    }
]