[
    {
        "text": "Here are slides for today if anyone needs them.  They are just a little bit of reference, but might skip around.",
        "files": [
            {
                "id": "F03NY700X6Z",
                "created": 1657546154,
                "timestamp": 1657546154,
                "name": "NeuroFoundations2022 July10.pdf",
                "title": "NeuroFoundations2022 July10.pdf",
                "mimetype": "application\/pdf",
                "filetype": "pdf",
                "pretty_type": "PDF",
                "user": "U010N31RYMV",
                "user_team": "T1T85P197",
                "editable": false,
                "size": 2728080,
                "mode": "hosted",
                "is_external": false,
                "external_type": "",
                "is_public": true,
                "public_url_shared": false,
                "display_as_bot": false,
                "username": "",
                "url_private": "https:\/\/files.slack.com\/files-pri\/T1T85P197-F03NY700X6Z\/neurofoundations2022_july10.pdf?t=xoxe-61277783313-6938219705459-6931704589846-f9456fee8056b431d8cc920b3927c14d",
                "url_private_download": "https:\/\/files.slack.com\/files-pri\/T1T85P197-F03NY700X6Z\/download\/neurofoundations2022_july10.pdf?t=xoxe-61277783313-6938219705459-6931704589846-f9456fee8056b431d8cc920b3927c14d",
                "media_display_type": "unknown",
                "thumb_pdf": "https:\/\/files.slack.com\/files-tmb\/T1T85P197-F03NY700X6Z-dd481c1439\/neurofoundations2022_july10_thumb_pdf.png?t=xoxe-61277783313-6938219705459-6931704589846-f9456fee8056b431d8cc920b3927c14d",
                "thumb_pdf_w": 1100,
                "thumb_pdf_h": 825,
                "permalink": "https:\/\/schulzlab.slack.com\/files\/U010N31RYMV\/F03NY700X6Z\/neurofoundations2022_july10.pdf",
                "permalink_public": "https:\/\/slack-files.com\/T1T85P197-F03NY700X6Z-bbf0eb5920",
                "is_starred": false,
                "has_rich_preview": false,
                "file_access": "visible"
            }
        ],
        "upload": false,
        "user": "U010N31RYMV",
        "display_as_bot": false,
        "blocks": [
            {
                "type": "rich_text",
                "block_id": "\/f64V",
                "elements": [
                    {
                        "type": "rich_text_section",
                        "elements": [
                            {
                                "type": "text",
                                "text": "Here are slides for today if anyone needs them.  They are just a little bit of reference, but might skip around."
                            }
                        ]
                    }
                ]
            }
        ],
        "type": "message",
        "ts": "1657546157.286409",
        "client_msg_id": "d113cc98-2905-432e-8b1b-182d92758570"
    },
    {
        "user": "U0103JSQYLB",
        "type": "message",
        "ts": "1657546342.368479",
        "client_msg_id": "8760BEB0-A9AF-42FB-8CDC-61D8EB166E43",
        "text": "This is good stuff!",
        "team": "T1T85P197",
        "user_team": "T1T85P197",
        "source_team": "T1T85P197",
        "user_profile": {
            "avatar_hash": "94bf4a6c3643",
            "image_72": "https:\/\/avatars.slack-edge.com\/2023-05-20\/5309607146049_94bf4a6c3643af0ab428_72.png",
            "first_name": "Joe",
            "real_name": "Joe",
            "display_name": "Joe",
            "team": "T1T85P197",
            "name": "joseviteri",
            "is_restricted": false,
            "is_ultra_restricted": false
        },
        "blocks": [
            {
                "type": "rich_text",
                "block_id": "aFx",
                "elements": [
                    {
                        "type": "rich_text_section",
                        "elements": [
                            {
                                "type": "text",
                                "text": "This"
                            },
                            {
                                "type": "text",
                                "text": " "
                            },
                            {
                                "type": "text",
                                "text": "is"
                            },
                            {
                                "type": "text",
                                "text": " good "
                            },
                            {
                                "type": "text",
                                "text": "stuff!"
                            }
                        ]
                    }
                ]
            }
        ]
    }
]