[
    {
        "user": "U010N31RYMV",
        "type": "message",
        "ts": "1642689465.011200",
        "client_msg_id": "6B262DE7-959D-4363-89A1-772E11FFCA85",
        "text": "ACUC inspection complete in under two minutes. All good. I asked about the surgical suite and they said it “looks amazing.”  So thank you for that as well. ",
        "team": "T1T85P197",
        "user_team": "T1T85P197",
        "source_team": "T1T85P197",
        "user_profile": {
            "avatar_hash": "084d1d915961",
            "image_72": "https:\/\/avatars.slack-edge.com\/2021-06-11\/2162938824690_084d1d915961fd2a1fcb_72.png",
            "first_name": "",
            "real_name": "David Schulz",
            "display_name": "David Schulz",
            "team": "T1T85P197",
            "name": "schulzd",
            "is_restricted": false,
            "is_ultra_restricted": false
        },
        "blocks": [
            {
                "type": "rich_text",
                "block_id": "CYC",
                "elements": [
                    {
                        "type": "rich_text_section",
                        "elements": [
                            {
                                "type": "text",
                                "text": "ACUC inspection complete in under two minutes. All good. I asked about the surgical suite and they said it “looks amazing.”  So thank you for that as well. "
                            }
                        ]
                    }
                ]
            }
        ],
        "reactions": [
            {
                "name": "+1",
                "users": [
                    "U010CH4JLKE"
                ],
                "count": 1
            }
        ]
    }
]