[
    {
        "user": "U010N31RYMV",
        "type": "message",
        "ts": "1663257067.074409",
        "client_msg_id": "75ACA859-3522-41E7-ADF5-E3578AAC2912",
        "text": "If I didn't mention it earlier, I am effectively out of the office for the rest of today and all of tomorrow. If you need me, I am available electronically off and on. ",
        "team": "T1T85P197",
        "user_team": "T1T85P197",
        "source_team": "T1T85P197",
        "user_profile": {
            "avatar_hash": "084d1d915961",
            "image_72": "https:\/\/avatars.slack-edge.com\/2021-06-11\/2162938824690_084d1d915961fd2a1fcb_72.png",
            "first_name": "",
            "real_name": "David Schulz",
            "display_name": "David Schulz",
            "team": "T1T85P197",
            "name": "schulzd",
            "is_restricted": false,
            "is_ultra_restricted": false
        },
        "blocks": [
            {
                "type": "rich_text",
                "block_id": "8Bpy",
                "elements": [
                    {
                        "type": "rich_text_section",
                        "elements": [
                            {
                                "type": "text",
                                "text": "If I didn't mention it earlier, I am effectively out of the office for the rest of today and all of tomorrow. If you need me, I am available electronically off and on. "
                            }
                        ]
                    }
                ]
            }
        ]
    }
]