[
    {
        "user": "U010N31RYMV",
        "type": "message",
        "ts": "1661444905.684929",
        "client_msg_id": "97d103b7-6ffd-4166-ae20-0d40d0ba6963",
        "text": "Dr. Melissa Coleman will present tomorrow, Friday, Aug 26th, from 2:30 to 4:00 pm (eastern) at the STG monthly meeting.\nShe will talk on _\"CPG Modulation: from MCN1 in Crabs to HVC in Duetting Wrens.\"_\nZoom details are below. Please share with your students.\n\nSee you soon,\nNelly and Smita\n\n--------------\n\nJoin Zoom Meeting <https:\/\/einsteinmed.zoom.us\/j\/93245413647> Meeting ID: 932 4541 3647",
        "team": "T1T85P197",
        "user_team": "T1T85P197",
        "source_team": "T1T85P197",
        "user_profile": {
            "avatar_hash": "084d1d915961",
            "image_72": "https:\/\/avatars.slack-edge.com\/2021-06-11\/2162938824690_084d1d915961fd2a1fcb_72.png",
            "first_name": "",
            "real_name": "David Schulz",
            "display_name": "David Schulz",
            "team": "T1T85P197",
            "name": "schulzd",
            "is_restricted": false,
            "is_ultra_restricted": false
        },
        "blocks": [
            {
                "type": "rich_text",
                "block_id": "uMA",
                "elements": [
                    {
                        "type": "rich_text_section",
                        "elements": [
                            {
                                "type": "text",
                                "text": "Dr. Melissa Coleman will present tomorrow, Friday, Aug 26th, from 2:30 to 4:00 pm (eastern) at the STG monthly meeting.\nShe will talk on "
                            },
                            {
                                "type": "text",
                                "text": "\"CPG Modulation: from MCN1 in Crabs to HVC in Duetting Wrens.\"",
                                "style": {
                                    "italic": true
                                }
                            },
                            {
                                "type": "text",
                                "text": "\nZoom details are below. Please share with your students.\n\nSee you soon,\nNelly and Smita\n\n--------------\n\nJoin Zoom Meeting "
                            },
                            {
                                "type": "link",
                                "url": "https:\/\/einsteinmed.zoom.us\/j\/93245413647"
                            },
                            {
                                "type": "text",
                                "text": " Meeting ID: 932 4541 3647"
                            }
                        ]
                    }
                ]
            }
        ]
    },
    {
        "user": "U010N31RYMV",
        "type": "message",
        "ts": "1661444912.726439",
        "client_msg_id": "1762a8ee-7889-4676-8a2f-cace42041395",
        "text": "STG talk tomorrow",
        "team": "T1T85P197",
        "user_team": "T1T85P197",
        "source_team": "T1T85P197",
        "user_profile": {
            "avatar_hash": "084d1d915961",
            "image_72": "https:\/\/avatars.slack-edge.com\/2021-06-11\/2162938824690_084d1d915961fd2a1fcb_72.png",
            "first_name": "",
            "real_name": "David Schulz",
            "display_name": "David Schulz",
            "team": "T1T85P197",
            "name": "schulzd",
            "is_restricted": false,
            "is_ultra_restricted": false
        },
        "blocks": [
            {
                "type": "rich_text",
                "block_id": "nINQE",
                "elements": [
                    {
                        "type": "rich_text_section",
                        "elements": [
                            {
                                "type": "text",
                                "text": "STG talk tomorrow"
                            }
                        ]
                    }
                ]
            }
        ]
    }
]