[
    {
        "text": "If you zoom in, Benton is on the far left among the white shirt people. Honored at the basketball game for his award",
        "files": [
            {
                "id": "F035TJ5RV42",
                "created": 1646514226,
                "timestamp": 1646514226,
                "name": "Image from iOS.jpg",
                "title": "Image from iOS",
                "mimetype": "image\/jpeg",
                "filetype": "jpg",
                "pretty_type": "JPEG",
                "user": "U028ZEAHA6S",
                "user_team": "T1T85P197",
                "editable": false,
                "size": 1425979,
                "mode": "hosted",
                "is_external": false,
                "external_type": "",
                "is_public": true,
                "public_url_shared": false,
                "display_as_bot": false,
                "username": "",
                "url_private": "https:\/\/files.slack.com\/files-pri\/T1T85P197-F035TJ5RV42\/image_from_ios.jpg?t=xoxe-61277783313-6938219705459-6931704589846-f9456fee8056b431d8cc920b3927c14d",
                "url_private_download": "https:\/\/files.slack.com\/files-pri\/T1T85P197-F035TJ5RV42\/download\/image_from_ios.jpg?t=xoxe-61277783313-6938219705459-6931704589846-f9456fee8056b431d8cc920b3927c14d",
                "media_display_type": "unknown",
                "thumb_64": "https:\/\/files.slack.com\/files-tmb\/T1T85P197-F035TJ5RV42-0a2b30974d\/image_from_ios_64.jpg?t=xoxe-61277783313-6938219705459-6931704589846-f9456fee8056b431d8cc920b3927c14d",
                "thumb_80": "https:\/\/files.slack.com\/files-tmb\/T1T85P197-F035TJ5RV42-0a2b30974d\/image_from_ios_80.jpg?t=xoxe-61277783313-6938219705459-6931704589846-f9456fee8056b431d8cc920b3927c14d",
                "thumb_360": "https:\/\/files.slack.com\/files-tmb\/T1T85P197-F035TJ5RV42-0a2b30974d\/image_from_ios_360.jpg?t=xoxe-61277783313-6938219705459-6931704589846-f9456fee8056b431d8cc920b3927c14d",
                "thumb_360_w": 360,
                "thumb_360_h": 270,
                "thumb_480": "https:\/\/files.slack.com\/files-tmb\/T1T85P197-F035TJ5RV42-0a2b30974d\/image_from_ios_480.jpg?t=xoxe-61277783313-6938219705459-6931704589846-f9456fee8056b431d8cc920b3927c14d",
                "thumb_480_w": 480,
                "thumb_480_h": 360,
                "thumb_160": "https:\/\/files.slack.com\/files-tmb\/T1T85P197-F035TJ5RV42-0a2b30974d\/image_from_ios_160.jpg?t=xoxe-61277783313-6938219705459-6931704589846-f9456fee8056b431d8cc920b3927c14d",
                "thumb_720": "https:\/\/files.slack.com\/files-tmb\/T1T85P197-F035TJ5RV42-0a2b30974d\/image_from_ios_720.jpg?t=xoxe-61277783313-6938219705459-6931704589846-f9456fee8056b431d8cc920b3927c14d",
                "thumb_720_w": 720,
                "thumb_720_h": 540,
                "thumb_800": "https:\/\/files.slack.com\/files-tmb\/T1T85P197-F035TJ5RV42-0a2b30974d\/image_from_ios_800.jpg?t=xoxe-61277783313-6938219705459-6931704589846-f9456fee8056b431d8cc920b3927c14d",
                "thumb_800_w": 800,
                "thumb_800_h": 600,
                "thumb_960": "https:\/\/files.slack.com\/files-tmb\/T1T85P197-F035TJ5RV42-0a2b30974d\/image_from_ios_960.jpg?t=xoxe-61277783313-6938219705459-6931704589846-f9456fee8056b431d8cc920b3927c14d",
                "thumb_960_w": 960,
                "thumb_960_h": 720,
                "thumb_1024": "https:\/\/files.slack.com\/files-tmb\/T1T85P197-F035TJ5RV42-0a2b30974d\/image_from_ios_1024.jpg?t=xoxe-61277783313-6938219705459-6931704589846-f9456fee8056b431d8cc920b3927c14d",
                "thumb_1024_w": 1024,
                "thumb_1024_h": 768,
                "original_w": 4032,
                "original_h": 3024,
                "thumb_tiny": "AwAkADCru44U0wlvTFS\/NkdDQVOMnFK4WGRjcfmz6DFW\/sny5w+3\/eFVwG3DHarhmcJhkIHuKdxpFbYm7b8+cnv0FQkNgHJ5qfc25yB600lvQUgZKVP93603gjg1OysFyFHoaABypVgo7461KArhe5FO+b1Jx71Y8mMjILD04pvlKTw5\/EUrgQ8nsc96XGCOpx1qUQt\/fU0GByMHBFFwIY55HGS3OaDcypKigggnnI61FD938aST\/Xx\/7wqxGqrEk5pCoJORQnVqXu34VkykRMoWJiBjAzUUZLFsscLyKmk\/1L\/SoYfvSf5700Nn\/9k=",
                "permalink": "https:\/\/schulzlab.slack.com\/files\/U028ZEAHA6S\/F035TJ5RV42\/image_from_ios.jpg",
                "permalink_public": "https:\/\/slack-files.com\/T1T85P197-F035TJ5RV42-cbbf1be677",
                "is_starred": false,
                "has_rich_preview": false,
                "file_access": "visible"
            }
        ],
        "upload": false,
        "user": "U028ZEAHA6S",
        "display_as_bot": false,
        "blocks": [
            {
                "type": "rich_text",
                "block_id": "oRF",
                "elements": [
                    {
                        "type": "rich_text_section",
                        "elements": [
                            {
                                "type": "text",
                                "text": "If you zoom in, Benton is on the far left among the white shirt people. Honored at the basketball game for his award"
                            }
                        ]
                    }
                ]
            }
        ],
        "type": "message",
        "ts": "1646514385.420309",
        "client_msg_id": "E65F982B-0736-46C0-B874-E282F252CA89",
        "reactions": [
            {
                "name": "+1",
                "users": [
                    "U010N31RYMV",
                    "U01328S2P1T"
                ],
                "count": 2
            }
        ]
    }
]