[
    {
        "user": "U010N31RYMV",
        "type": "message",
        "ts": "1657202935.989969",
        "client_msg_id": "5ae1e4fd-aaf1-4998-8731-bda22ab5ef00",
        "text": "Hello all,\n\nWe hope you had a fun-filled July 4th. Hold on to that fun because we will enhance that by bringing yet another great speaker, Dr. Larry Abbott.\nTomorrow, Larry will talk about \"The Circuits that Guide Fly Navigation.”\n\nDon't forget to share the zoom link with your students.\n\nSee you at 2:30 pm (EDT).\n\nNelly and Smita\n\n~~~~~~~~~~~~\nJoin Zoom Meeting <https:\/\/einsteinmed.zoom.us\/j\/97023973550> Meeting ID: 970 2397 3550",
        "team": "T1T85P197",
        "user_team": "T1T85P197",
        "source_team": "T1T85P197",
        "user_profile": {
            "avatar_hash": "084d1d915961",
            "image_72": "https:\/\/avatars.slack-edge.com\/2021-06-11\/2162938824690_084d1d915961fd2a1fcb_72.png",
            "first_name": "",
            "real_name": "David Schulz",
            "display_name": "David Schulz",
            "team": "T1T85P197",
            "name": "schulzd",
            "is_restricted": false,
            "is_ultra_restricted": false
        },
        "blocks": [
            {
                "type": "rich_text",
                "block_id": "EmEpJ",
                "elements": [
                    {
                        "type": "rich_text_section",
                        "elements": [
                            {
                                "type": "text",
                                "text": "Hello all,\n\nWe hope you had a fun-filled July 4th. Hold on to that fun because we will enhance that by bringing yet another great speaker, Dr. Larry Abbott.\nTomorrow, Larry will talk about \"The Circuits that Guide Fly Navigation.”\n\nDon't forget to share the zoom link with your students.\n\nSee you at 2:30 pm (EDT).\n\nNelly and Smita\n\n~~~~~~~~~~~~\nJoin Zoom Meeting "
                            },
                            {
                                "type": "link",
                                "url": "https:\/\/einsteinmed.zoom.us\/j\/97023973550"
                            },
                            {
                                "type": "text",
                                "text": " Meeting ID: 970 2397 3550"
                            }
                        ]
                    }
                ]
            }
        ]
    },
    {
        "user": "U010N31RYMV",
        "type": "message",
        "ts": "1657202962.076359",
        "client_msg_id": "a4032703-89f1-4b00-a545-a4c311a253da",
        "text": "^^^ Tomorrow means July 8 (Friday).  And please note the time is in eastern time.",
        "team": "T1T85P197",
        "user_team": "T1T85P197",
        "source_team": "T1T85P197",
        "user_profile": {
            "avatar_hash": "084d1d915961",
            "image_72": "https:\/\/avatars.slack-edge.com\/2021-06-11\/2162938824690_084d1d915961fd2a1fcb_72.png",
            "first_name": "",
            "real_name": "David Schulz",
            "display_name": "David Schulz",
            "team": "T1T85P197",
            "name": "schulzd",
            "is_restricted": false,
            "is_ultra_restricted": false
        },
        "blocks": [
            {
                "type": "rich_text",
                "block_id": "2QSG",
                "elements": [
                    {
                        "type": "rich_text_section",
                        "elements": [
                            {
                                "type": "text",
                                "text": "^^^ Tomorrow means July 8 (Friday).  And please note the time is in eastern time."
                            }
                        ]
                    }
                ]
            }
        ],
        "reactions": [
            {
                "name": "crab",
                "users": [
                    "U0103JSQYLB"
                ],
                "count": 1
            }
        ]
    },
    {
        "user": "U02D68LLBAQ",
        "type": "message",
        "ts": "1657206180.816959",
        "client_msg_id": "2933714e-d10a-4e5a-8206-6e7efc4fdfc0",
        "text": "Hey everyone\nJust wanted let everyone know that a prep scholar tested positive for covid today and I was around them this holiday weekend. I just did a covid test and it came back negative. I feel fine but will work from home just in case i start feeling symptoms.",
        "team": "T1T85P197",
        "user_team": "T1T85P197",
        "source_team": "T1T85P197",
        "user_profile": {
            "avatar_hash": "gb96e34dee9e",
            "image_72": "https:\/\/secure.gravatar.com\/avatar\/b96e34dee9ededc7a4375e8c8aed1dec.jpg?s=72&d=https%3A%2F%2Fa.slack-edge.com%2Fdf10d%2Fimg%2Favatars%2Fava_0002-72.png",
            "first_name": "Arturo",
            "real_name": "Arturo Rosete",
            "display_name": "",
            "team": "T1T85P197",
            "name": "arrrx423",
            "is_restricted": false,
            "is_ultra_restricted": false
        },
        "blocks": [
            {
                "type": "rich_text",
                "block_id": "f=wB",
                "elements": [
                    {
                        "type": "rich_text_section",
                        "elements": [
                            {
                                "type": "text",
                                "text": "Hey everyone\nJust wanted let everyone know that a prep scholar tested positive for covid today and I was around them this holiday weekend. I just did a covid test and it came back negative. I feel fine but will work from home just in case i start feeling symptoms."
                            }
                        ]
                    }
                ]
            }
        ]
    }
]