[
    {
        "user": "U1T7R897Y",
        "type": "message",
        "ts": "1651068280.170529",
        "client_msg_id": "7359B1B0-1B53-4C24-8890-51355F1CD03A",
        "text": "Is there a zoom link for Benton's defense?",
        "team": "T1T85P197",
        "user_team": "T1T85P197",
        "source_team": "T1T85P197",
        "user_profile": {
            "avatar_hash": "c8cca50bc366",
            "image_72": "https:\/\/avatars.slack-edge.com\/2021-05-11\/2054490932018_c8cca50bc366ce61d83e_72.png",
            "first_name": "Daniel",
            "real_name": "Daniel Kick",
            "display_name": "Daniel",
            "team": "T1T85P197",
            "name": "daniel",
            "is_restricted": false,
            "is_ultra_restricted": false
        },
        "blocks": [
            {
                "type": "rich_text",
                "block_id": "zMe",
                "elements": [
                    {
                        "type": "rich_text_section",
                        "elements": [
                            {
                                "type": "text",
                                "text": "Is there a zoom link for Benton's defense?"
                            }
                        ]
                    }
                ]
            }
        ]
    },
    {
        "user": "U0103JSQYLB",
        "type": "message",
        "ts": "1651068312.975639",
        "client_msg_id": "CFBE37D8-C9FE-4261-ABDD-70F8529F7C11",
        "text": "The defense will be held in 111 Tucker Hall but there is a zoom link for persons who can’t attend in-house\n<https:\/\/umsystem.zoom.us\/j\/91242387422?pwd=ZjM0b1dBNkowa043UHJxbnM1ZzltUT09|https:\/\/umsystem.zoom.us\/j\/91242387422?pwd=ZjM0b1dBNkowa043UHJxbnM1ZzltUT09>\nMeeting ID: 912 4238 7422\nPasscode: 647254",
        "team": "T1T85P197",
        "user_team": "T1T85P197",
        "source_team": "T1T85P197",
        "user_profile": {
            "avatar_hash": "94bf4a6c3643",
            "image_72": "https:\/\/avatars.slack-edge.com\/2023-05-20\/5309607146049_94bf4a6c3643af0ab428_72.png",
            "first_name": "Joe",
            "real_name": "Joe",
            "display_name": "Joe",
            "team": "T1T85P197",
            "name": "joseviteri",
            "is_restricted": false,
            "is_ultra_restricted": false
        },
        "blocks": [
            {
                "type": "rich_text",
                "block_id": "qi6",
                "elements": [
                    {
                        "type": "rich_text_section",
                        "elements": [
                            {
                                "type": "text",
                                "text": "The defense will be held in 111 Tucker Hall but there is a zoom link for persons who can’t attend in-house\n"
                            },
                            {
                                "type": "link",
                                "url": "https:\/\/umsystem.zoom.us\/j\/91242387422?pwd=ZjM0b1dBNkowa043UHJxbnM1ZzltUT09",
                                "text": "https:\/\/umsystem.zoom.us\/j\/91242387422?pwd=ZjM0b1dBNkowa043UHJxbnM1ZzltUT09"
                            },
                            {
                                "type": "text",
                                "text": "\nMeeting ID: 912 4238 7422\nPasscode: 647254"
                            }
                        ]
                    }
                ]
            }
        ],
        "reactions": [
            {
                "name": "pray",
                "users": [
                    "U1T7R897Y"
                ],
                "count": 1
            }
        ]
    },
    {
        "user": "U0112M51KBP",
        "type": "message",
        "ts": "1651068346.744809",
        "client_msg_id": "ca52b744-4d0e-4b87-8d51-5040cfe81101",
        "text": "Yay zoom! I can't make it in person, but I will definitely try to zoom in",
        "team": "T1T85P197",
        "user_team": "T1T85P197",
        "source_team": "T1T85P197",
        "user_profile": {
            "avatar_hash": "c5aa16874fc8",
            "image_72": "https:\/\/avatars.slack-edge.com\/2022-02-14\/3104030837796_c5aa16874fc85ae836ff_72.jpg",
            "first_name": "Sierra",
            "real_name": "Sierra Nelson",
            "display_name": "Sierra Nelson",
            "team": "T1T85P197",
            "name": "sm.nelson",
            "is_restricted": false,
            "is_ultra_restricted": false
        },
        "blocks": [
            {
                "type": "rich_text",
                "block_id": "7G4=6",
                "elements": [
                    {
                        "type": "rich_text_section",
                        "elements": [
                            {
                                "type": "text",
                                "text": "Yay zoom! I can't make it in person, but I will definitely try to zoom in"
                            }
                        ]
                    }
                ]
            }
        ]
    },
    {
        "user": "U010N31RYMV",
        "type": "message",
        "ts": "1651084457.295019",
        "client_msg_id": "64730C80-BDC1-4153-A143-1EA255B8FB8D",
        "text": "Congrats, Dr. Berigan!!!! Nachos at 3:00 or so at Addison’s. ",
        "team": "T1T85P197",
        "user_team": "T1T85P197",
        "source_team": "T1T85P197",
        "user_profile": {
            "avatar_hash": "084d1d915961",
            "image_72": "https:\/\/avatars.slack-edge.com\/2021-06-11\/2162938824690_084d1d915961fd2a1fcb_72.png",
            "first_name": "",
            "real_name": "David Schulz",
            "display_name": "David Schulz",
            "team": "T1T85P197",
            "name": "schulzd",
            "is_restricted": false,
            "is_ultra_restricted": false
        },
        "blocks": [
            {
                "type": "rich_text",
                "block_id": "Ui2h",
                "elements": [
                    {
                        "type": "rich_text_section",
                        "elements": [
                            {
                                "type": "text",
                                "text": "Congrats, Dr. Berigan!!!! Nachos at 3:00 or so at Addison’s. "
                            }
                        ]
                    }
                ]
            }
        ]
    },
    {
        "user": "U028ZEAHA6S",
        "type": "message",
        "ts": "1651084493.498029",
        "client_msg_id": "CE035B53-D341-4368-B22C-CFF04CC9A727",
        "text": "Woohoo!! Congrats, Doctor!",
        "team": "T1T85P197",
        "user_team": "T1T85P197",
        "source_team": "T1T85P197",
        "user_profile": {
            "avatar_hash": "1839fba3b3db",
            "image_72": "https:\/\/avatars.slack-edge.com\/2021-07-27\/2341195265936_1839fba3b3db46348d0b_72.png",
            "first_name": "",
            "real_name": "Brian Lane",
            "display_name": "Brian Lane",
            "team": "T1T85P197",
            "name": "laneb",
            "is_restricted": false,
            "is_ultra_restricted": false
        },
        "blocks": [
            {
                "type": "rich_text",
                "block_id": "M8N",
                "elements": [
                    {
                        "type": "rich_text_section",
                        "elements": [
                            {
                                "type": "text",
                                "text": "Woohoo!! Congrats, Doctor!"
                            }
                        ]
                    }
                ]
            }
        ]
    },
    {
        "user": "U0103JSQYLB",
        "type": "message",
        "ts": "1651084511.412449",
        "client_msg_id": "F4FF28EF-7860-44A6-A16F-71EB3902D3DD",
        "text": "Congrats brosef!",
        "team": "T1T85P197",
        "user_team": "T1T85P197",
        "source_team": "T1T85P197",
        "user_profile": {
            "avatar_hash": "94bf4a6c3643",
            "image_72": "https:\/\/avatars.slack-edge.com\/2023-05-20\/5309607146049_94bf4a6c3643af0ab428_72.png",
            "first_name": "Joe",
            "real_name": "Joe",
            "display_name": "Joe",
            "team": "T1T85P197",
            "name": "joseviteri",
            "is_restricted": false,
            "is_ultra_restricted": false
        },
        "blocks": [
            {
                "type": "rich_text",
                "block_id": "P+C+",
                "elements": [
                    {
                        "type": "rich_text_section",
                        "elements": [
                            {
                                "type": "text",
                                "text": "Congrats brosef!"
                            }
                        ]
                    }
                ]
            }
        ]
    },
    {
        "user": "U1T7R897Y",
        "type": "message",
        "ts": "1651085342.049879",
        "client_msg_id": "C542523A-7E47-4469-B0A6-FB2842F99675",
        "text": "Congratulations Doctor!",
        "team": "T1T85P197",
        "user_team": "T1T85P197",
        "source_team": "T1T85P197",
        "user_profile": {
            "avatar_hash": "c8cca50bc366",
            "image_72": "https:\/\/avatars.slack-edge.com\/2021-05-11\/2054490932018_c8cca50bc366ce61d83e_72.png",
            "first_name": "Daniel",
            "real_name": "Daniel Kick",
            "display_name": "Daniel",
            "team": "T1T85P197",
            "name": "daniel",
            "is_restricted": false,
            "is_ultra_restricted": false
        },
        "blocks": [
            {
                "type": "rich_text",
                "block_id": "Y6A=X",
                "elements": [
                    {
                        "type": "rich_text_section",
                        "elements": [
                            {
                                "type": "text",
                                "text": "Congratulations Doctor!"
                            }
                        ]
                    }
                ]
            }
        ]
    },
    {
        "user": "U0112A19YFN",
        "type": "message",
        "ts": "1651085456.107999",
        "client_msg_id": "022E2B1B-56C5-4822-AA61-B8A480FAD52F",
        "text": "He'll yeah! Congratulations Dr. Berigan!!!:tada::confetti_ball:",
        "team": "T1T85P197",
        "user_team": "T1T85P197",
        "source_team": "T1T85P197",
        "user_profile": {
            "avatar_hash": "82931094ef90",
            "image_72": "https:\/\/avatars.slack-edge.com\/2022-06-17\/3708168624352_82931094ef904079310a_72.jpg",
            "first_name": "",
            "real_name": "Sherryl",
            "display_name": "Sherryl",
            "team": "T1T85P197",
            "name": "sherryl.henderson",
            "is_restricted": false,
            "is_ultra_restricted": false
        },
        "blocks": [
            {
                "type": "rich_text",
                "block_id": "Bbf7",
                "elements": [
                    {
                        "type": "rich_text_section",
                        "elements": [
                            {
                                "type": "text",
                                "text": "He'll yeah! Congratulations Dr. Berigan!!!"
                            },
                            {
                                "type": "emoji",
                                "name": "tada",
                                "unicode": "1f389"
                            },
                            {
                                "type": "emoji",
                                "name": "confetti_ball",
                                "unicode": "1f38a"
                            }
                        ]
                    }
                ]
            }
        ]
    },
    {
        "user": "U010N31RYMV",
        "type": "message",
        "ts": "1651086469.981379",
        "client_msg_id": "bb52cc8a-1bef-4a93-8e02-975daa4aabd4",
        "text": "I plan to leave the hallowed halls of Tucker Hall at 3:00 to walk to Addison's.  If anyone is in Tucker Lab at that time I'll swing by and see if you want to walk with me.  Otherwise I will see you there around 3:15 or so.",
        "team": "T1T85P197",
        "user_team": "T1T85P197",
        "source_team": "T1T85P197",
        "user_profile": {
            "avatar_hash": "084d1d915961",
            "image_72": "https:\/\/avatars.slack-edge.com\/2021-06-11\/2162938824690_084d1d915961fd2a1fcb_72.png",
            "first_name": "",
            "real_name": "David Schulz",
            "display_name": "David Schulz",
            "team": "T1T85P197",
            "name": "schulzd",
            "is_restricted": false,
            "is_ultra_restricted": false
        },
        "blocks": [
            {
                "type": "rich_text",
                "block_id": "5eF2",
                "elements": [
                    {
                        "type": "rich_text_section",
                        "elements": [
                            {
                                "type": "text",
                                "text": "I plan to leave the hallowed halls of Tucker Hall at 3:00 to walk to Addison's.  If anyone is in Tucker Lab at that time I'll swing by and see if you want to walk with me.  Otherwise I will see you there around 3:15 or so."
                            }
                        ]
                    }
                ]
            }
        ]
    },
    {
        "user": "U028ZEAHA6S",
        "type": "message",
        "ts": "1651086502.776639",
        "client_msg_id": "a59ac525-e1e7-4a94-8491-4a2836fcb1af",
        "text": "I’ll meet you all at Addison’s",
        "team": "T1T85P197",
        "user_team": "T1T85P197",
        "source_team": "T1T85P197",
        "user_profile": {
            "avatar_hash": "1839fba3b3db",
            "image_72": "https:\/\/avatars.slack-edge.com\/2021-07-27\/2341195265936_1839fba3b3db46348d0b_72.png",
            "first_name": "",
            "real_name": "Brian Lane",
            "display_name": "Brian Lane",
            "team": "T1T85P197",
            "name": "laneb",
            "is_restricted": false,
            "is_ultra_restricted": false
        },
        "blocks": [
            {
                "type": "rich_text",
                "block_id": "C2YQH",
                "elements": [
                    {
                        "type": "rich_text_section",
                        "elements": [
                            {
                                "type": "text",
                                "text": "I’ll meet you all at Addison’s"
                            }
                        ]
                    }
                ]
            }
        ]
    },
    {
        "user": "U0103JSQYLB",
        "type": "message",
        "ts": "1651086554.198199",
        "client_msg_id": "14E5BE96-9234-4A07-9ACE-6B1C9B012861",
        "text": "Ahhh cool Dave ",
        "team": "T1T85P197",
        "user_team": "T1T85P197",
        "source_team": "T1T85P197",
        "user_profile": {
            "avatar_hash": "94bf4a6c3643",
            "image_72": "https:\/\/avatars.slack-edge.com\/2023-05-20\/5309607146049_94bf4a6c3643af0ab428_72.png",
            "first_name": "Joe",
            "real_name": "Joe",
            "display_name": "Joe",
            "team": "T1T85P197",
            "name": "joseviteri",
            "is_restricted": false,
            "is_ultra_restricted": false
        },
        "blocks": [
            {
                "type": "rich_text",
                "block_id": "2k5M",
                "elements": [
                    {
                        "type": "rich_text_section",
                        "elements": [
                            {
                                "type": "text",
                                "text": "Ahhh cool Dave "
                            }
                        ]
                    }
                ]
            }
        ]
    },
    {
        "user": "U0103JSQYLB",
        "type": "message",
        "ts": "1651086580.411399",
        "client_msg_id": "103F4A6D-1772-458B-95FF-77419BFD7429",
        "text": "Benton and I were gonna walk from lefevre. If you wanna pick me \/ us up on your way there ",
        "team": "T1T85P197",
        "user_team": "T1T85P197",
        "source_team": "T1T85P197",
        "user_profile": {
            "avatar_hash": "94bf4a6c3643",
            "image_72": "https:\/\/avatars.slack-edge.com\/2023-05-20\/5309607146049_94bf4a6c3643af0ab428_72.png",
            "first_name": "Joe",
            "real_name": "Joe",
            "display_name": "Joe",
            "team": "T1T85P197",
            "name": "joseviteri",
            "is_restricted": false,
            "is_ultra_restricted": false
        },
        "blocks": [
            {
                "type": "rich_text",
                "block_id": "wlMNd",
                "elements": [
                    {
                        "type": "rich_text_section",
                        "elements": [
                            {
                                "type": "text",
                                "text": "Benton and I were gonna walk from lefevre. If you wanna pick me \/ us up on your way there "
                            }
                        ]
                    }
                ]
            }
        ]
    },
    {
        "user": "U0103JSQYLB",
        "type": "message",
        "ts": "1651086590.280549",
        "client_msg_id": "FEB22D34-D807-4C8B-8338-BDD5968DDA49",
        "text": "Or I can just go to tucker I don't care ",
        "team": "T1T85P197",
        "user_team": "T1T85P197",
        "source_team": "T1T85P197",
        "user_profile": {
            "avatar_hash": "94bf4a6c3643",
            "image_72": "https:\/\/avatars.slack-edge.com\/2023-05-20\/5309607146049_94bf4a6c3643af0ab428_72.png",
            "first_name": "Joe",
            "real_name": "Joe",
            "display_name": "Joe",
            "team": "T1T85P197",
            "name": "joseviteri",
            "is_restricted": false,
            "is_ultra_restricted": false
        },
        "blocks": [
            {
                "type": "rich_text",
                "block_id": "6fcCh",
                "elements": [
                    {
                        "type": "rich_text_section",
                        "elements": [
                            {
                                "type": "text",
                                "text": "Or I can just go to tucker I don't care "
                            }
                        ]
                    }
                ]
            }
        ]
    },
    {
        "user": "U010N31RYMV",
        "type": "message",
        "ts": "1651086863.970359",
        "client_msg_id": "79b93255-f9bb-4215-b4ac-b19be4554f0c",
        "text": "New plan.  Meet you all there whenever you get there. I am headed out for now and will just converge on Addison's.",
        "team": "T1T85P197",
        "user_team": "T1T85P197",
        "source_team": "T1T85P197",
        "user_profile": {
            "avatar_hash": "084d1d915961",
            "image_72": "https:\/\/avatars.slack-edge.com\/2021-06-11\/2162938824690_084d1d915961fd2a1fcb_72.png",
            "first_name": "",
            "real_name": "David Schulz",
            "display_name": "David Schulz",
            "team": "T1T85P197",
            "name": "schulzd",
            "is_restricted": false,
            "is_ultra_restricted": false
        },
        "blocks": [
            {
                "type": "rich_text",
                "block_id": "w2K",
                "elements": [
                    {
                        "type": "rich_text_section",
                        "elements": [
                            {
                                "type": "text",
                                "text": "New plan.  Meet you all there whenever you get there. I am headed out for now and will just converge on Addison's."
                            }
                        ]
                    }
                ]
            }
        ]
    },
    {
        "user": "U019K98069M",
        "type": "message",
        "ts": "1651087451.758899",
        "client_msg_id": "d3f7434f-d106-4c72-a6f1-7c0909f04874",
        "text": "I unfortunately can’t make it to Addison’s to celebrate, but congratulations Dr. Berigan!!!! Your defense was amazing today!",
        "team": "T1T85P197",
        "user_team": "T1T85P197",
        "source_team": "T1T85P197",
        "user_profile": {
            "avatar_hash": "gc198dc8be4d",
            "image_72": "https:\/\/secure.gravatar.com\/avatar\/c198dc8be4d4e68001e5160355fcbd47.jpg?s=72&d=https%3A%2F%2Fa.slack-edge.com%2Fdf10d%2Fimg%2Favatars%2Fava_0009-72.png",
            "first_name": "",
            "real_name": "Cameron Duello",
            "display_name": "Cameron Duello",
            "team": "T1T85P197",
            "name": "cqd7p5",
            "is_restricted": false,
            "is_ultra_restricted": false
        },
        "blocks": [
            {
                "type": "rich_text",
                "block_id": "g0VO",
                "elements": [
                    {
                        "type": "rich_text_section",
                        "elements": [
                            {
                                "type": "text",
                                "text": "I unfortunately can’t make it to Addison’s to celebrate, but congratulations Dr. Berigan!!!! Your defense was amazing today!"
                            }
                        ]
                    }
                ]
            }
        ]
    },
    {
        "user": "U0112M51KBP",
        "type": "message",
        "ts": "1651092728.085959",
        "client_msg_id": "d4c81ba2-f0fd-43d4-8042-39f337cd1c61",
        "text": "Are people still at Addisons?",
        "team": "T1T85P197",
        "user_team": "T1T85P197",
        "source_team": "T1T85P197",
        "user_profile": {
            "avatar_hash": "c5aa16874fc8",
            "image_72": "https:\/\/avatars.slack-edge.com\/2022-02-14\/3104030837796_c5aa16874fc85ae836ff_72.jpg",
            "first_name": "Sierra",
            "real_name": "Sierra Nelson",
            "display_name": "Sierra Nelson",
            "team": "T1T85P197",
            "name": "sm.nelson",
            "is_restricted": false,
            "is_ultra_restricted": false
        },
        "blocks": [
            {
                "type": "rich_text",
                "block_id": "dBS",
                "elements": [
                    {
                        "type": "rich_text_section",
                        "elements": [
                            {
                                "type": "text",
                                "text": "Are people still at Addisons?"
                            }
                        ]
                    }
                ]
            }
        ]
    },
    {
        "user": "U0103JSQYLB",
        "type": "message",
        "ts": "1651092748.833529",
        "client_msg_id": "44A6FFE9-1D8E-46BC-BB12-B523D763C00F",
        "text": "Yes",
        "team": "T1T85P197",
        "user_team": "T1T85P197",
        "source_team": "T1T85P197",
        "user_profile": {
            "avatar_hash": "94bf4a6c3643",
            "image_72": "https:\/\/avatars.slack-edge.com\/2023-05-20\/5309607146049_94bf4a6c3643af0ab428_72.png",
            "first_name": "Joe",
            "real_name": "Joe",
            "display_name": "Joe",
            "team": "T1T85P197",
            "name": "joseviteri",
            "is_restricted": false,
            "is_ultra_restricted": false
        },
        "blocks": [
            {
                "type": "rich_text",
                "block_id": "y3K",
                "elements": [
                    {
                        "type": "rich_text_section",
                        "elements": [
                            {
                                "type": "text",
                                "text": "Yes"
                            }
                        ]
                    }
                ]
            }
        ]
    },
    {
        "user": "U010N31RYMV",
        "type": "message",
        "ts": "1651092989.174179",
        "client_msg_id": "D27610E2-3867-4BA1-A24A-05DEFFF73E22",
        "text": "I'll be here for at least an hour til 5:00. ",
        "team": "T1T85P197",
        "user_team": "T1T85P197",
        "source_team": "T1T85P197",
        "user_profile": {
            "avatar_hash": "084d1d915961",
            "image_72": "https:\/\/avatars.slack-edge.com\/2021-06-11\/2162938824690_084d1d915961fd2a1fcb_72.png",
            "first_name": "",
            "real_name": "David Schulz",
            "display_name": "David Schulz",
            "team": "T1T85P197",
            "name": "schulzd",
            "is_restricted": false,
            "is_ultra_restricted": false
        },
        "blocks": [
            {
                "type": "rich_text",
                "block_id": "DYf",
                "elements": [
                    {
                        "type": "rich_text_section",
                        "elements": [
                            {
                                "type": "text",
                                "text": "I'll be here for at least an hour til 5:00. "
                            }
                        ]
                    }
                ]
            }
        ],
        "reactions": [
            {
                "name": "+1::skin-tone-4",
                "users": [
                    "U0112M51KBP"
                ],
                "count": 1
            }
        ]
    }
]