[
    {
        "user": "U028ZEAHA6S",
        "type": "message",
        "ts": "1668039425.142989",
        "edited": {
            "user": "U028ZEAHA6S",
            "ts": "1668039683.000000"
        },
        "client_msg_id": "82158e61-2b30-4bd6-a3bc-72bc3d7adaba",
        "text": "If anybody is going to be around SfN next Wednesday the 16th for the morning session, you could stop by Dan Leman's poster.  I might be a little biased here (I'm 2nd author), but I think it's cool stuff for those with an interest in homeostatic regulation of neuronal activity. After prolonged sensory deprivation, the firing rates of individual visual cortical neurons crash then gradually return to their initial firing rate, which can be thought of as its \"firing rate set point\". Dan is teasing the idea that the firing rate set point might not be a permanent intrinsic property of the cell, but rather can be changed if the perturbation that changed their activity is a highly salient learning experience (in this case, learning to hunt crickets). If you're interested but you will be gone by then I could show you a copy. Here's a link to the SfN abstract <https:\/\/www.abstractsonline.com\/pp8\/#!\/10619\/presentation\/72969>",
        "team": "T1T85P197",
        "user_team": "T1T85P197",
        "source_team": "T1T85P197",
        "user_profile": {
            "avatar_hash": "1839fba3b3db",
            "image_72": "https:\/\/avatars.slack-edge.com\/2021-07-27\/2341195265936_1839fba3b3db46348d0b_72.png",
            "first_name": "",
            "real_name": "Brian Lane",
            "display_name": "Brian Lane",
            "team": "T1T85P197",
            "name": "laneb",
            "is_restricted": false,
            "is_ultra_restricted": false
        },
        "blocks": [
            {
                "type": "rich_text",
                "block_id": "Giu3w",
                "elements": [
                    {
                        "type": "rich_text_section",
                        "elements": [
                            {
                                "type": "text",
                                "text": "If anybody is going to be around SfN next Wednesday the 16th for the morning session, you could stop by Dan Leman's poster.  I might be a little biased here (I'm 2nd author), but I think it's cool stuff for those with an interest in homeostatic regulation of neuronal activity. After prolonged sensory deprivation, the firing rates of individual visual cortical neurons crash then gradually return to their initial firing rate, which can be thought of as its \"firing rate set point\". Dan is teasing the idea that the firing rate set point might not be a permanent intrinsic property of the cell, but rather can be changed if the perturbation that changed their activity is a highly salient learning experience (in this case, learning to hunt crickets). If you're interested but you will be gone by then I could show you a copy. Here's a link to the SfN abstract "
                            },
                            {
                                "type": "link",
                                "url": "https:\/\/www.abstractsonline.com\/pp8\/#!\/10619\/presentation\/72969"
                            }
                        ]
                    }
                ]
            }
        ]
    },
    {
        "user": "U028ZEAHA6S",
        "type": "message",
        "ts": "1668039527.973579",
        "edited": {
            "user": "U028ZEAHA6S",
            "ts": "1668039565.000000"
        },
        "client_msg_id": "fa5ebda4-33be-4881-8a40-96b74dd2400b",
        "text": "Either way, for those who think about homeostasis, we often think that there's a single ideal target for how a given variable should be regulated. I think the idea that experience might change the target to a new value\/range is pretty cool.",
        "team": "T1T85P197",
        "user_team": "T1T85P197",
        "source_team": "T1T85P197",
        "user_profile": {
            "avatar_hash": "1839fba3b3db",
            "image_72": "https:\/\/avatars.slack-edge.com\/2021-07-27\/2341195265936_1839fba3b3db46348d0b_72.png",
            "first_name": "",
            "real_name": "Brian Lane",
            "display_name": "Brian Lane",
            "team": "T1T85P197",
            "name": "laneb",
            "is_restricted": false,
            "is_ultra_restricted": false
        },
        "blocks": [
            {
                "type": "rich_text",
                "block_id": "r=K",
                "elements": [
                    {
                        "type": "rich_text_section",
                        "elements": [
                            {
                                "type": "text",
                                "text": "Either way, for those who think about homeostasis, we often think that there's a single ideal target for how a given variable should be regulated. I think the idea that experience might change the target to a new value\/range is pretty cool."
                            }
                        ]
                    }
                ]
            }
        ]
    }
]