[
    {
        "user": "U010N31RYMV",
        "type": "message",
        "ts": "1643123629.027500",
        "client_msg_id": "f7bca8eb-c49f-4448-a3e4-14cba61fb270",
        "text": "Good morning, everyone. We have one more candidate to talk with today, Jordan Headen:\n\n*TUESDAY, JANUARY 25* from 11:30am – 12:00pm    Jordan Headen\n<https:\/\/umsystem.zoom.us\/j\/93280688333>",
        "team": "T1T85P197",
        "user_team": "T1T85P197",
        "source_team": "T1T85P197",
        "user_profile": {
            "avatar_hash": "084d1d915961",
            "image_72": "https:\/\/avatars.slack-edge.com\/2021-06-11\/2162938824690_084d1d915961fd2a1fcb_72.png",
            "first_name": "",
            "real_name": "David Schulz",
            "display_name": "David Schulz",
            "team": "T1T85P197",
            "name": "schulzd",
            "is_restricted": false,
            "is_ultra_restricted": false
        },
        "blocks": [
            {
                "type": "rich_text",
                "block_id": "FhHUP",
                "elements": [
                    {
                        "type": "rich_text_section",
                        "elements": [
                            {
                                "type": "text",
                                "text": "Good morning, everyone. We have one more candidate to talk with today, Jordan Headen:\n\n"
                            },
                            {
                                "type": "text",
                                "text": "TUESDAY, JANUARY 25 ",
                                "style": {
                                    "bold": true
                                }
                            },
                            {
                                "type": "text",
                                "text": "from 11:30am – 12:00pm    Jordan Headen\n"
                            },
                            {
                                "type": "link",
                                "url": "https:\/\/umsystem.zoom.us\/j\/93280688333"
                            }
                        ]
                    }
                ]
            }
        ]
    },
    {
        "text": "I would say of the students I have asked you to talk with, I am most interested in your impressions of Jordan. She also provided a resume\/CV so that you would know a little about her background. It is attached here.",
        "files": [
            {
                "id": "F03062UEEA0",
                "created": 1643123740,
                "timestamp": 1643123740,
                "name": "Headen_Jordan Resume 2021.pdf",
                "title": "Headen_Jordan Resume 2021.pdf",
                "mimetype": "application\/pdf",
                "filetype": "pdf",
                "pretty_type": "PDF",
                "user": "U010N31RYMV",
                "user_team": "T1T85P197",
                "editable": false,
                "size": 39973,
                "mode": "hosted",
                "is_external": false,
                "external_type": "",
                "is_public": true,
                "public_url_shared": false,
                "display_as_bot": false,
                "username": "",
                "url_private": "https:\/\/files.slack.com\/files-pri\/T1T85P197-F03062UEEA0\/headen_jordan_resume_2021.pdf?t=xoxe-61277783313-6938219705459-6931704589846-f9456fee8056b431d8cc920b3927c14d",
                "url_private_download": "https:\/\/files.slack.com\/files-pri\/T1T85P197-F03062UEEA0\/download\/headen_jordan_resume_2021.pdf?t=xoxe-61277783313-6938219705459-6931704589846-f9456fee8056b431d8cc920b3927c14d",
                "media_display_type": "unknown",
                "thumb_pdf": "https:\/\/files.slack.com\/files-tmb\/T1T85P197-F03062UEEA0-efa1d68551\/headen_jordan_resume_2021_thumb_pdf.png?t=xoxe-61277783313-6938219705459-6931704589846-f9456fee8056b431d8cc920b3927c14d",
                "thumb_pdf_w": 935,
                "thumb_pdf_h": 1210,
                "permalink": "https:\/\/schulzlab.slack.com\/files\/U010N31RYMV\/F03062UEEA0\/headen_jordan_resume_2021.pdf",
                "permalink_public": "https:\/\/slack-files.com\/T1T85P197-F03062UEEA0-150e12eeed",
                "is_starred": false,
                "has_rich_preview": false,
                "file_access": "visible"
            }
        ],
        "upload": false,
        "user": "U010N31RYMV",
        "display_as_bot": false,
        "blocks": [
            {
                "type": "rich_text",
                "block_id": "+2aQ",
                "elements": [
                    {
                        "type": "rich_text_section",
                        "elements": [
                            {
                                "type": "text",
                                "text": "I would say of the students I have asked you to talk with, I am most interested in your impressions of Jordan. She also provided a resume\/CV so that you would know a little about her background. It is attached here."
                            }
                        ]
                    }
                ]
            }
        ],
        "type": "message",
        "ts": "1643123772.028600",
        "client_msg_id": "da4ee9d1-4442-44d5-8e1a-9d5af6e2928a"
    },
    {
        "user": "U0103JSQYLB",
        "type": "message",
        "ts": "1643123858.028900",
        "client_msg_id": "A8F51DB9-9FF1-404B-9EB0-B36540694A87",
        "text": "She's a mouse person ",
        "team": "T1T85P197",
        "user_team": "T1T85P197",
        "source_team": "T1T85P197",
        "user_profile": {
            "avatar_hash": "94bf4a6c3643",
            "image_72": "https:\/\/avatars.slack-edge.com\/2023-05-20\/5309607146049_94bf4a6c3643af0ab428_72.png",
            "first_name": "Joe",
            "real_name": "Joe",
            "display_name": "Joe",
            "team": "T1T85P197",
            "name": "joseviteri",
            "is_restricted": false,
            "is_ultra_restricted": false
        },
        "blocks": [
            {
                "type": "rich_text",
                "block_id": "qtQc",
                "elements": [
                    {
                        "type": "rich_text_section",
                        "elements": [
                            {
                                "type": "text",
                                "text": "She's a mouse person "
                            }
                        ]
                    }
                ]
            }
        ]
    },
    {
        "user": "U010N31RYMV",
        "type": "message",
        "ts": "1643123994.031000",
        "client_msg_id": "7a0fca57-104b-4dff-a26d-ea5035ce3823",
        "text": "I believe her initial interest is in this area. However, graduate school is a journey of self-discovery.  Just ask Adam.  Here is what Jordan described her interests to me as in an email exchange we had:\n\n\"I am greatly interested in immunology and neuroscience research. This past year I was able to do undergraduate research in a lab that studied neuroscience in relation to the immune system. We used mice as our model system and I was able to become familiar with murine dissections and cell cultures. This research greatly improved my confidence in lab settings and has made me passionate about gaining more research experience.\"\n\nShe also is having some internal debate as to whether to pursue a M.S. with an option to continue, or enter a PhD program directly. I believe we could be amenable to either.",
        "team": "T1T85P197",
        "user_team": "T1T85P197",
        "source_team": "T1T85P197",
        "user_profile": {
            "avatar_hash": "084d1d915961",
            "image_72": "https:\/\/avatars.slack-edge.com\/2021-06-11\/2162938824690_084d1d915961fd2a1fcb_72.png",
            "first_name": "",
            "real_name": "David Schulz",
            "display_name": "David Schulz",
            "team": "T1T85P197",
            "name": "schulzd",
            "is_restricted": false,
            "is_ultra_restricted": false
        },
        "blocks": [
            {
                "type": "rich_text",
                "block_id": "exl",
                "elements": [
                    {
                        "type": "rich_text_section",
                        "elements": [
                            {
                                "type": "text",
                                "text": "I believe her initial interest is in this area. However, graduate school is a journey of self-discovery.  Just ask Adam.  Here is what Jordan described her interests to me as in an email exchange we had:\n\n\"I am greatly interested in immunology and neuroscience research. This past year I was able to do undergraduate research in a lab that studied neuroscience in relation to the immune system. We used mice as our model system and I was able to become familiar with murine dissections and cell cultures. This research greatly improved my confidence in lab settings and has made me passionate about gaining more research experience.\"\n\nShe also is having some internal debate as to whether to pursue a M.S. with an option to continue, or enter a PhD program directly. I believe we could be amenable to either."
                            }
                        ]
                    }
                ]
            }
        ]
    },
    {
        "user": "U010N31RYMV",
        "type": "message",
        "ts": "1643124071.032400",
        "client_msg_id": "7be46285-4477-4971-916b-3e97b795d663",
        "text": "[why I bring up Adam - he joined the lab with a fairly strong interest in doing mouse autonomic circuit work with a strong emphasis in electrophysiology, and his thesis ended up being almost entirely crab molecular biology. When he got to know the system and the questions, he felt very drawn to making a big shift.]",
        "team": "T1T85P197",
        "user_team": "T1T85P197",
        "source_team": "T1T85P197",
        "user_profile": {
            "avatar_hash": "084d1d915961",
            "image_72": "https:\/\/avatars.slack-edge.com\/2021-06-11\/2162938824690_084d1d915961fd2a1fcb_72.png",
            "first_name": "",
            "real_name": "David Schulz",
            "display_name": "David Schulz",
            "team": "T1T85P197",
            "name": "schulzd",
            "is_restricted": false,
            "is_ultra_restricted": false
        },
        "blocks": [
            {
                "type": "rich_text",
                "block_id": "MhQ",
                "elements": [
                    {
                        "type": "rich_text_section",
                        "elements": [
                            {
                                "type": "text",
                                "text": "[why I bring up Adam - he joined the lab with a fairly strong interest in doing mouse autonomic circuit work with a strong emphasis in electrophysiology, and his thesis ended up being almost entirely crab molecular biology. When he got to know the system and the questions, he felt very drawn to making a big shift.]"
                            }
                        ]
                    }
                ]
            }
        ]
    },
    {
        "user": "U0103JSQYLB",
        "type": "message",
        "ts": "1643124301.032600",
        "client_msg_id": "DEEEFC57-AF3C-4399-8E24-4C6BC9BE5B7E",
        "text": "True",
        "team": "T1T85P197",
        "user_team": "T1T85P197",
        "source_team": "T1T85P197",
        "user_profile": {
            "avatar_hash": "94bf4a6c3643",
            "image_72": "https:\/\/avatars.slack-edge.com\/2023-05-20\/5309607146049_94bf4a6c3643af0ab428_72.png",
            "first_name": "Joe",
            "real_name": "Joe",
            "display_name": "Joe",
            "team": "T1T85P197",
            "name": "joseviteri",
            "is_restricted": false,
            "is_ultra_restricted": false
        },
        "blocks": [
            {
                "type": "rich_text",
                "block_id": "YyCom",
                "elements": [
                    {
                        "type": "rich_text_section",
                        "elements": [
                            {
                                "type": "text",
                                "text": "True"
                            }
                        ]
                    }
                ]
            }
        ]
    },
    {
        "user": "U010N31RYMV",
        "type": "message",
        "ts": "1643132338.033100",
        "client_msg_id": "3d051c5d-c29f-4ca5-a1cc-c9b2279b7845",
        "text": "You all are the best. Thanks for taking time to talk to these folks.  Always so proud to be able to see you all together and hear about the great work you're doing.",
        "team": "T1T85P197",
        "user_team": "T1T85P197",
        "source_team": "T1T85P197",
        "user_profile": {
            "avatar_hash": "084d1d915961",
            "image_72": "https:\/\/avatars.slack-edge.com\/2021-06-11\/2162938824690_084d1d915961fd2a1fcb_72.png",
            "first_name": "",
            "real_name": "David Schulz",
            "display_name": "David Schulz",
            "team": "T1T85P197",
            "name": "schulzd",
            "is_restricted": false,
            "is_ultra_restricted": false
        },
        "blocks": [
            {
                "type": "rich_text",
                "block_id": "MqrJ9",
                "elements": [
                    {
                        "type": "rich_text_section",
                        "elements": [
                            {
                                "type": "text",
                                "text": "You all are the best. Thanks for taking time to talk to these folks.  Always so proud to be able to see you all together and hear about the great work you're doing."
                            }
                        ]
                    }
                ]
            }
        ]
    },
    {
        "user": "U010N31RYMV",
        "type": "message",
        "ts": "1643145952.034900",
        "client_msg_id": "04cbf1db-b824-4677-9cb0-4ad36f05b18f",
        "text": "If you're going to the BioLunch to follow up with our prospective students (HAPPENING NOW AT 3:30), please be sure to try to touch base with *Ryan Dannemiller*.  I just enjoyed my conversation with her very much as well.\n\nBiolunch – Meeting with Current Mizzou Biology Graduate Students\nZoom Link:\n<https:\/\/umsystem.zoom.us\/j\/95299363839?pwd=K2NwMkVKM1FpZEhFOGVzTjBPc0Nrdz09>\nMeeting ID: 952 9936 3839\nPasscode: 866407",
        "team": "T1T85P197",
        "user_team": "T1T85P197",
        "source_team": "T1T85P197",
        "user_profile": {
            "avatar_hash": "084d1d915961",
            "image_72": "https:\/\/avatars.slack-edge.com\/2021-06-11\/2162938824690_084d1d915961fd2a1fcb_72.png",
            "first_name": "",
            "real_name": "David Schulz",
            "display_name": "David Schulz",
            "team": "T1T85P197",
            "name": "schulzd",
            "is_restricted": false,
            "is_ultra_restricted": false
        },
        "attachments": [
            {
                "id": 1,
                "blocks": [
                    {
                        "type": "call",
                        "call_id": "R02V5F5THNK",
                        "block_id": "JDa4u",
                        "api_decoration_available": false,
                        "call": {
                            "v1": {
                                "id": "R02V5F5THNK",
                                "app_id": "A5GE9BMQC",
                                "app_icon_urls": {
                                    "image_32": "https:\/\/slack-files2.s3-us-west-2.amazonaws.com\/avatars\/2017-09-21\/245295805989_06e77af1bfb8e3c81d4d_32.png",
                                    "image_36": "https:\/\/slack-files2.s3-us-west-2.amazonaws.com\/avatars\/2017-09-21\/245295805989_06e77af1bfb8e3c81d4d_36.png",
                                    "image_48": "https:\/\/slack-files2.s3-us-west-2.amazonaws.com\/avatars\/2017-09-21\/245295805989_06e77af1bfb8e3c81d4d_48.png",
                                    "image_64": "https:\/\/slack-files2.s3-us-west-2.amazonaws.com\/avatars\/2017-09-21\/245295805989_06e77af1bfb8e3c81d4d_64.png",
                                    "image_72": "https:\/\/slack-files2.s3-us-west-2.amazonaws.com\/avatars\/2017-09-21\/245295805989_06e77af1bfb8e3c81d4d_72.png",
                                    "image_96": "https:\/\/slack-files2.s3-us-west-2.amazonaws.com\/avatars\/2017-09-21\/245295805989_06e77af1bfb8e3c81d4d_96.png",
                                    "image_128": "https:\/\/slack-files2.s3-us-west-2.amazonaws.com\/avatars\/2017-09-21\/245295805989_06e77af1bfb8e3c81d4d_128.png",
                                    "image_192": "https:\/\/slack-files2.s3-us-west-2.amazonaws.com\/avatars\/2017-09-21\/245295805989_06e77af1bfb8e3c81d4d_192.png",
                                    "image_512": "https:\/\/slack-files2.s3-us-west-2.amazonaws.com\/avatars\/2017-09-21\/245295805989_06e77af1bfb8e3c81d4d_512.png",
                                    "image_1024": "https:\/\/slack-files2.s3-us-west-2.amazonaws.com\/avatars\/2017-09-21\/245295805989_06e77af1bfb8e3c81d4d_1024.png"
                                },
                                "date_start": 1643145953,
                                "active_participants": [],
                                "all_participants": [],
                                "display_id": "952-9936-3839",
                                "join_url": "https:\/\/umsystem.zoom.us\/j\/95299363839?pwd=K2NwMkVKM1FpZEhFOGVzTjBPc0Nrdz09",
                                "name": "Zoom meeting",
                                "created_by": "U010KUFKU5A",
                                "date_end": 1643290295,
                                "channels": [
                                    "C1T7U1664"
                                ],
                                "is_dm_call": false,
                                "was_rejected": false,
                                "was_missed": false,
                                "was_accepted": false,
                                "has_ended": true
                            },
                            "media_backend_type": "platform_call"
                        }
                    }
                ],
                "fallback": "[no preview available]",
                "bot_id": "B0108U2K57V",
                "app_unfurl_url": "https:\/\/umsystem.zoom.us\/j\/95299363839?pwd=K2NwMkVKM1FpZEhFOGVzTjBPc0Nrdz09",
                "is_app_unfurl": true,
                "app_id": "A5GE9BMQC"
            }
        ],
        "blocks": [
            {
                "type": "rich_text",
                "block_id": "siJCb",
                "elements": [
                    {
                        "type": "rich_text_section",
                        "elements": [
                            {
                                "type": "text",
                                "text": "If you're going to the BioLunch to follow up with our prospective students (HAPPENING NOW AT 3:30), please be sure to try to touch base with "
                            },
                            {
                                "type": "text",
                                "text": "Ryan Dannemiller",
                                "style": {
                                    "bold": true
                                }
                            },
                            {
                                "type": "text",
                                "text": ".  I just enjoyed my conversation with her very much as well.\n\nBiolunch – Meeting with Current Mizzou Biology Graduate Students\nZoom Link:\n"
                            },
                            {
                                "type": "link",
                                "url": "https:\/\/umsystem.zoom.us\/j\/95299363839?pwd=K2NwMkVKM1FpZEhFOGVzTjBPc0Nrdz09"
                            },
                            {
                                "type": "text",
                                "text": "\nMeeting ID: 952 9936 3839\nPasscode: 866407"
                            }
                        ]
                    }
                ]
            }
        ]
    },
    {
        "user": "U010N31RYMV",
        "type": "message",
        "ts": "1643160198.036200",
        "client_msg_id": "4CC35F49-8946-4CF2-A417-2F39B92730ED",
        "text": "If you have thoughts on any of the candidates you met with, I'd love to hear them (privately). I may come track you down in the labs as well and chat a little. Thanks again everyone. ",
        "team": "T1T85P197",
        "user_team": "T1T85P197",
        "source_team": "T1T85P197",
        "user_profile": {
            "avatar_hash": "084d1d915961",
            "image_72": "https:\/\/avatars.slack-edge.com\/2021-06-11\/2162938824690_084d1d915961fd2a1fcb_72.png",
            "first_name": "",
            "real_name": "David Schulz",
            "display_name": "David Schulz",
            "team": "T1T85P197",
            "name": "schulzd",
            "is_restricted": false,
            "is_ultra_restricted": false
        },
        "blocks": [
            {
                "type": "rich_text",
                "block_id": "+FVm",
                "elements": [
                    {
                        "type": "rich_text_section",
                        "elements": [
                            {
                                "type": "text",
                                "text": "If you have thoughts on any of the candidates you met with, I'd love to hear them (privately). I may come track you down in the labs as well and chat a little. Thanks again everyone. "
                            }
                        ]
                    }
                ]
            }
        ]
    }
]