[
    {
        "user": "U010N31RYMV",
        "type": "message",
        "ts": "1646777814.361309",
        "client_msg_id": "b5b02608-ae2a-4c98-a8aa-c7335d4f0e07",
        "text": "FYI, we have lab guests coming!  Dan Powell will be here tomorrow evening, and Anthony Yanez (undergrad) will join us Friday evening.  I will figure stuff out with them, but please be good hosts!  Thanks!",
        "team": "T1T85P197",
        "user_team": "T1T85P197",
        "source_team": "T1T85P197",
        "user_profile": {
            "avatar_hash": "084d1d915961",
            "image_72": "https:\/\/avatars.slack-edge.com\/2021-06-11\/2162938824690_084d1d915961fd2a1fcb_72.png",
            "first_name": "",
            "real_name": "David Schulz",
            "display_name": "David Schulz",
            "team": "T1T85P197",
            "name": "schulzd",
            "is_restricted": false,
            "is_ultra_restricted": false
        },
        "blocks": [
            {
                "type": "rich_text",
                "block_id": "Bzp9",
                "elements": [
                    {
                        "type": "rich_text_section",
                        "elements": [
                            {
                                "type": "text",
                                "text": "FYI, we have lab guests coming!  Dan Powell will be here tomorrow evening, and Anthony Yanez (undergrad) will join us Friday evening.  I will figure stuff out with them, but please be good hosts!  Thanks!"
                            }
                        ]
                    }
                ]
            }
        ]
    },
    {
        "user": "U010N31RYMV",
        "type": "message",
        "ts": "1646791666.794339",
        "client_msg_id": "EE924D8E-B2A9-4407-85C6-4014CFAFD834",
        "text": "Anyone else have poor internet speed tonight? Russian cyberattack?! Mediacom blows. ",
        "team": "T1T85P197",
        "user_team": "T1T85P197",
        "source_team": "T1T85P197",
        "user_profile": {
            "avatar_hash": "084d1d915961",
            "image_72": "https:\/\/avatars.slack-edge.com\/2021-06-11\/2162938824690_084d1d915961fd2a1fcb_72.png",
            "first_name": "",
            "real_name": "David Schulz",
            "display_name": "David Schulz",
            "team": "T1T85P197",
            "name": "schulzd",
            "is_restricted": false,
            "is_ultra_restricted": false
        },
        "blocks": [
            {
                "type": "rich_text",
                "block_id": "kK4=I",
                "elements": [
                    {
                        "type": "rich_text_section",
                        "elements": [
                            {
                                "type": "text",
                                "text": "Anyone else have poor internet speed tonight? Russian cyberattack?! Mediacom blows. "
                            }
                        ]
                    }
                ]
            }
        ]
    },
    {
        "user": "U028ZEAHA6S",
        "type": "message",
        "ts": "1646791713.318259",
        "client_msg_id": "6ebba08c-c40f-444b-a20d-90696211127a",
        "text": "I have Socket, everything seems fine here",
        "team": "T1T85P197",
        "user_team": "T1T85P197",
        "source_team": "T1T85P197",
        "user_profile": {
            "avatar_hash": "1839fba3b3db",
            "image_72": "https:\/\/avatars.slack-edge.com\/2021-07-27\/2341195265936_1839fba3b3db46348d0b_72.png",
            "first_name": "",
            "real_name": "Brian Lane",
            "display_name": "Brian Lane",
            "team": "T1T85P197",
            "name": "laneb",
            "is_restricted": false,
            "is_ultra_restricted": false
        },
        "blocks": [
            {
                "type": "rich_text",
                "block_id": "4kh5V",
                "elements": [
                    {
                        "type": "rich_text_section",
                        "elements": [
                            {
                                "type": "text",
                                "text": "I have Socket, everything seems fine here"
                            }
                        ]
                    }
                ]
            }
        ]
    },
    {
        "user": "U010N31RYMV",
        "type": "message",
        "ts": "1646791728.273099",
        "client_msg_id": "A8FE8112-EFBF-4BA9-AFC2-7CCA2CDBE616",
        "text": "The Russians don't care about socket. ",
        "team": "T1T85P197",
        "user_team": "T1T85P197",
        "source_team": "T1T85P197",
        "user_profile": {
            "avatar_hash": "084d1d915961",
            "image_72": "https:\/\/avatars.slack-edge.com\/2021-06-11\/2162938824690_084d1d915961fd2a1fcb_72.png",
            "first_name": "",
            "real_name": "David Schulz",
            "display_name": "David Schulz",
            "team": "T1T85P197",
            "name": "schulzd",
            "is_restricted": false,
            "is_ultra_restricted": false
        },
        "blocks": [
            {
                "type": "rich_text",
                "block_id": "kT8n",
                "elements": [
                    {
                        "type": "rich_text_section",
                        "elements": [
                            {
                                "type": "text",
                                "text": "The Russians don't care about socket. "
                            }
                        ]
                    }
                ]
            }
        ]
    },
    {
        "user": "U028ZEAHA6S",
        "type": "message",
        "ts": "1646791765.783749",
        "client_msg_id": "e85d87bc-e32a-42d7-8907-057ceac6c42f",
        "text": "Honestly if the Russians want to take out Mediacom we should be thanking them. That company is terrible.",
        "team": "T1T85P197",
        "user_team": "T1T85P197",
        "source_team": "T1T85P197",
        "user_profile": {
            "avatar_hash": "1839fba3b3db",
            "image_72": "https:\/\/avatars.slack-edge.com\/2021-07-27\/2341195265936_1839fba3b3db46348d0b_72.png",
            "first_name": "",
            "real_name": "Brian Lane",
            "display_name": "Brian Lane",
            "team": "T1T85P197",
            "name": "laneb",
            "is_restricted": false,
            "is_ultra_restricted": false
        },
        "blocks": [
            {
                "type": "rich_text",
                "block_id": "sQI",
                "elements": [
                    {
                        "type": "rich_text_section",
                        "elements": [
                            {
                                "type": "text",
                                "text": "Honestly if the Russians want to take out Mediacom we should be thanking them. That company is terrible."
                            }
                        ]
                    }
                ]
            }
        ],
        "reactions": [
            {
                "name": "+1",
                "users": [
                    "U010N31RYMV",
                    "U1T7R897Y"
                ],
                "count": 2
            }
        ]
    },
    {
        "user": "U1T7R897Y",
        "type": "message",
        "ts": "1646791803.719819",
        "client_msg_id": "064db7d0-6fa7-492e-8369-a02572a117ff",
        "text": "I'm at a _blazing_ 12Mbps but that could just be CenturyLink.",
        "team": "T1T85P197",
        "user_team": "T1T85P197",
        "source_team": "T1T85P197",
        "user_profile": {
            "avatar_hash": "c8cca50bc366",
            "image_72": "https:\/\/avatars.slack-edge.com\/2021-05-11\/2054490932018_c8cca50bc366ce61d83e_72.png",
            "first_name": "Daniel",
            "real_name": "Daniel Kick",
            "display_name": "Daniel",
            "team": "T1T85P197",
            "name": "daniel",
            "is_restricted": false,
            "is_ultra_restricted": false
        },
        "blocks": [
            {
                "type": "rich_text",
                "block_id": "Y2zsM",
                "elements": [
                    {
                        "type": "rich_text_section",
                        "elements": [
                            {
                                "type": "text",
                                "text": "I'm at a "
                            },
                            {
                                "type": "text",
                                "text": "blazing",
                                "style": {
                                    "italic": true
                                }
                            },
                            {
                                "type": "text",
                                "text": " 12Mbps but that could just be CenturyLink."
                            }
                        ]
                    }
                ]
            }
        ]
    },
    {
        "user": "U010N31RYMV",
        "type": "message",
        "ts": "1646791851.852209",
        "client_msg_id": "4CD6FEC1-F7B0-46C6-AEDE-33B722803086",
        "text": "Maybe the phone receiver is not tightly situated on the modem, Daniel? ",
        "team": "T1T85P197",
        "user_team": "T1T85P197",
        "source_team": "T1T85P197",
        "user_profile": {
            "avatar_hash": "084d1d915961",
            "image_72": "https:\/\/avatars.slack-edge.com\/2021-06-11\/2162938824690_084d1d915961fd2a1fcb_72.png",
            "first_name": "",
            "real_name": "David Schulz",
            "display_name": "David Schulz",
            "team": "T1T85P197",
            "name": "schulzd",
            "is_restricted": false,
            "is_ultra_restricted": false
        },
        "blocks": [
            {
                "type": "rich_text",
                "block_id": "0SXnq",
                "elements": [
                    {
                        "type": "rich_text_section",
                        "elements": [
                            {
                                "type": "text",
                                "text": "Maybe the phone receiver is not tightly situated on the modem, Daniel? "
                            }
                        ]
                    }
                ]
            }
        ],
        "reactions": [
            {
                "name": "sweat_smile",
                "users": [
                    "U1T7R897Y"
                ],
                "count": 1
            }
        ]
    },
    {
        "user": "U0103JSQYLB",
        "type": "message",
        "ts": "1646791941.419909",
        "client_msg_id": "096CF894-7232-4AC8-BAE4-926A3D06C7D2",
        "text": "We need starlink ",
        "team": "T1T85P197",
        "user_team": "T1T85P197",
        "source_team": "T1T85P197",
        "user_profile": {
            "avatar_hash": "94bf4a6c3643",
            "image_72": "https:\/\/avatars.slack-edge.com\/2023-05-20\/5309607146049_94bf4a6c3643af0ab428_72.png",
            "first_name": "Joe",
            "real_name": "Joe",
            "display_name": "Joe",
            "team": "T1T85P197",
            "name": "joseviteri",
            "is_restricted": false,
            "is_ultra_restricted": false
        },
        "blocks": [
            {
                "type": "rich_text",
                "block_id": "8EDz",
                "elements": [
                    {
                        "type": "rich_text_section",
                        "elements": [
                            {
                                "type": "text",
                                "text": "We need starlink "
                            }
                        ]
                    }
                ]
            }
        ]
    }
]