[
    {
        "text": "Arturo is bringing the heat ",
        "files": [
            {
                "id": "F04A8HMCYGP",
                "created": 1668285693,
                "timestamp": 1668285693,
                "name": "IMG_7342.jpg",
                "title": "IMG_7342",
                "mimetype": "image\/jpeg",
                "filetype": "jpg",
                "pretty_type": "JPEG",
                "user": "U0103JSQYLB",
                "user_team": "T1T85P197",
                "editable": false,
                "size": 2074320,
                "mode": "hosted",
                "is_external": false,
                "external_type": "",
                "is_public": true,
                "public_url_shared": false,
                "display_as_bot": false,
                "username": "",
                "url_private": "https:\/\/files.slack.com\/files-pri\/T1T85P197-F04A8HMCYGP\/img_7342.jpg?t=xoxe-61277783313-6938219705459-6931704589846-f9456fee8056b431d8cc920b3927c14d",
                "url_private_download": "https:\/\/files.slack.com\/files-pri\/T1T85P197-F04A8HMCYGP\/download\/img_7342.jpg?t=xoxe-61277783313-6938219705459-6931704589846-f9456fee8056b431d8cc920b3927c14d",
                "media_display_type": "unknown",
                "thumb_64": "https:\/\/files.slack.com\/files-tmb\/T1T85P197-F04A8HMCYGP-d1acdc82bf\/img_7342_64.jpg?t=xoxe-61277783313-6938219705459-6931704589846-f9456fee8056b431d8cc920b3927c14d",
                "thumb_80": "https:\/\/files.slack.com\/files-tmb\/T1T85P197-F04A8HMCYGP-d1acdc82bf\/img_7342_80.jpg?t=xoxe-61277783313-6938219705459-6931704589846-f9456fee8056b431d8cc920b3927c14d",
                "thumb_360": "https:\/\/files.slack.com\/files-tmb\/T1T85P197-F04A8HMCYGP-d1acdc82bf\/img_7342_360.jpg?t=xoxe-61277783313-6938219705459-6931704589846-f9456fee8056b431d8cc920b3927c14d",
                "thumb_360_w": 360,
                "thumb_360_h": 270,
                "thumb_480": "https:\/\/files.slack.com\/files-tmb\/T1T85P197-F04A8HMCYGP-d1acdc82bf\/img_7342_480.jpg?t=xoxe-61277783313-6938219705459-6931704589846-f9456fee8056b431d8cc920b3927c14d",
                "thumb_480_w": 480,
                "thumb_480_h": 360,
                "thumb_160": "https:\/\/files.slack.com\/files-tmb\/T1T85P197-F04A8HMCYGP-d1acdc82bf\/img_7342_160.jpg?t=xoxe-61277783313-6938219705459-6931704589846-f9456fee8056b431d8cc920b3927c14d",
                "thumb_720": "https:\/\/files.slack.com\/files-tmb\/T1T85P197-F04A8HMCYGP-d1acdc82bf\/img_7342_720.jpg?t=xoxe-61277783313-6938219705459-6931704589846-f9456fee8056b431d8cc920b3927c14d",
                "thumb_720_w": 720,
                "thumb_720_h": 540,
                "thumb_800": "https:\/\/files.slack.com\/files-tmb\/T1T85P197-F04A8HMCYGP-d1acdc82bf\/img_7342_800.jpg?t=xoxe-61277783313-6938219705459-6931704589846-f9456fee8056b431d8cc920b3927c14d",
                "thumb_800_w": 800,
                "thumb_800_h": 600,
                "thumb_960": "https:\/\/files.slack.com\/files-tmb\/T1T85P197-F04A8HMCYGP-d1acdc82bf\/img_7342_960.jpg?t=xoxe-61277783313-6938219705459-6931704589846-f9456fee8056b431d8cc920b3927c14d",
                "thumb_960_w": 960,
                "thumb_960_h": 720,
                "thumb_1024": "https:\/\/files.slack.com\/files-tmb\/T1T85P197-F04A8HMCYGP-d1acdc82bf\/img_7342_1024.jpg?t=xoxe-61277783313-6938219705459-6931704589846-f9456fee8056b431d8cc920b3927c14d",
                "thumb_1024_w": 1024,
                "thumb_1024_h": 768,
                "original_w": 4032,
                "original_h": 3024,
                "thumb_tiny": "AwAkADCrJCykKduQOoPWm+W33cLx3z1q7J5UrZwxK8ZAGKa0cJ6Ruv0FMCO0U7\/ugfL2PWoZUJlbCgYPr1q1beWJCULNgYIwBThGgcsYmYk55xSApeRI\/wAyxnB9KetrIzZKBR7mr32kHcqIwYfTimtIxbOGA9MigCKNfLaRSR971p+Vzyy\/mKnULufIH3u49qUtGoydo\/Ki4GZHN5RkPqcD8zVhbjKgkHg7SAetRXMod3jAGDg59MCpmVF8rBGEUdO5zQBXkm2zyEdGxyKtKw2BunGeabMyyM6YBw2R+lT3DqYJAvJ2+lAEn4U1gCMEDH0p1IaBjPJjx90UggjQ5UY\/GpO1DUCIWXEu7JzRcOyQsQe1K\/36Zdf8e7fSgD\/\/2Q==",
                "permalink": "https:\/\/schulzlab.slack.com\/files\/U0103JSQYLB\/F04A8HMCYGP\/img_7342.jpg",
                "permalink_public": "https:\/\/slack-files.com\/T1T85P197-F04A8HMCYGP-be3b1babe3",
                "is_starred": false,
                "has_rich_preview": false,
                "file_access": "visible"
            },
            {
                "id": "F04B1P1K4E5",
                "created": 1668285693,
                "timestamp": 1668285693,
                "name": "IMG_7346.jpg",
                "title": "IMG_7346",
                "mimetype": "image\/jpeg",
                "filetype": "jpg",
                "pretty_type": "JPEG",
                "user": "U0103JSQYLB",
                "user_team": "T1T85P197",
                "editable": false,
                "size": 2708595,
                "mode": "hosted",
                "is_external": false,
                "external_type": "",
                "is_public": true,
                "public_url_shared": false,
                "display_as_bot": false,
                "username": "",
                "url_private": "https:\/\/files.slack.com\/files-pri\/T1T85P197-F04B1P1K4E5\/img_7346.jpg?t=xoxe-61277783313-6938219705459-6931704589846-f9456fee8056b431d8cc920b3927c14d",
                "url_private_download": "https:\/\/files.slack.com\/files-pri\/T1T85P197-F04B1P1K4E5\/download\/img_7346.jpg?t=xoxe-61277783313-6938219705459-6931704589846-f9456fee8056b431d8cc920b3927c14d",
                "media_display_type": "unknown",
                "thumb_64": "https:\/\/files.slack.com\/files-tmb\/T1T85P197-F04B1P1K4E5-4b72431236\/img_7346_64.jpg?t=xoxe-61277783313-6938219705459-6931704589846-f9456fee8056b431d8cc920b3927c14d",
                "thumb_80": "https:\/\/files.slack.com\/files-tmb\/T1T85P197-F04B1P1K4E5-4b72431236\/img_7346_80.jpg?t=xoxe-61277783313-6938219705459-6931704589846-f9456fee8056b431d8cc920b3927c14d",
                "thumb_360": "https:\/\/files.slack.com\/files-tmb\/T1T85P197-F04B1P1K4E5-4b72431236\/img_7346_360.jpg?t=xoxe-61277783313-6938219705459-6931704589846-f9456fee8056b431d8cc920b3927c14d",
                "thumb_360_w": 270,
                "thumb_360_h": 360,
                "thumb_480": "https:\/\/files.slack.com\/files-tmb\/T1T85P197-F04B1P1K4E5-4b72431236\/img_7346_480.jpg?t=xoxe-61277783313-6938219705459-6931704589846-f9456fee8056b431d8cc920b3927c14d",
                "thumb_480_w": 360,
                "thumb_480_h": 480,
                "thumb_160": "https:\/\/files.slack.com\/files-tmb\/T1T85P197-F04B1P1K4E5-4b72431236\/img_7346_160.jpg?t=xoxe-61277783313-6938219705459-6931704589846-f9456fee8056b431d8cc920b3927c14d",
                "thumb_720": "https:\/\/files.slack.com\/files-tmb\/T1T85P197-F04B1P1K4E5-4b72431236\/img_7346_720.jpg?t=xoxe-61277783313-6938219705459-6931704589846-f9456fee8056b431d8cc920b3927c14d",
                "thumb_720_w": 540,
                "thumb_720_h": 720,
                "thumb_800": "https:\/\/files.slack.com\/files-tmb\/T1T85P197-F04B1P1K4E5-4b72431236\/img_7346_800.jpg?t=xoxe-61277783313-6938219705459-6931704589846-f9456fee8056b431d8cc920b3927c14d",
                "thumb_800_w": 800,
                "thumb_800_h": 1067,
                "thumb_960": "https:\/\/files.slack.com\/files-tmb\/T1T85P197-F04B1P1K4E5-4b72431236\/img_7346_960.jpg?t=xoxe-61277783313-6938219705459-6931704589846-f9456fee8056b431d8cc920b3927c14d",
                "thumb_960_w": 720,
                "thumb_960_h": 960,
                "thumb_1024": "https:\/\/files.slack.com\/files-tmb\/T1T85P197-F04B1P1K4E5-4b72431236\/img_7346_1024.jpg?t=xoxe-61277783313-6938219705459-6931704589846-f9456fee8056b431d8cc920b3927c14d",
                "thumb_1024_w": 768,
                "thumb_1024_h": 1024,
                "original_w": 3024,
                "original_h": 4032,
                "thumb_tiny": "AwAwACSiMBec7u1T2oXzgOd3\/wBalmOxlxyCD1AqeFUYK+SHIzxTAgvQBJznOBiq+Bg9d3pWm8Kvy5J+tRyQKqlxnI5ycUAZ4H1pcfX8quQDehIGOccVJs9zSAr3nAQ89+tJHNjAGTsHT2qzPbIYmYlyVBIy1Z4UiUKDnJA496ANRWBAPrTLhsQP9KeLdBwGkx\/vGo7i3UQud7nA6FuKAKkVx5UYXGe9SfbP9mpZbKLcMMwGOlM+xR\/32piuJc3BYFVUjioLdHWRX2kqpBIrQCilIGelSihPNJ6IfzFMmMjxMoj6+4qTAHSmnJBFMRAkh2gENke1O8z2b8qXBHYUc+1AWP\/Z",
                "permalink": "https:\/\/schulzlab.slack.com\/files\/U0103JSQYLB\/F04B1P1K4E5\/img_7346.jpg",
                "permalink_public": "https:\/\/slack-files.com\/T1T85P197-F04B1P1K4E5-dc6bb4eaa0",
                "is_starred": false,
                "has_rich_preview": false,
                "file_access": "visible"
            }
        ],
        "upload": false,
        "user": "U0103JSQYLB",
        "blocks": [
            {
                "type": "rich_text",
                "block_id": "Bohz",
                "elements": [
                    {
                        "type": "rich_text_section",
                        "elements": [
                            {
                                "type": "text",
                                "text": "Arturo is bringing the heat "
                            }
                        ]
                    }
                ]
            }
        ],
        "type": "message",
        "ts": "1668285703.346879",
        "client_msg_id": "C06D5AA8-33C3-4851-81E2-4F11D56E2139",
        "reactions": [
            {
                "name": "heart",
                "users": [
                    "U0112A19YFN"
                ],
                "count": 1
            },
            {
                "name": "crab",
                "users": [
                    "U010N31RYMV"
                ],
                "count": 1
            }
        ]
    },
    {
        "text": "Adams back from the dead ",
        "files": [
            {
                "id": "F04A8JW1LBZ",
                "created": 1668288275,
                "timestamp": 1668288275,
                "name": "IMG_7350.jpg",
                "title": "IMG_7350",
                "mimetype": "image\/jpeg",
                "filetype": "jpg",
                "pretty_type": "JPEG",
                "user": "U0103JSQYLB",
                "user_team": "T1T85P197",
                "editable": false,
                "size": 2007949,
                "mode": "hosted",
                "is_external": false,
                "external_type": "",
                "is_public": true,
                "public_url_shared": false,
                "display_as_bot": false,
                "username": "",
                "url_private": "https:\/\/files.slack.com\/files-pri\/T1T85P197-F04A8JW1LBZ\/img_7350.jpg?t=xoxe-61277783313-6938219705459-6931704589846-f9456fee8056b431d8cc920b3927c14d",
                "url_private_download": "https:\/\/files.slack.com\/files-pri\/T1T85P197-F04A8JW1LBZ\/download\/img_7350.jpg?t=xoxe-61277783313-6938219705459-6931704589846-f9456fee8056b431d8cc920b3927c14d",
                "media_display_type": "unknown",
                "thumb_64": "https:\/\/files.slack.com\/files-tmb\/T1T85P197-F04A8JW1LBZ-f43d71dfa4\/img_7350_64.jpg?t=xoxe-61277783313-6938219705459-6931704589846-f9456fee8056b431d8cc920b3927c14d",
                "thumb_80": "https:\/\/files.slack.com\/files-tmb\/T1T85P197-F04A8JW1LBZ-f43d71dfa4\/img_7350_80.jpg?t=xoxe-61277783313-6938219705459-6931704589846-f9456fee8056b431d8cc920b3927c14d",
                "thumb_360": "https:\/\/files.slack.com\/files-tmb\/T1T85P197-F04A8JW1LBZ-f43d71dfa4\/img_7350_360.jpg?t=xoxe-61277783313-6938219705459-6931704589846-f9456fee8056b431d8cc920b3927c14d",
                "thumb_360_w": 270,
                "thumb_360_h": 360,
                "thumb_480": "https:\/\/files.slack.com\/files-tmb\/T1T85P197-F04A8JW1LBZ-f43d71dfa4\/img_7350_480.jpg?t=xoxe-61277783313-6938219705459-6931704589846-f9456fee8056b431d8cc920b3927c14d",
                "thumb_480_w": 360,
                "thumb_480_h": 480,
                "thumb_160": "https:\/\/files.slack.com\/files-tmb\/T1T85P197-F04A8JW1LBZ-f43d71dfa4\/img_7350_160.jpg?t=xoxe-61277783313-6938219705459-6931704589846-f9456fee8056b431d8cc920b3927c14d",
                "thumb_720": "https:\/\/files.slack.com\/files-tmb\/T1T85P197-F04A8JW1LBZ-f43d71dfa4\/img_7350_720.jpg?t=xoxe-61277783313-6938219705459-6931704589846-f9456fee8056b431d8cc920b3927c14d",
                "thumb_720_w": 540,
                "thumb_720_h": 720,
                "thumb_800": "https:\/\/files.slack.com\/files-tmb\/T1T85P197-F04A8JW1LBZ-f43d71dfa4\/img_7350_800.jpg?t=xoxe-61277783313-6938219705459-6931704589846-f9456fee8056b431d8cc920b3927c14d",
                "thumb_800_w": 800,
                "thumb_800_h": 1067,
                "thumb_960": "https:\/\/files.slack.com\/files-tmb\/T1T85P197-F04A8JW1LBZ-f43d71dfa4\/img_7350_960.jpg?t=xoxe-61277783313-6938219705459-6931704589846-f9456fee8056b431d8cc920b3927c14d",
                "thumb_960_w": 720,
                "thumb_960_h": 960,
                "thumb_1024": "https:\/\/files.slack.com\/files-tmb\/T1T85P197-F04A8JW1LBZ-f43d71dfa4\/img_7350_1024.jpg?t=xoxe-61277783313-6938219705459-6931704589846-f9456fee8056b431d8cc920b3927c14d",
                "thumb_1024_w": 768,
                "thumb_1024_h": 1024,
                "original_w": 3024,
                "original_h": 4032,
                "thumb_tiny": "AwAwACSJ4YRloZR\/utUHlOzZCHHUY5FXZmO3AAIPBxxSWfyyyqDkDGKYFdIpTIHMZ+8CflqzeK0yKsaP1ycjFWJJPLjLYyewojbegbG3Izj0oAzXt5y3zA+2T2pv2aX0\/UVqkAnqaNo9TQBV+14BwMjOKbBsE8g4AIBwaS5tzGo25YfSoht8yMso3Z6HoRSAnuZdkeAAVPTmnQSM2c9qbfQxiJWjVV+bBxxT7W2V7dWfduPdWI4oAk30b6DaL\/z1lH\/AqPsq\/wDPaX\/vqi4CMp4GSR7nNVZrWV5CQQAOmTVhmIxnOM8n0pwcPnjAzxSGRXTlrZkaM5OMEcinWlwgt0VmCkDHNSbCV6lSfSo\/L8mHanOOmaYiV7lFI5B46g037Unp+tUw7fxRqT9BS7\/+mSfkKAP\/2Q==",
                "permalink": "https:\/\/schulzlab.slack.com\/files\/U0103JSQYLB\/F04A8JW1LBZ\/img_7350.jpg",
                "permalink_public": "https:\/\/slack-files.com\/T1T85P197-F04A8JW1LBZ-f0bcde0ccd",
                "is_starred": false,
                "has_rich_preview": false,
                "file_access": "visible"
            }
        ],
        "upload": false,
        "user": "U0103JSQYLB",
        "display_as_bot": false,
        "blocks": [
            {
                "type": "rich_text",
                "block_id": "89wm",
                "elements": [
                    {
                        "type": "rich_text_section",
                        "elements": [
                            {
                                "type": "text",
                                "text": "Adams back from the dead "
                            }
                        ]
                    }
                ]
            }
        ],
        "type": "message",
        "ts": "1668288289.719659",
        "client_msg_id": "0E2BFB80-090C-4805-9537-BD25EA73C640"
    },
    {
        "user": "U010N31RYMV",
        "type": "message",
        "ts": "1668288640.538129",
        "client_msg_id": "B273407F-A2BD-4F1E-AE90-AF24C7091503",
        "text": "Do not let the zombies fool you. Protect your brains. :male_zombie: ",
        "team": "T1T85P197",
        "user_team": "T1T85P197",
        "source_team": "T1T85P197",
        "user_profile": {
            "avatar_hash": "084d1d915961",
            "image_72": "https:\/\/avatars.slack-edge.com\/2021-06-11\/2162938824690_084d1d915961fd2a1fcb_72.png",
            "first_name": "",
            "real_name": "David Schulz",
            "display_name": "David Schulz",
            "team": "T1T85P197",
            "name": "schulzd",
            "is_restricted": false,
            "is_ultra_restricted": false
        },
        "blocks": [
            {
                "type": "rich_text",
                "block_id": "Nkk9a",
                "elements": [
                    {
                        "type": "rich_text_section",
                        "elements": [
                            {
                                "type": "text",
                                "text": "Do not let the zombies fool you"
                            },
                            {
                                "type": "text",
                                "text": "."
                            },
                            {
                                "type": "text",
                                "text": " Protect your brains"
                            },
                            {
                                "type": "text",
                                "text": "."
                            },
                            {
                                "type": "text",
                                "text": " "
                            },
                            {
                                "type": "emoji",
                                "name": "male_zombie",
                                "unicode": "1f9df-200d-2642-fe0f"
                            },
                            {
                                "type": "text",
                                "text": " "
                            }
                        ]
                    }
                ]
            }
        ],
        "reactions": [
            {
                "name": "joy",
                "users": [
                    "U02D68LLBAQ"
                ],
                "count": 1
            }
        ]
    }
]