[
    {
        "user": "U01328S2P1T",
        "type": "message",
        "ts": "1670956244.260329",
        "client_msg_id": "45FA0379-FFD8-404D-9502-536BC4485F20",
        "text": "By the way, lunch is on the boss!!! Will that drum up more enthusiasm?!?",
        "team": "T1T85P197",
        "user_team": "T1T85P197",
        "source_team": "T1T85P197",
        "user_profile": {
            "avatar_hash": "ge9bf912b3db",
            "image_72": "https:\/\/secure.gravatar.com\/avatar\/e9bf912b3dbb6c12aeec164626223450.jpg?s=72&d=https%3A%2F%2Fa.slack-edge.com%2Fdf10d%2Fimg%2Favatars%2Fava_0017-72.png",
            "first_name": "Virginia",
            "real_name": "Virginia B Garcia",
            "display_name": "Ginny",
            "team": "T1T85P197",
            "name": "garciav",
            "is_restricted": false,
            "is_ultra_restricted": false
        },
        "blocks": [
            {
                "type": "rich_text",
                "block_id": "JB9N",
                "elements": [
                    {
                        "type": "rich_text_section",
                        "elements": [
                            {
                                "type": "text",
                                "text": "By the way, lunch is on the boss!!! Will that drum up more enthusiasm?!?"
                            }
                        ]
                    }
                ]
            }
        ],
        "reactions": [
            {
                "name": "heart",
                "users": [
                    "U019K98069M"
                ],
                "count": 1
            }
        ]
    }
]