[
    {
        "user": "U010N31RYMV",
        "type": "message",
        "ts": "1663081794.777079",
        "client_msg_id": "A9242195-F931-435A-A6C6-9F5D3E2BEE8C",
        "text": "All. I am throwing all the shit that is in, on, and around the food refrigerator and microwave in our old break room in Tucker Hall in the fucking dumpster. If you have a sentimental attachment to any of these coffee mugs, other containers, or the dominos pizza garlic dipping sauces, you'll find them there. Thank you. ",
        "team": "T1T85P197",
        "user_team": "T1T85P197",
        "source_team": "T1T85P197",
        "user_profile": {
            "avatar_hash": "084d1d915961",
            "image_72": "https:\/\/avatars.slack-edge.com\/2021-06-11\/2162938824690_084d1d915961fd2a1fcb_72.png",
            "first_name": "",
            "real_name": "David Schulz",
            "display_name": "David Schulz",
            "team": "T1T85P197",
            "name": "schulzd",
            "is_restricted": false,
            "is_ultra_restricted": false
        },
        "blocks": [
            {
                "type": "rich_text",
                "block_id": "BBvw",
                "elements": [
                    {
                        "type": "rich_text_section",
                        "elements": [
                            {
                                "type": "text",
                                "text": "All. I am throwing all the shit that is in, on, and around the food refrigerator and microwave in our old break room in Tucker Hall in the fucking dumpster. If you have a sentimental attachment to any of these coffee mugs, other containers, or the dominos pizza garlic dipping sauces, you'll find them there. Thank you. "
                            }
                        ]
                    }
                ]
            }
        ]
    },
    {
        "user": "U0112A19YFN",
        "type": "message",
        "ts": "1663081829.362119",
        "client_msg_id": "317d2394-1651-445a-a653-15b7eedfa01e",
        "text": "NOOOOO",
        "team": "T1T85P197",
        "user_team": "T1T85P197",
        "source_team": "T1T85P197",
        "user_profile": {
            "avatar_hash": "82931094ef90",
            "image_72": "https:\/\/avatars.slack-edge.com\/2022-06-17\/3708168624352_82931094ef904079310a_72.jpg",
            "first_name": "",
            "real_name": "Sherryl",
            "display_name": "Sherryl",
            "team": "T1T85P197",
            "name": "sherryl.henderson",
            "is_restricted": false,
            "is_ultra_restricted": false
        },
        "blocks": [
            {
                "type": "rich_text",
                "block_id": "yBXda",
                "elements": [
                    {
                        "type": "rich_text_section",
                        "elements": [
                            {
                                "type": "text",
                                "text": "NOOOOO"
                            }
                        ]
                    }
                ]
            }
        ]
    },
    {
        "user": "U0112A19YFN",
        "type": "message",
        "ts": "1663081839.576559",
        "client_msg_id": "79c8a3d3-fc1a-423e-8ff0-4bceaf67bab1",
        "text": "My soup\/coffee cup is there",
        "team": "T1T85P197",
        "user_team": "T1T85P197",
        "source_team": "T1T85P197",
        "user_profile": {
            "avatar_hash": "82931094ef90",
            "image_72": "https:\/\/avatars.slack-edge.com\/2022-06-17\/3708168624352_82931094ef904079310a_72.jpg",
            "first_name": "",
            "real_name": "Sherryl",
            "display_name": "Sherryl",
            "team": "T1T85P197",
            "name": "sherryl.henderson",
            "is_restricted": false,
            "is_ultra_restricted": false
        },
        "blocks": [
            {
                "type": "rich_text",
                "block_id": "DVII",
                "elements": [
                    {
                        "type": "rich_text_section",
                        "elements": [
                            {
                                "type": "text",
                                "text": "My soup\/coffee cup is there"
                            }
                        ]
                    }
                ]
            }
        ]
    },
    {
        "user": "U0112A19YFN",
        "type": "message",
        "ts": "1663081896.576639",
        "client_msg_id": "727070a4-1484-4332-836e-1e112992b0ab",
        "text": "I bonded with someone who is no longer with us over that cup it's sentimental",
        "team": "T1T85P197",
        "user_team": "T1T85P197",
        "source_team": "T1T85P197",
        "user_profile": {
            "avatar_hash": "82931094ef90",
            "image_72": "https:\/\/avatars.slack-edge.com\/2022-06-17\/3708168624352_82931094ef904079310a_72.jpg",
            "first_name": "",
            "real_name": "Sherryl",
            "display_name": "Sherryl",
            "team": "T1T85P197",
            "name": "sherryl.henderson",
            "is_restricted": false,
            "is_ultra_restricted": false
        },
        "blocks": [
            {
                "type": "rich_text",
                "block_id": "8dAk",
                "elements": [
                    {
                        "type": "rich_text_section",
                        "elements": [
                            {
                                "type": "text",
                                "text": "I bonded with someone who is no longer with us over that cup it's sentimental"
                            }
                        ]
                    }
                ]
            }
        ]
    },
    {
        "user": "U0112A19YFN",
        "type": "message",
        "ts": "1663082082.212019",
        "client_msg_id": "010bcf42-a299-41f8-aa20-9d889f67e845",
        "text": "Dr. Zars found my cup to be comically large and we always laughed about it please don't throw that out",
        "team": "T1T85P197",
        "user_team": "T1T85P197",
        "source_team": "T1T85P197",
        "user_profile": {
            "avatar_hash": "82931094ef90",
            "image_72": "https:\/\/avatars.slack-edge.com\/2022-06-17\/3708168624352_82931094ef904079310a_72.jpg",
            "first_name": "",
            "real_name": "Sherryl",
            "display_name": "Sherryl",
            "team": "T1T85P197",
            "name": "sherryl.henderson",
            "is_restricted": false,
            "is_ultra_restricted": false
        },
        "blocks": [
            {
                "type": "rich_text",
                "block_id": "nAp",
                "elements": [
                    {
                        "type": "rich_text_section",
                        "elements": [
                            {
                                "type": "text",
                                "text": "Dr. Zars found my cup to be comically large and we always laughed about it please don't throw that out"
                            }
                        ]
                    }
                ]
            }
        ]
    },
    {
        "user": "U010N31RYMV",
        "type": "message",
        "ts": "1663082195.367949",
        "client_msg_id": "0E74F364-9B62-48FA-9F66-5829913B991A",
        "text": "Cup is on the table. Anyone sentimental about the garlic dipping sauces?",
        "team": "T1T85P197",
        "user_team": "T1T85P197",
        "source_team": "T1T85P197",
        "user_profile": {
            "avatar_hash": "084d1d915961",
            "image_72": "https:\/\/avatars.slack-edge.com\/2021-06-11\/2162938824690_084d1d915961fd2a1fcb_72.png",
            "first_name": "",
            "real_name": "David Schulz",
            "display_name": "David Schulz",
            "team": "T1T85P197",
            "name": "schulzd",
            "is_restricted": false,
            "is_ultra_restricted": false
        },
        "blocks": [
            {
                "type": "rich_text",
                "block_id": "twcQ",
                "elements": [
                    {
                        "type": "rich_text_section",
                        "elements": [
                            {
                                "type": "text",
                                "text": "Cup is on the table. Anyone sentimental about the garlic dipping sauces?"
                            }
                        ]
                    }
                ]
            }
        ]
    },
    {
        "user": "U0112A19YFN",
        "type": "message",
        "ts": "1663082230.333059",
        "client_msg_id": "6fd08d59-a9cd-4454-9b9f-b43e20275fd4",
        "text": "No and that was from when I ordered pizza sorry I didn't throw it out",
        "team": "T1T85P197",
        "user_team": "T1T85P197",
        "source_team": "T1T85P197",
        "user_profile": {
            "avatar_hash": "82931094ef90",
            "image_72": "https:\/\/avatars.slack-edge.com\/2022-06-17\/3708168624352_82931094ef904079310a_72.jpg",
            "first_name": "",
            "real_name": "Sherryl",
            "display_name": "Sherryl",
            "team": "T1T85P197",
            "name": "sherryl.henderson",
            "is_restricted": false,
            "is_ultra_restricted": false
        },
        "blocks": [
            {
                "type": "rich_text",
                "block_id": "K6CH",
                "elements": [
                    {
                        "type": "rich_text_section",
                        "elements": [
                            {
                                "type": "text",
                                "text": "No and that was from when I ordered pizza sorry I didn't throw it out"
                            }
                        ]
                    }
                ]
            }
        ]
    },
    {
        "user": "U0103JSQYLB",
        "type": "message",
        "ts": "1663082252.679929",
        "client_msg_id": "C4B035D8-8B55-4FE8-BBD7-760EA2962BD9",
        "text": "Thanks for Throwing that stuff out Dave ",
        "team": "T1T85P197",
        "user_team": "T1T85P197",
        "source_team": "T1T85P197",
        "user_profile": {
            "avatar_hash": "94bf4a6c3643",
            "image_72": "https:\/\/avatars.slack-edge.com\/2023-05-20\/5309607146049_94bf4a6c3643af0ab428_72.png",
            "first_name": "Joe",
            "real_name": "Joe",
            "display_name": "Joe",
            "team": "T1T85P197",
            "name": "joseviteri",
            "is_restricted": false,
            "is_ultra_restricted": false
        },
        "blocks": [
            {
                "type": "rich_text",
                "block_id": "LssL",
                "elements": [
                    {
                        "type": "rich_text_section",
                        "elements": [
                            {
                                "type": "text",
                                "text": "Thanks for Throwing that stuff out Dave "
                            }
                        ]
                    }
                ]
            }
        ]
    },
    {
        "user": "U010N31RYMV",
        "type": "message",
        "ts": "1663088989.523839",
        "client_msg_id": "b0e0401c-b6cd-437c-b3c6-4532db21bf71",
        "text": "Tomorrow's lab meeting will be general information, updates, and a reminder about best practices in research labs. We will also use time at the end to register for SFN if needed and to discuss travel for reals. This will be a meeting by Zoom due to recent events surrounding a certain infectious disease:\n\n<https:\/\/umsystem.zoom.us\/j\/5942077454>",
        "team": "T1T85P197",
        "user_team": "T1T85P197",
        "source_team": "T1T85P197",
        "user_profile": {
            "avatar_hash": "084d1d915961",
            "image_72": "https:\/\/avatars.slack-edge.com\/2021-06-11\/2162938824690_084d1d915961fd2a1fcb_72.png",
            "first_name": "",
            "real_name": "David Schulz",
            "display_name": "David Schulz",
            "team": "T1T85P197",
            "name": "schulzd",
            "is_restricted": false,
            "is_ultra_restricted": false
        },
        "blocks": [
            {
                "type": "rich_text",
                "block_id": "o9l",
                "elements": [
                    {
                        "type": "rich_text_section",
                        "elements": [
                            {
                                "type": "text",
                                "text": "Tomorrow's lab meeting will be general information, updates, and a reminder about best practices in research labs. We will also use time at the end to register for SFN if needed and to discuss travel for reals. This will be a meeting by Zoom due to recent events surrounding a certain infectious disease:\n\n"
                            },
                            {
                                "type": "link",
                                "url": "https:\/\/umsystem.zoom.us\/j\/5942077454"
                            }
                        ]
                    }
                ]
            }
        ]
    },
    {
        "user": "U0112A19YFN",
        "type": "message",
        "ts": "1663119175.887489",
        "client_msg_id": "168f232c-c96b-4b03-8e0a-bf586a8cdf44",
        "text": "Anyone wanna drive me to kansas city november 11th at 5am then pick me up at 4:15 pm on the 16th? I don't highway drive and the only flight to san diego that's not 18 hours leaves from kansas city.",
        "team": "T1T85P197",
        "user_team": "T1T85P197",
        "source_team": "T1T85P197",
        "user_profile": {
            "avatar_hash": "82931094ef90",
            "image_72": "https:\/\/avatars.slack-edge.com\/2022-06-17\/3708168624352_82931094ef904079310a_72.jpg",
            "first_name": "",
            "real_name": "Sherryl",
            "display_name": "Sherryl",
            "team": "T1T85P197",
            "name": "sherryl.henderson",
            "is_restricted": false,
            "is_ultra_restricted": false
        },
        "blocks": [
            {
                "type": "rich_text",
                "block_id": "OJk",
                "elements": [
                    {
                        "type": "rich_text_section",
                        "elements": [
                            {
                                "type": "text",
                                "text": "Anyone wanna drive me to kansas city november 11th at 5am then pick me up at 4:15 pm on the 16th? I don't highway drive and the only flight to san diego that's not 18 hours leaves from kansas city."
                            }
                        ]
                    }
                ]
            }
        ]
    },
    {
        "user": "U0112A19YFN",
        "type": "message",
        "ts": "1663119227.347459",
        "client_msg_id": "165e4586-b230-4eee-acb1-f74099e0279d",
        "text": "If not I'll just have to chill in vegas for 15 hours",
        "team": "T1T85P197",
        "user_team": "T1T85P197",
        "source_team": "T1T85P197",
        "user_profile": {
            "avatar_hash": "82931094ef90",
            "image_72": "https:\/\/avatars.slack-edge.com\/2022-06-17\/3708168624352_82931094ef904079310a_72.jpg",
            "first_name": "",
            "real_name": "Sherryl",
            "display_name": "Sherryl",
            "team": "T1T85P197",
            "name": "sherryl.henderson",
            "is_restricted": false,
            "is_ultra_restricted": false
        },
        "blocks": [
            {
                "type": "rich_text",
                "block_id": "wNlHN",
                "elements": [
                    {
                        "type": "rich_text_section",
                        "elements": [
                            {
                                "type": "text",
                                "text": "If not I'll just have to chill in vegas for 15 hours"
                            }
                        ]
                    }
                ]
            }
        ]
    },
    {
        "user": "U010N31RYMV",
        "type": "message",
        "ts": "1663119253.873149",
        "edited": {
            "user": "U010N31RYMV",
            "ts": "1663119280.000000"
        },
        "client_msg_id": "E80FF9C5-30D3-475E-934F-D81FB28F98F3",
        "text": "Try St Louis and take the Mo-X. SFn is paying. Or hell. Why are you not flying out or CoMo for that matter?",
        "team": "T1T85P197",
        "user_team": "T1T85P197",
        "source_team": "T1T85P197",
        "user_profile": {
            "avatar_hash": "084d1d915961",
            "image_72": "https:\/\/avatars.slack-edge.com\/2021-06-11\/2162938824690_084d1d915961fd2a1fcb_72.png",
            "first_name": "",
            "real_name": "David Schulz",
            "display_name": "David Schulz",
            "team": "T1T85P197",
            "name": "schulzd",
            "is_restricted": false,
            "is_ultra_restricted": false
        },
        "blocks": [
            {
                "type": "rich_text",
                "block_id": "UW7le",
                "elements": [
                    {
                        "type": "rich_text_section",
                        "elements": [
                            {
                                "type": "text",
                                "text": "Try St Louis and take the Mo-X. SFn is paying. Or hell. Why are you not flying out or CoMo for that matter?"
                            }
                        ]
                    }
                ]
            }
        ]
    },
    {
        "user": "U0112A19YFN",
        "type": "message",
        "ts": "1663119363.307589",
        "client_msg_id": "df35f011-c274-498b-a829-0e8c387f4831",
        "text": "They will only let me leave on the 11th and I have to arrive by noon PST the limit is $500 there's no flights without insanely long layovers from stl or como that day that would allow me to arrive by that time",
        "team": "T1T85P197",
        "user_team": "T1T85P197",
        "source_team": "T1T85P197",
        "user_profile": {
            "avatar_hash": "82931094ef90",
            "image_72": "https:\/\/avatars.slack-edge.com\/2022-06-17\/3708168624352_82931094ef904079310a_72.jpg",
            "first_name": "",
            "real_name": "Sherryl",
            "display_name": "Sherryl",
            "team": "T1T85P197",
            "name": "sherryl.henderson",
            "is_restricted": false,
            "is_ultra_restricted": false
        },
        "blocks": [
            {
                "type": "rich_text",
                "block_id": "0n2f",
                "elements": [
                    {
                        "type": "rich_text_section",
                        "elements": [
                            {
                                "type": "text",
                                "text": "They will only let me leave on the 11th and I have to arrive by noon PST the limit is $500 there's no flights without insanely long layovers from stl or como that day that would allow me to arrive by that time"
                            }
                        ]
                    }
                ]
            }
        ]
    },
    {
        "user": "U0112A19YFN",
        "type": "message",
        "ts": "1663119464.175769",
        "client_msg_id": "32cac078-4987-4078-b38c-60b070d9f224",
        "text": "screw it I'll just pay out of pocket to fly from como to kansas city",
        "team": "T1T85P197",
        "user_team": "T1T85P197",
        "source_team": "T1T85P197",
        "user_profile": {
            "avatar_hash": "82931094ef90",
            "image_72": "https:\/\/avatars.slack-edge.com\/2022-06-17\/3708168624352_82931094ef904079310a_72.jpg",
            "first_name": "",
            "real_name": "Sherryl",
            "display_name": "Sherryl",
            "team": "T1T85P197",
            "name": "sherryl.henderson",
            "is_restricted": false,
            "is_ultra_restricted": false
        },
        "blocks": [
            {
                "type": "rich_text",
                "block_id": "yQbB",
                "elements": [
                    {
                        "type": "rich_text_section",
                        "elements": [
                            {
                                "type": "text",
                                "text": "screw it I'll just pay out of pocket to fly from como to kansas city"
                            }
                        ]
                    }
                ]
            }
        ]
    }
]