[
    {
        "user": "U010N31RYMV",
        "type": "message",
        "ts": "1655385032.373099",
        "client_msg_id": "2bb0a7a5-23f9-4caa-9694-48c42d0d0489",
        "text": "*Please plan on the power outage in LeFevre Hall being Wednesday of next week.* ",
        "team": "T1T85P197",
        "user_team": "T1T85P197",
        "source_team": "T1T85P197",
        "user_profile": {
            "avatar_hash": "084d1d915961",
            "image_72": "https:\/\/avatars.slack-edge.com\/2021-06-11\/2162938824690_084d1d915961fd2a1fcb_72.png",
            "first_name": "",
            "real_name": "David Schulz",
            "display_name": "David Schulz",
            "team": "T1T85P197",
            "name": "schulzd",
            "is_restricted": false,
            "is_ultra_restricted": false
        },
        "blocks": [
            {
                "type": "rich_text",
                "block_id": "F6Z",
                "elements": [
                    {
                        "type": "rich_text_section",
                        "elements": [
                            {
                                "type": "text",
                                "text": "Please plan on the power outage in LeFevre Hall being Wednesday of next week. ",
                                "style": {
                                    "bold": true
                                }
                            }
                        ]
                    }
                ]
            }
        ]
    },
    {
        "user": "U010N31RYMV",
        "type": "message",
        "ts": "1655408996.233489",
        "client_msg_id": "3339DBA3-5242-467F-A205-726EBF8B3DA4",
        "text": "Tomorrow for data wrangling I believe we will hear from Benton. To make (my) life easier, we will do BYO lunch. Sorry. Single parenting this week and just juggling way too much. If someone else wants to organize lunch I'll pay for it somehow. ",
        "team": "T1T85P197",
        "user_team": "T1T85P197",
        "source_team": "T1T85P197",
        "user_profile": {
            "avatar_hash": "084d1d915961",
            "image_72": "https:\/\/avatars.slack-edge.com\/2021-06-11\/2162938824690_084d1d915961fd2a1fcb_72.png",
            "first_name": "",
            "real_name": "David Schulz",
            "display_name": "David Schulz",
            "team": "T1T85P197",
            "name": "schulzd",
            "is_restricted": false,
            "is_ultra_restricted": false
        },
        "blocks": [
            {
                "type": "rich_text",
                "block_id": "rsD",
                "elements": [
                    {
                        "type": "rich_text_section",
                        "elements": [
                            {
                                "type": "text",
                                "text": "Tomorrow"
                            },
                            {
                                "type": "text",
                                "text": " for data "
                            },
                            {
                                "type": "text",
                                "text": "wrangling"
                            },
                            {
                                "type": "text",
                                "text": " I "
                            },
                            {
                                "type": "text",
                                "text": "believe"
                            },
                            {
                                "type": "text",
                                "text": " "
                            },
                            {
                                "type": "text",
                                "text": "we"
                            },
                            {
                                "type": "text",
                                "text": " "
                            },
                            {
                                "type": "text",
                                "text": "will"
                            },
                            {
                                "type": "text",
                                "text": " "
                            },
                            {
                                "type": "text",
                                "text": "hear"
                            },
                            {
                                "type": "text",
                                "text": " "
                            },
                            {
                                "type": "text",
                                "text": "from"
                            },
                            {
                                "type": "text",
                                "text": " "
                            },
                            {
                                "type": "text",
                                "text": "Benton. To"
                            },
                            {
                                "type": "text",
                                "text": " "
                            },
                            {
                                "type": "text",
                                "text": "make"
                            },
                            {
                                "type": "text",
                                "text": " "
                            },
                            {
                                "type": "text",
                                "text": "(my)"
                            },
                            {
                                "type": "text",
                                "text": " "
                            },
                            {
                                "type": "text",
                                "text": "life"
                            },
                            {
                                "type": "text",
                                "text": " easier"
                            },
                            {
                                "type": "text",
                                "text": ","
                            },
                            {
                                "type": "text",
                                "text": " "
                            },
                            {
                                "type": "text",
                                "text": "we"
                            },
                            {
                                "type": "text",
                                "text": " "
                            },
                            {
                                "type": "text",
                                "text": "will"
                            },
                            {
                                "type": "text",
                                "text": " "
                            },
                            {
                                "type": "text",
                                "text": "do"
                            },
                            {
                                "type": "text",
                                "text": " "
                            },
                            {
                                "type": "text",
                                "text": "BYO"
                            },
                            {
                                "type": "text",
                                "text": " lunch"
                            },
                            {
                                "type": "text",
                                "text": ". Sorry. "
                            },
                            {
                                "type": "text",
                                "text": "Single parenting "
                            },
                            {
                                "type": "text",
                                "text": "this"
                            },
                            {
                                "type": "text",
                                "text": " "
                            },
                            {
                                "type": "text",
                                "text": "week"
                            },
                            {
                                "type": "text",
                                "text": " "
                            },
                            {
                                "type": "text",
                                "text": "and"
                            },
                            {
                                "type": "text",
                                "text": " just "
                            },
                            {
                                "type": "text",
                                "text": "juggling"
                            },
                            {
                                "type": "text",
                                "text": " "
                            },
                            {
                                "type": "text",
                                "text": "way"
                            },
                            {
                                "type": "text",
                                "text": " "
                            },
                            {
                                "type": "text",
                                "text": "too"
                            },
                            {
                                "type": "text",
                                "text": " "
                            },
                            {
                                "type": "text",
                                "text": "much. If"
                            },
                            {
                                "type": "text",
                                "text": " "
                            },
                            {
                                "type": "text",
                                "text": "someone"
                            },
                            {
                                "type": "text",
                                "text": " "
                            },
                            {
                                "type": "text",
                                "text": "else"
                            },
                            {
                                "type": "text",
                                "text": " "
                            },
                            {
                                "type": "text",
                                "text": "wants"
                            },
                            {
                                "type": "text",
                                "text": " "
                            },
                            {
                                "type": "text",
                                "text": "to"
                            },
                            {
                                "type": "text",
                                "text": " organize "
                            },
                            {
                                "type": "text",
                                "text": "lunch"
                            },
                            {
                                "type": "text",
                                "text": " I'll "
                            },
                            {
                                "type": "text",
                                "text": "pay"
                            },
                            {
                                "type": "text",
                                "text": " "
                            },
                            {
                                "type": "text",
                                "text": "for"
                            },
                            {
                                "type": "text",
                                "text": " "
                            },
                            {
                                "type": "text",
                                "text": "it"
                            },
                            {
                                "type": "text",
                                "text": " "
                            },
                            {
                                "type": "text",
                                "text": "somehow. "
                            }
                        ]
                    }
                ]
            }
        ],
        "reactions": [
            {
                "name": "+1",
                "users": [
                    "U010CH4JLKE"
                ],
                "count": 1
            }
        ]
    },
    {
        "user": "U028ZEAHA6S",
        "type": "message",
        "ts": "1655409460.441029",
        "client_msg_id": "430346b6-efc6-4490-8cbf-d59ac1531a4a",
        "text": "I can organize it.",
        "team": "T1T85P197",
        "user_team": "T1T85P197",
        "source_team": "T1T85P197",
        "user_profile": {
            "avatar_hash": "1839fba3b3db",
            "image_72": "https:\/\/avatars.slack-edge.com\/2021-07-27\/2341195265936_1839fba3b3db46348d0b_72.png",
            "first_name": "",
            "real_name": "Brian Lane",
            "display_name": "Brian Lane",
            "team": "T1T85P197",
            "name": "laneb",
            "is_restricted": false,
            "is_ultra_restricted": false
        },
        "blocks": [
            {
                "type": "rich_text",
                "block_id": "3NC",
                "elements": [
                    {
                        "type": "rich_text_section",
                        "elements": [
                            {
                                "type": "text",
                                "text": "I can organize it."
                            }
                        ]
                    }
                ]
            }
        ]
    },
    {
        "user": "U028ZEAHA6S",
        "type": "message",
        "ts": "1655409467.757879",
        "client_msg_id": "81cabfdf-a7f2-4b35-8391-a61bef729d08",
        "text": "How would everyone feel about Jimmy John’s?",
        "team": "T1T85P197",
        "user_team": "T1T85P197",
        "source_team": "T1T85P197",
        "user_profile": {
            "avatar_hash": "1839fba3b3db",
            "image_72": "https:\/\/avatars.slack-edge.com\/2021-07-27\/2341195265936_1839fba3b3db46348d0b_72.png",
            "first_name": "",
            "real_name": "Brian Lane",
            "display_name": "Brian Lane",
            "team": "T1T85P197",
            "name": "laneb",
            "is_restricted": false,
            "is_ultra_restricted": false
        },
        "blocks": [
            {
                "type": "rich_text",
                "block_id": "uE8Fa",
                "elements": [
                    {
                        "type": "rich_text_section",
                        "elements": [
                            {
                                "type": "text",
                                "text": "How would everyone feel about Jimmy John’s?"
                            }
                        ]
                    }
                ]
            }
        ],
        "reactions": [
            {
                "name": "+1",
                "users": [
                    "U02D68LLBAQ",
                    "U03JC0MSE8G"
                ],
                "count": 2
            },
            {
                "name": "+1::skin-tone-4",
                "users": [
                    "U0112A19YFN"
                ],
                "count": 1
            }
        ]
    },
    {
        "user": "U0112A19YFN",
        "type": "message",
        "ts": "1655409488.218819",
        "client_msg_id": "18709098-3fc0-4385-8f19-1985be7dbe65",
        "text": "Hell yes I was just saying I was going to get some",
        "team": "T1T85P197",
        "user_team": "T1T85P197",
        "source_team": "T1T85P197",
        "user_profile": {
            "avatar_hash": "82931094ef90",
            "image_72": "https:\/\/avatars.slack-edge.com\/2022-06-17\/3708168624352_82931094ef904079310a_72.jpg",
            "first_name": "",
            "real_name": "Sherryl",
            "display_name": "Sherryl",
            "team": "T1T85P197",
            "name": "sherryl.henderson",
            "is_restricted": false,
            "is_ultra_restricted": false
        },
        "blocks": [
            {
                "type": "rich_text",
                "block_id": "jUbvY",
                "elements": [
                    {
                        "type": "rich_text_section",
                        "elements": [
                            {
                                "type": "text",
                                "text": "Hell yes I was just saying I was going to get some"
                            }
                        ]
                    }
                ]
            }
        ]
    },
    {
        "user": "U028ZEAHA6S",
        "type": "message",
        "ts": "1655409691.133719",
        "client_msg_id": "417bc361-0edf-4b89-88f0-cacf70701dc7",
        "text": "If there are any strong objections please let me know!",
        "team": "T1T85P197",
        "user_team": "T1T85P197",
        "source_team": "T1T85P197",
        "user_profile": {
            "avatar_hash": "1839fba3b3db",
            "image_72": "https:\/\/avatars.slack-edge.com\/2021-07-27\/2341195265936_1839fba3b3db46348d0b_72.png",
            "first_name": "",
            "real_name": "Brian Lane",
            "display_name": "Brian Lane",
            "team": "T1T85P197",
            "name": "laneb",
            "is_restricted": false,
            "is_ultra_restricted": false
        },
        "blocks": [
            {
                "type": "rich_text",
                "block_id": "x7h",
                "elements": [
                    {
                        "type": "rich_text_section",
                        "elements": [
                            {
                                "type": "text",
                                "text": "If there are any strong objections please let me know!"
                            }
                        ]
                    }
                ]
            }
        ]
    },
    {
        "user": "U028ZEAHA6S",
        "type": "message",
        "ts": "1655409891.383249",
        "client_msg_id": "5dadfad0-16f4-4c63-af3d-b575f55ac904",
        "text": "Also it looks like I have to enter in an email address for everyone on the order. I don’t want to miss anyone. I know I can find an email for Dave, Benton, Jose, Sherryl, Ginny, Cameron, and Arturo. I will need to get an email for Glory and Richard. Who am I missing? Should Zombie Daniel or Michael Garcia be on the list?",
        "team": "T1T85P197",
        "user_team": "T1T85P197",
        "source_team": "T1T85P197",
        "user_profile": {
            "avatar_hash": "1839fba3b3db",
            "image_72": "https:\/\/avatars.slack-edge.com\/2021-07-27\/2341195265936_1839fba3b3db46348d0b_72.png",
            "first_name": "",
            "real_name": "Brian Lane",
            "display_name": "Brian Lane",
            "team": "T1T85P197",
            "name": "laneb",
            "is_restricted": false,
            "is_ultra_restricted": false
        },
        "blocks": [
            {
                "type": "rich_text",
                "block_id": "UKV",
                "elements": [
                    {
                        "type": "rich_text_section",
                        "elements": [
                            {
                                "type": "text",
                                "text": "Also it looks like I have to enter in an email address for everyone on the order. I don’t want to miss anyone. I know I can find an email for Dave, Benton, Jose, Sherryl, Ginny, Cameron, and Arturo. I will need to get an email for Glory and Richard. Who am I missing? Should Zombie Daniel or Michael Garcia be on the list?"
                            }
                        ]
                    }
                ]
            }
        ]
    },
    {
        "user": "U0103JSQYLB",
        "type": "message",
        "ts": "1655409944.624399",
        "client_msg_id": "B9202A36-5DAD-4F55-B118-ACF517940D31",
        "text": "Thanks for organizing Brian ",
        "team": "T1T85P197",
        "user_team": "T1T85P197",
        "source_team": "T1T85P197",
        "user_profile": {
            "avatar_hash": "94bf4a6c3643",
            "image_72": "https:\/\/avatars.slack-edge.com\/2023-05-20\/5309607146049_94bf4a6c3643af0ab428_72.png",
            "first_name": "Joe",
            "real_name": "Joe",
            "display_name": "Joe",
            "team": "T1T85P197",
            "name": "joseviteri",
            "is_restricted": false,
            "is_ultra_restricted": false
        },
        "blocks": [
            {
                "type": "rich_text",
                "block_id": "QfK",
                "elements": [
                    {
                        "type": "rich_text_section",
                        "elements": [
                            {
                                "type": "text",
                                "text": "Thanks"
                            },
                            {
                                "type": "text",
                                "text": " "
                            },
                            {
                                "type": "text",
                                "text": "for"
                            },
                            {
                                "type": "text",
                                "text": " "
                            },
                            {
                                "type": "text",
                                "text": "organizing"
                            },
                            {
                                "type": "text",
                                "text": " Brian "
                            }
                        ]
                    }
                ]
            }
        ]
    },
    {
        "user": "U010N31RYMV",
        "type": "message",
        "ts": "1655409970.465059",
        "client_msg_id": "70C209B9-0ED7-4106-9631-95AECC28D660",
        "text": "If there's a group order link thing, throw it in here and text it to Mike and Ginny. ",
        "team": "T1T85P197",
        "user_team": "T1T85P197",
        "source_team": "T1T85P197",
        "user_profile": {
            "avatar_hash": "084d1d915961",
            "image_72": "https:\/\/avatars.slack-edge.com\/2021-06-11\/2162938824690_084d1d915961fd2a1fcb_72.png",
            "first_name": "",
            "real_name": "David Schulz",
            "display_name": "David Schulz",
            "team": "T1T85P197",
            "name": "schulzd",
            "is_restricted": false,
            "is_ultra_restricted": false
        },
        "blocks": [
            {
                "type": "rich_text",
                "block_id": "pQgG",
                "elements": [
                    {
                        "type": "rich_text_section",
                        "elements": [
                            {
                                "type": "text",
                                "text": "If"
                            },
                            {
                                "type": "text",
                                "text": " there's "
                            },
                            {
                                "type": "text",
                                "text": "a"
                            },
                            {
                                "type": "text",
                                "text": " group "
                            },
                            {
                                "type": "text",
                                "text": "order"
                            },
                            {
                                "type": "text",
                                "text": " "
                            },
                            {
                                "type": "text",
                                "text": "link"
                            },
                            {
                                "type": "text",
                                "text": " "
                            },
                            {
                                "type": "text",
                                "text": "thing,"
                            },
                            {
                                "type": "text",
                                "text": " "
                            },
                            {
                                "type": "text",
                                "text": "throw"
                            },
                            {
                                "type": "text",
                                "text": " "
                            },
                            {
                                "type": "text",
                                "text": "it"
                            },
                            {
                                "type": "text",
                                "text": " "
                            },
                            {
                                "type": "text",
                                "text": "in"
                            },
                            {
                                "type": "text",
                                "text": " "
                            },
                            {
                                "type": "text",
                                "text": "here"
                            },
                            {
                                "type": "text",
                                "text": " "
                            },
                            {
                                "type": "text",
                                "text": "and"
                            },
                            {
                                "type": "text",
                                "text": " text "
                            },
                            {
                                "type": "text",
                                "text": "it"
                            },
                            {
                                "type": "text",
                                "text": " "
                            },
                            {
                                "type": "text",
                                "text": "to"
                            },
                            {
                                "type": "text",
                                "text": " Mike "
                            },
                            {
                                "type": "text",
                                "text": "and"
                            },
                            {
                                "type": "text",
                                "text": " "
                            },
                            {
                                "type": "text",
                                "text": "Ginny. "
                            }
                        ]
                    }
                ]
            }
        ]
    },
    {
        "user": "U03JC0MSE8G",
        "type": "message",
        "ts": "1655410001.323409",
        "client_msg_id": "53D1C000-D2F1-4066-B8EC-3F370CF2287C",
        "text": "My email is <mailto:Glorieglo4@gmail.com|Glorieglo4@gmail.com><mailto:Glorieglo4@gmail.com| >and Richard’s <mailto:drizzly19@gmail.com|drizzly19@gmail.com><mailto:drizzly19@gmail.com| \n>Thank you!!",
        "team": "T1T85P197",
        "user_team": "T1T85P197",
        "source_team": "T1T85P197",
        "user_profile": {
            "avatar_hash": "g66e0bb545ba",
            "image_72": "https:\/\/secure.gravatar.com\/avatar\/66e0bb545ba42a039407ca4acdfbdc07.jpg?s=72&d=https%3A%2F%2Fa.slack-edge.com%2Fdf10d%2Fimg%2Favatars%2Fava_0025-72.png",
            "first_name": "Glory",
            "real_name": "Glory Omodia",
            "display_name": "",
            "team": "T1T85P197",
            "name": "gomodi1",
            "is_restricted": false,
            "is_ultra_restricted": false
        },
        "blocks": [
            {
                "type": "rich_text",
                "block_id": "isAK",
                "elements": [
                    {
                        "type": "rich_text_section",
                        "elements": [
                            {
                                "type": "text",
                                "text": "My"
                            },
                            {
                                "type": "text",
                                "text": " "
                            },
                            {
                                "type": "text",
                                "text": "email"
                            },
                            {
                                "type": "text",
                                "text": " "
                            },
                            {
                                "type": "text",
                                "text": "is"
                            },
                            {
                                "type": "text",
                                "text": " "
                            },
                            {
                                "type": "link",
                                "url": "mailto:Glorieglo4@gmail.com",
                                "text": "Glorieglo4@gmail.com"
                            },
                            {
                                "type": "link",
                                "url": "mailto:Glorieglo4@gmail.com",
                                "text": " ",
                                "unsafe": true
                            },
                            {
                                "type": "text",
                                "text": "and"
                            },
                            {
                                "type": "text",
                                "text": " Richard"
                            },
                            {
                                "type": "text",
                                "text": "’s"
                            },
                            {
                                "type": "text",
                                "text": " "
                            },
                            {
                                "type": "link",
                                "url": "mailto:drizzly19@gmail.com",
                                "text": "drizzly19@gmail.com"
                            },
                            {
                                "type": "link",
                                "url": "mailto:drizzly19@gmail.com",
                                "text": " \n",
                                "unsafe": true
                            },
                            {
                                "type": "text",
                                "text": "Thank"
                            },
                            {
                                "type": "text",
                                "text": " "
                            },
                            {
                                "type": "text",
                                "text": "you!!"
                            }
                        ]
                    }
                ]
            }
        ]
    },
    {
        "user": "U028ZEAHA6S",
        "type": "message",
        "ts": "1655410031.707229",
        "client_msg_id": "fcd09588-d42e-4539-b0fb-9a6e431f63d2",
        "text": "Maybe it will give a group link like Chipotle does, but in trying to create a group order it is asking for every person’s email. Not 100% sure if it will generate a universal link or not.",
        "team": "T1T85P197",
        "user_team": "T1T85P197",
        "source_team": "T1T85P197",
        "user_profile": {
            "avatar_hash": "1839fba3b3db",
            "image_72": "https:\/\/avatars.slack-edge.com\/2021-07-27\/2341195265936_1839fba3b3db46348d0b_72.png",
            "first_name": "",
            "real_name": "Brian Lane",
            "display_name": "Brian Lane",
            "team": "T1T85P197",
            "name": "laneb",
            "is_restricted": false,
            "is_ultra_restricted": false
        },
        "blocks": [
            {
                "type": "rich_text",
                "block_id": "f8kPm",
                "elements": [
                    {
                        "type": "rich_text_section",
                        "elements": [
                            {
                                "type": "text",
                                "text": "Maybe it will give a group link like Chipotle does, but in trying to create a group order it is asking for every person’s email. Not 100% sure if it will generate a universal link or not."
                            }
                        ]
                    }
                ]
            }
        ]
    },
    {
        "user": "U028ZEAHA6S",
        "type": "message",
        "ts": "1655410063.973129",
        "client_msg_id": "3b34d8f6-4c04-4347-bd9f-bb4e112f5b8f",
        "text": "I’ll just text them and ask",
        "team": "T1T85P197",
        "user_team": "T1T85P197",
        "source_team": "T1T85P197",
        "user_profile": {
            "avatar_hash": "1839fba3b3db",
            "image_72": "https:\/\/avatars.slack-edge.com\/2021-07-27\/2341195265936_1839fba3b3db46348d0b_72.png",
            "first_name": "",
            "real_name": "Brian Lane",
            "display_name": "Brian Lane",
            "team": "T1T85P197",
            "name": "laneb",
            "is_restricted": false,
            "is_ultra_restricted": false
        },
        "blocks": [
            {
                "type": "rich_text",
                "block_id": "hPw89",
                "elements": [
                    {
                        "type": "rich_text_section",
                        "elements": [
                            {
                                "type": "text",
                                "text": "I’ll just text them and ask"
                            }
                        ]
                    }
                ]
            }
        ]
    },
    {
        "user": "U010N31RYMV",
        "type": "message",
        "ts": "1655410080.041449",
        "client_msg_id": "4C91F3AA-084C-4CBD-9CEC-1C4596364FD1",
        "text": "Please use <mailto:dvdschulz@gmail.com|dvdschulz@gmail.com><mailto:dvdschulz@gmail.com| for me >then. I already get Jimmy John junk mail there. ",
        "team": "T1T85P197",
        "user_team": "T1T85P197",
        "source_team": "T1T85P197",
        "user_profile": {
            "avatar_hash": "084d1d915961",
            "image_72": "https:\/\/avatars.slack-edge.com\/2021-06-11\/2162938824690_084d1d915961fd2a1fcb_72.png",
            "first_name": "",
            "real_name": "David Schulz",
            "display_name": "David Schulz",
            "team": "T1T85P197",
            "name": "schulzd",
            "is_restricted": false,
            "is_ultra_restricted": false
        },
        "blocks": [
            {
                "type": "rich_text",
                "block_id": "suoTk",
                "elements": [
                    {
                        "type": "rich_text_section",
                        "elements": [
                            {
                                "type": "text",
                                "text": "Please"
                            },
                            {
                                "type": "text",
                                "text": " "
                            },
                            {
                                "type": "text",
                                "text": "use"
                            },
                            {
                                "type": "text",
                                "text": " "
                            },
                            {
                                "type": "link",
                                "url": "mailto:dvdschulz@gmail.com",
                                "text": "dvdschulz@gmail.com"
                            },
                            {
                                "type": "link",
                                "url": "mailto:dvdschulz@gmail.com",
                                "text": " for me "
                            },
                            {
                                "type": "text",
                                "text": "then. I"
                            },
                            {
                                "type": "text",
                                "text": " already get "
                            },
                            {
                                "type": "text",
                                "text": "Jimmy"
                            },
                            {
                                "type": "text",
                                "text": " "
                            },
                            {
                                "type": "text",
                                "text": "John"
                            },
                            {
                                "type": "text",
                                "text": " "
                            },
                            {
                                "type": "text",
                                "text": "junk"
                            },
                            {
                                "type": "text",
                                "text": " "
                            },
                            {
                                "type": "text",
                                "text": "mail"
                            },
                            {
                                "type": "text",
                                "text": " "
                            },
                            {
                                "type": "text",
                                "text": "there. "
                            }
                        ]
                    }
                ]
            }
        ]
    },
    {
        "user": "U0112A19YFN",
        "type": "message",
        "ts": "1655410097.342829",
        "client_msg_id": "8ef2236d-3531-49c6-bbf2-5f41446eece9",
        "text": "I want a giant Jimmy's Cubano with BBQ Jimmy's chips and a Large fountain sprite",
        "team": "T1T85P197",
        "user_team": "T1T85P197",
        "source_team": "T1T85P197",
        "user_profile": {
            "avatar_hash": "82931094ef90",
            "image_72": "https:\/\/avatars.slack-edge.com\/2022-06-17\/3708168624352_82931094ef904079310a_72.jpg",
            "first_name": "",
            "real_name": "Sherryl",
            "display_name": "Sherryl",
            "team": "T1T85P197",
            "name": "sherryl.henderson",
            "is_restricted": false,
            "is_ultra_restricted": false
        },
        "blocks": [
            {
                "type": "rich_text",
                "block_id": "s1Hf=",
                "elements": [
                    {
                        "type": "rich_text_section",
                        "elements": [
                            {
                                "type": "text",
                                "text": "I want a giant Jimmy's Cubano with BBQ Jimmy's chips and a Large fountain sprite"
                            }
                        ]
                    }
                ]
            }
        ]
    },
    {
        "user": "U028ZEAHA6S",
        "type": "message",
        "ts": "1655410141.816609",
        "client_msg_id": "d1e2c346-a992-4496-a83a-0a55659cfb65",
        "text": "Sherryl you’ll get a link to put in your order",
        "team": "T1T85P197",
        "user_team": "T1T85P197",
        "source_team": "T1T85P197",
        "user_profile": {
            "avatar_hash": "1839fba3b3db",
            "image_72": "https:\/\/avatars.slack-edge.com\/2021-07-27\/2341195265936_1839fba3b3db46348d0b_72.png",
            "first_name": "",
            "real_name": "Brian Lane",
            "display_name": "Brian Lane",
            "team": "T1T85P197",
            "name": "laneb",
            "is_restricted": false,
            "is_ultra_restricted": false
        },
        "blocks": [
            {
                "type": "rich_text",
                "block_id": "B+EH",
                "elements": [
                    {
                        "type": "rich_text_section",
                        "elements": [
                            {
                                "type": "text",
                                "text": "Sherryl you’ll get a link to put in your order"
                            }
                        ]
                    }
                ]
            }
        ]
    },
    {
        "user": "U0112A19YFN",
        "type": "message",
        "ts": "1655410155.039969",
        "client_msg_id": "51362546-5dc3-4669-9d51-da47e87e1c24",
        "text": "Oh sweet",
        "team": "T1T85P197",
        "user_team": "T1T85P197",
        "source_team": "T1T85P197",
        "user_profile": {
            "avatar_hash": "82931094ef90",
            "image_72": "https:\/\/avatars.slack-edge.com\/2022-06-17\/3708168624352_82931094ef904079310a_72.jpg",
            "first_name": "",
            "real_name": "Sherryl",
            "display_name": "Sherryl",
            "team": "T1T85P197",
            "name": "sherryl.henderson",
            "is_restricted": false,
            "is_ultra_restricted": false
        },
        "blocks": [
            {
                "type": "rich_text",
                "block_id": "cpcb",
                "elements": [
                    {
                        "type": "rich_text_section",
                        "elements": [
                            {
                                "type": "text",
                                "text": "Oh sweet"
                            }
                        ]
                    }
                ]
            }
        ]
    },
    {
        "user": "U028ZEAHA6S",
        "type": "message",
        "ts": "1655411309.825429",
        "client_msg_id": "cc320808-f647-4beb-b95d-dcca3e57d9fd",
        "text": "Ok, you should be receiving emails to add to the order. I’m going to pick it up, so it’s probably not realistic to carry a beverage for everyone. Let’s just stick to food like last time, please.  Let me know if you don’t see a link in your email soon, it’s possible I mis-typed it",
        "team": "T1T85P197",
        "user_team": "T1T85P197",
        "source_team": "T1T85P197",
        "user_profile": {
            "avatar_hash": "1839fba3b3db",
            "image_72": "https:\/\/avatars.slack-edge.com\/2021-07-27\/2341195265936_1839fba3b3db46348d0b_72.png",
            "first_name": "",
            "real_name": "Brian Lane",
            "display_name": "Brian Lane",
            "team": "T1T85P197",
            "name": "laneb",
            "is_restricted": false,
            "is_ultra_restricted": false
        },
        "thread_ts": "1655411309.825429",
        "reply_count": 1,
        "reply_users_count": 1,
        "latest_reply": "1655412778.505559",
        "reply_users": [
            "U0112A19YFN"
        ],
        "replies": [
            {
                "user": "U0112A19YFN",
                "ts": "1655412778.505559"
            }
        ],
        "is_locked": false,
        "subscribed": false,
        "blocks": [
            {
                "type": "rich_text",
                "block_id": "WFm2H",
                "elements": [
                    {
                        "type": "rich_text_section",
                        "elements": [
                            {
                                "type": "text",
                                "text": "Ok, you should be receiving emails to add to the order. I’m going to pick it up, so it’s probably not realistic to carry a beverage for everyone. Let’s just stick to food like last time, please.  Let me know if you don’t see a link in your email soon, it’s possible I mis-typed it"
                            }
                        ]
                    }
                ]
            }
        ]
    },
    {
        "user": "U0103JSQYLB",
        "type": "message",
        "ts": "1655411411.138789",
        "client_msg_id": "D5184E68-A401-4F4A-ACD8-D1F26B7C9656",
        "text": "Just put mine in. Thanks dawg !",
        "team": "T1T85P197",
        "user_team": "T1T85P197",
        "source_team": "T1T85P197",
        "user_profile": {
            "avatar_hash": "94bf4a6c3643",
            "image_72": "https:\/\/avatars.slack-edge.com\/2023-05-20\/5309607146049_94bf4a6c3643af0ab428_72.png",
            "first_name": "Joe",
            "real_name": "Joe",
            "display_name": "Joe",
            "team": "T1T85P197",
            "name": "joseviteri",
            "is_restricted": false,
            "is_ultra_restricted": false
        },
        "blocks": [
            {
                "type": "rich_text",
                "block_id": "4WV",
                "elements": [
                    {
                        "type": "rich_text_section",
                        "elements": [
                            {
                                "type": "text",
                                "text": "Just put mine "
                            },
                            {
                                "type": "text",
                                "text": "in. "
                            },
                            {
                                "type": "text",
                                "text": "Thanks "
                            },
                            {
                                "type": "text",
                                "text": "dawg"
                            },
                            {
                                "type": "text",
                                "text": " "
                            },
                            {
                                "type": "text",
                                "text": "!"
                            }
                        ]
                    }
                ]
            }
        ]
    },
    {
        "user": "U010N31RYMV",
        "type": "message",
        "ts": "1655411414.157929",
        "client_msg_id": "8B7CA5CB-1289-4B6C-9CDE-F196C138AEEC",
        "text": "I'll have the lasagna. ",
        "team": "T1T85P197",
        "user_team": "T1T85P197",
        "source_team": "T1T85P197",
        "user_profile": {
            "avatar_hash": "084d1d915961",
            "image_72": "https:\/\/avatars.slack-edge.com\/2021-06-11\/2162938824690_084d1d915961fd2a1fcb_72.png",
            "first_name": "",
            "real_name": "David Schulz",
            "display_name": "David Schulz",
            "team": "T1T85P197",
            "name": "schulzd",
            "is_restricted": false,
            "is_ultra_restricted": false
        },
        "blocks": [
            {
                "type": "rich_text",
                "block_id": "AgU",
                "elements": [
                    {
                        "type": "rich_text_section",
                        "elements": [
                            {
                                "type": "text",
                                "text": "I'll "
                            },
                            {
                                "type": "text",
                                "text": "have"
                            },
                            {
                                "type": "text",
                                "text": " "
                            },
                            {
                                "type": "text",
                                "text": "the"
                            },
                            {
                                "type": "text",
                                "text": " lasagna"
                            },
                            {
                                "type": "text",
                                "text": ". "
                            }
                        ]
                    }
                ]
            }
        ]
    },
    {
        "user": "U028ZEAHA6S",
        "type": "message",
        "ts": "1655411830.119719",
        "client_msg_id": "1745f373-defb-4200-83b8-35b05fe25ead",
        "text": "One last thing, gotta have these orders in by 10 AM or you go hungry while the rest of us chow down.",
        "team": "T1T85P197",
        "user_team": "T1T85P197",
        "source_team": "T1T85P197",
        "user_profile": {
            "avatar_hash": "1839fba3b3db",
            "image_72": "https:\/\/avatars.slack-edge.com\/2021-07-27\/2341195265936_1839fba3b3db46348d0b_72.png",
            "first_name": "",
            "real_name": "Brian Lane",
            "display_name": "Brian Lane",
            "team": "T1T85P197",
            "name": "laneb",
            "is_restricted": false,
            "is_ultra_restricted": false
        },
        "blocks": [
            {
                "type": "rich_text",
                "block_id": "GoGY",
                "elements": [
                    {
                        "type": "rich_text_section",
                        "elements": [
                            {
                                "type": "text",
                                "text": "One last thing, gotta have these orders in by 10 AM or you go hungry while the rest of us chow down."
                            }
                        ]
                    }
                ]
            }
        ]
    },
    {
        "user": "U0112A19YFN",
        "type": "message",
        "ts": "1655412778.505559",
        "client_msg_id": "c8715788-a448-4522-ba88-ed99a70d1849",
        "text": "I don't see a link.",
        "team": "T1T85P197",
        "user_team": "T1T85P197",
        "source_team": "T1T85P197",
        "user_profile": {
            "avatar_hash": "82931094ef90",
            "image_72": "https:\/\/avatars.slack-edge.com\/2022-06-17\/3708168624352_82931094ef904079310a_72.jpg",
            "first_name": "",
            "real_name": "Sherryl",
            "display_name": "Sherryl",
            "team": "T1T85P197",
            "name": "sherryl.henderson",
            "is_restricted": false,
            "is_ultra_restricted": false
        },
        "thread_ts": "1655411309.825429",
        "parent_user_id": "U028ZEAHA6S",
        "blocks": [
            {
                "type": "rich_text",
                "block_id": "34Xpb",
                "elements": [
                    {
                        "type": "rich_text_section",
                        "elements": [
                            {
                                "type": "text",
                                "text": "I don't see a link."
                            }
                        ]
                    }
                ]
            }
        ]
    },
    {
        "user": "U010N31RYMV",
        "type": "message",
        "ts": "1655412813.096139",
        "client_msg_id": "A1A156F0-B5C7-4186-BFB7-D4E0C1F7B3B7",
        "text": "<https:\/\/online.jimmyjohns.com\/basket\/58940ac4-0009-4b02-b634-3713c989995f\/acceptinvite\/424063c9-cc67-4373-9dc3-0af823a2bb3b|https:\/\/online.jimmyjohns.com\/basket\/58940ac4-0009-4b02-b634-3713c989995f\/acceptinvite\/424063c9-cc67-4373-9dc3-0af823a2bb3b>",
        "team": "T1T85P197",
        "user_team": "T1T85P197",
        "source_team": "T1T85P197",
        "user_profile": {
            "avatar_hash": "084d1d915961",
            "image_72": "https:\/\/avatars.slack-edge.com\/2021-06-11\/2162938824690_084d1d915961fd2a1fcb_72.png",
            "first_name": "",
            "real_name": "David Schulz",
            "display_name": "David Schulz",
            "team": "T1T85P197",
            "name": "schulzd",
            "is_restricted": false,
            "is_ultra_restricted": false
        },
        "attachments": [
            {
                "from_url": "https:\/\/online.jimmyjohns.com\/basket\/58940ac4-0009-4b02-b634-3713c989995f\/acceptinvite\/424063c9-cc67-4373-9dc3-0af823a2bb3b",
                "image_url": "https:\/\/static.olocdn.net\/img\/jimmyjohns\/logo.png?1630048532",
                "image_width": 250,
                "image_height": 250,
                "image_bytes": 34502,
                "service_icon": "https:\/\/static.olocdn.net\/img\/jimmyjohns\/apple-touch-icon.png?1630048532",
                "id": 1,
                "original_url": "https:\/\/online.jimmyjohns.com\/basket\/58940ac4-0009-4b02-b634-3713c989995f\/acceptinvite\/424063c9-cc67-4373-9dc3-0af823a2bb3b",
                "fallback": "Jimmy John's: Jimmy John's | JJ0162 | Columbia, MO | Order Online",
                "text": "Order Online at JJ0162, Columbia. Pay Ahead and Skip the Line.",
                "title": "Jimmy John's | JJ0162 | Columbia, MO | Order Online",
                "title_link": "https:\/\/online.jimmyjohns.com\/basket\/58940ac4-0009-4b02-b634-3713c989995f\/acceptinvite\/424063c9-cc67-4373-9dc3-0af823a2bb3b",
                "service_name": "Jimmy John's"
            }
        ],
        "blocks": [
            {
                "type": "rich_text",
                "block_id": "TOOFf",
                "elements": [
                    {
                        "type": "rich_text_section",
                        "elements": [
                            {
                                "type": "link",
                                "url": "https:\/\/online.jimmyjohns.com\/basket\/58940ac4-0009-4b02-b634-3713c989995f\/acceptinvite\/424063c9-cc67-4373-9dc3-0af823a2bb3b",
                                "text": "https:\/\/online.jimmyjohns.com\/basket\/58940ac4-0009-4b02-b634-3713c989995f\/acceptinvite\/424063c9-cc67-4373-9dc3-0af823a2bb3b"
                            }
                        ]
                    }
                ]
            }
        ]
    },
    {
        "user": "U0112A19YFN",
        "type": "message",
        "ts": "1655412829.679349",
        "client_msg_id": "d8252024-7df6-40b4-b6a8-ac6d7f9c83fa",
        "text": "Thank you!",
        "team": "T1T85P197",
        "user_team": "T1T85P197",
        "source_team": "T1T85P197",
        "user_profile": {
            "avatar_hash": "82931094ef90",
            "image_72": "https:\/\/avatars.slack-edge.com\/2022-06-17\/3708168624352_82931094ef904079310a_72.jpg",
            "first_name": "",
            "real_name": "Sherryl",
            "display_name": "Sherryl",
            "team": "T1T85P197",
            "name": "sherryl.henderson",
            "is_restricted": false,
            "is_ultra_restricted": false
        },
        "blocks": [
            {
                "type": "rich_text",
                "block_id": "UUW8Z",
                "elements": [
                    {
                        "type": "rich_text_section",
                        "elements": [
                            {
                                "type": "text",
                                "text": "Thank you!"
                            }
                        ]
                    }
                ]
            }
        ]
    },
    {
        "user": "U010N31RYMV",
        "type": "message",
        "ts": "1655412833.453739",
        "client_msg_id": "3400A0D4-76AD-492C-A093-2B6FDF405CA7",
        "text": "Don't know if that's special for me. ",
        "team": "T1T85P197",
        "user_team": "T1T85P197",
        "source_team": "T1T85P197",
        "user_profile": {
            "avatar_hash": "084d1d915961",
            "image_72": "https:\/\/avatars.slack-edge.com\/2021-06-11\/2162938824690_084d1d915961fd2a1fcb_72.png",
            "first_name": "",
            "real_name": "David Schulz",
            "display_name": "David Schulz",
            "team": "T1T85P197",
            "name": "schulzd",
            "is_restricted": false,
            "is_ultra_restricted": false
        },
        "blocks": [
            {
                "type": "rich_text",
                "block_id": "eplR8",
                "elements": [
                    {
                        "type": "rich_text_section",
                        "elements": [
                            {
                                "type": "text",
                                "text": "Don't know if that's special for "
                            },
                            {
                                "type": "text",
                                "text": "me. "
                            }
                        ]
                    }
                ]
            }
        ]
    },
    {
        "user": "U0103JSQYLB",
        "type": "message",
        "ts": "1655412943.176539",
        "client_msg_id": "494C7BC6-9CBB-4494-9E6B-C76213322C04",
        "text": "This is the link brian sent to my email ",
        "team": "T1T85P197",
        "user_team": "T1T85P197",
        "source_team": "T1T85P197",
        "user_profile": {
            "avatar_hash": "94bf4a6c3643",
            "image_72": "https:\/\/avatars.slack-edge.com\/2023-05-20\/5309607146049_94bf4a6c3643af0ab428_72.png",
            "first_name": "Joe",
            "real_name": "Joe",
            "display_name": "Joe",
            "team": "T1T85P197",
            "name": "joseviteri",
            "is_restricted": false,
            "is_ultra_restricted": false
        },
        "blocks": [
            {
                "type": "rich_text",
                "block_id": "zS8E",
                "elements": [
                    {
                        "type": "rich_text_section",
                        "elements": [
                            {
                                "type": "text",
                                "text": "This"
                            },
                            {
                                "type": "text",
                                "text": " "
                            },
                            {
                                "type": "text",
                                "text": "is"
                            },
                            {
                                "type": "text",
                                "text": " "
                            },
                            {
                                "type": "text",
                                "text": "the"
                            },
                            {
                                "type": "text",
                                "text": " link "
                            },
                            {
                                "type": "text",
                                "text": "brian"
                            },
                            {
                                "type": "text",
                                "text": " "
                            },
                            {
                                "type": "text",
                                "text": "sent"
                            },
                            {
                                "type": "text",
                                "text": " "
                            },
                            {
                                "type": "text",
                                "text": "to"
                            },
                            {
                                "type": "text",
                                "text": " "
                            },
                            {
                                "type": "text",
                                "text": "my"
                            },
                            {
                                "type": "text",
                                "text": " "
                            },
                            {
                                "type": "text",
                                "text": "email"
                            },
                            {
                                "type": "text",
                                "text": " "
                            }
                        ]
                    }
                ]
            }
        ]
    },
    {
        "user": "U0103JSQYLB",
        "type": "message",
        "ts": "1655412945.989489",
        "client_msg_id": "799383E9-0129-46F7-9F43-DAB730759931",
        "text": "<https:\/\/online.jimmyjohns.com\/basket\/58940ac4-0009-4b02-b634-3713c989995f\/acceptinvite\/424cf2cf-084a-4997-8daa-3a3655b66cac|https:\/\/online.jimmyjohns.com\/basket\/58940ac4-0009-4b02-b634-3713c989995f\/acceptinvite\/424cf2cf-084a-4997-8daa-3a3655b66cac>",
        "team": "T1T85P197",
        "user_team": "T1T85P197",
        "source_team": "T1T85P197",
        "user_profile": {
            "avatar_hash": "94bf4a6c3643",
            "image_72": "https:\/\/avatars.slack-edge.com\/2023-05-20\/5309607146049_94bf4a6c3643af0ab428_72.png",
            "first_name": "Joe",
            "real_name": "Joe",
            "display_name": "Joe",
            "team": "T1T85P197",
            "name": "joseviteri",
            "is_restricted": false,
            "is_ultra_restricted": false
        },
        "attachments": [
            {
                "from_url": "https:\/\/online.jimmyjohns.com\/basket\/58940ac4-0009-4b02-b634-3713c989995f\/acceptinvite\/424cf2cf-084a-4997-8daa-3a3655b66cac",
                "image_url": "https:\/\/static.olocdn.net\/img\/jimmyjohns\/logo.png?1630048532",
                "image_width": 250,
                "image_height": 250,
                "image_bytes": 34502,
                "service_icon": "https:\/\/static.olocdn.net\/img\/jimmyjohns\/apple-touch-icon.png?1630048532",
                "id": 1,
                "original_url": "https:\/\/online.jimmyjohns.com\/basket\/58940ac4-0009-4b02-b634-3713c989995f\/acceptinvite\/424cf2cf-084a-4997-8daa-3a3655b66cac",
                "fallback": "Jimmy John's: Jimmy John's | JJ0162 | Columbia, MO | Order Online",
                "text": "Order Online at JJ0162, Columbia. Pay Ahead and Skip the Line.",
                "title": "Jimmy John's | JJ0162 | Columbia, MO | Order Online",
                "title_link": "https:\/\/online.jimmyjohns.com\/basket\/58940ac4-0009-4b02-b634-3713c989995f\/acceptinvite\/424cf2cf-084a-4997-8daa-3a3655b66cac",
                "service_name": "Jimmy John's"
            }
        ],
        "blocks": [
            {
                "type": "rich_text",
                "block_id": "zFQ",
                "elements": [
                    {
                        "type": "rich_text_section",
                        "elements": [
                            {
                                "type": "link",
                                "url": "https:\/\/online.jimmyjohns.com\/basket\/58940ac4-0009-4b02-b634-3713c989995f\/acceptinvite\/424cf2cf-084a-4997-8daa-3a3655b66cac",
                                "text": "https:\/\/online.jimmyjohns.com\/basket\/58940ac4-0009-4b02-b634-3713c989995f\/acceptinvite\/424cf2cf-084a-4997-8daa-3a3655b66cac"
                            }
                        ]
                    }
                ]
            }
        ]
    },
    {
        "user": "U0112A19YFN",
        "type": "message",
        "ts": "1655413028.078779",
        "client_msg_id": "06fc7481-9099-46da-99a2-57a9e045fb30",
        "text": "They are specific for the person",
        "team": "T1T85P197",
        "user_team": "T1T85P197",
        "source_team": "T1T85P197",
        "user_profile": {
            "avatar_hash": "82931094ef90",
            "image_72": "https:\/\/avatars.slack-edge.com\/2022-06-17\/3708168624352_82931094ef904079310a_72.jpg",
            "first_name": "",
            "real_name": "Sherryl",
            "display_name": "Sherryl",
            "team": "T1T85P197",
            "name": "sherryl.henderson",
            "is_restricted": false,
            "is_ultra_restricted": false
        },
        "blocks": [
            {
                "type": "rich_text",
                "block_id": "hdyP",
                "elements": [
                    {
                        "type": "rich_text_section",
                        "elements": [
                            {
                                "type": "text",
                                "text": "They are specific for the person"
                            }
                        ]
                    }
                ]
            }
        ]
    },
    {
        "user": "U0112A19YFN",
        "type": "message",
        "ts": "1655413051.496239",
        "client_msg_id": "ffbb5371-fd46-4790-bd78-6c2832e8734c",
        "text": "When I go into the links it's attached to each of your emails",
        "team": "T1T85P197",
        "user_team": "T1T85P197",
        "source_team": "T1T85P197",
        "user_profile": {
            "avatar_hash": "82931094ef90",
            "image_72": "https:\/\/avatars.slack-edge.com\/2022-06-17\/3708168624352_82931094ef904079310a_72.jpg",
            "first_name": "",
            "real_name": "Sherryl",
            "display_name": "Sherryl",
            "team": "T1T85P197",
            "name": "sherryl.henderson",
            "is_restricted": false,
            "is_ultra_restricted": false
        },
        "blocks": [
            {
                "type": "rich_text",
                "block_id": "QkF\/P",
                "elements": [
                    {
                        "type": "rich_text_section",
                        "elements": [
                            {
                                "type": "text",
                                "text": "When I go into the links it's attached to each of your emails"
                            }
                        ]
                    }
                ]
            }
        ]
    },
    {
        "user": "U0103JSQYLB",
        "type": "message",
        "ts": "1655413060.858989",
        "client_msg_id": "3AD28493-F481-40F4-AC5F-85A14599FEFA",
        "text": "You're specific for one person ",
        "team": "T1T85P197",
        "user_team": "T1T85P197",
        "source_team": "T1T85P197",
        "user_profile": {
            "avatar_hash": "94bf4a6c3643",
            "image_72": "https:\/\/avatars.slack-edge.com\/2023-05-20\/5309607146049_94bf4a6c3643af0ab428_72.png",
            "first_name": "Joe",
            "real_name": "Joe",
            "display_name": "Joe",
            "team": "T1T85P197",
            "name": "joseviteri",
            "is_restricted": false,
            "is_ultra_restricted": false
        },
        "blocks": [
            {
                "type": "rich_text",
                "block_id": "=1i",
                "elements": [
                    {
                        "type": "rich_text_section",
                        "elements": [
                            {
                                "type": "text",
                                "text": "You're specific for "
                            },
                            {
                                "type": "text",
                                "text": "one"
                            },
                            {
                                "type": "text",
                                "text": " person "
                            }
                        ]
                    }
                ]
            }
        ]
    },
    {
        "user": "U0112A19YFN",
        "type": "message",
        "ts": "1655413301.460009",
        "client_msg_id": "488d162c-ba71-4e72-be2b-3729965d87b4",
        "text": "It was in my junk folder",
        "team": "T1T85P197",
        "user_team": "T1T85P197",
        "source_team": "T1T85P197",
        "user_profile": {
            "avatar_hash": "82931094ef90",
            "image_72": "https:\/\/avatars.slack-edge.com\/2022-06-17\/3708168624352_82931094ef904079310a_72.jpg",
            "first_name": "",
            "real_name": "Sherryl",
            "display_name": "Sherryl",
            "team": "T1T85P197",
            "name": "sherryl.henderson",
            "is_restricted": false,
            "is_ultra_restricted": false
        },
        "blocks": [
            {
                "type": "rich_text",
                "block_id": "Zrf1+",
                "elements": [
                    {
                        "type": "rich_text_section",
                        "elements": [
                            {
                                "type": "text",
                                "text": "It was in my junk folder"
                            }
                        ]
                    }
                ]
            }
        ]
    },
    {
        "text": "Schrödinger’s PI somehow both accepted and declined lunch :face_with_monocle:",
        "files": [
            {
                "id": "F03KM7AV5JT",
                "created": 1655424775,
                "timestamp": 1655424775,
                "name": "JimmyJohns.png",
                "title": "JimmyJohns.png",
                "mimetype": "image\/png",
                "filetype": "png",
                "pretty_type": "PNG",
                "user": "U028ZEAHA6S",
                "user_team": "T1T85P197",
                "editable": false,
                "size": 76243,
                "mode": "hosted",
                "is_external": false,
                "external_type": "",
                "is_public": true,
                "public_url_shared": false,
                "display_as_bot": false,
                "username": "",
                "url_private": "https:\/\/files.slack.com\/files-pri\/T1T85P197-F03KM7AV5JT\/jimmyjohns.png?t=xoxe-61277783313-6938219705459-6931704589846-f9456fee8056b431d8cc920b3927c14d",
                "url_private_download": "https:\/\/files.slack.com\/files-pri\/T1T85P197-F03KM7AV5JT\/download\/jimmyjohns.png?t=xoxe-61277783313-6938219705459-6931704589846-f9456fee8056b431d8cc920b3927c14d",
                "media_display_type": "unknown",
                "thumb_64": "https:\/\/files.slack.com\/files-tmb\/T1T85P197-F03KM7AV5JT-ac4ab1f951\/jimmyjohns_64.png?t=xoxe-61277783313-6938219705459-6931704589846-f9456fee8056b431d8cc920b3927c14d",
                "thumb_80": "https:\/\/files.slack.com\/files-tmb\/T1T85P197-F03KM7AV5JT-ac4ab1f951\/jimmyjohns_80.png?t=xoxe-61277783313-6938219705459-6931704589846-f9456fee8056b431d8cc920b3927c14d",
                "thumb_360": "https:\/\/files.slack.com\/files-tmb\/T1T85P197-F03KM7AV5JT-ac4ab1f951\/jimmyjohns_360.png?t=xoxe-61277783313-6938219705459-6931704589846-f9456fee8056b431d8cc920b3927c14d",
                "thumb_360_w": 299,
                "thumb_360_h": 360,
                "thumb_480": "https:\/\/files.slack.com\/files-tmb\/T1T85P197-F03KM7AV5JT-ac4ab1f951\/jimmyjohns_480.png?t=xoxe-61277783313-6938219705459-6931704589846-f9456fee8056b431d8cc920b3927c14d",
                "thumb_480_w": 399,
                "thumb_480_h": 480,
                "thumb_160": "https:\/\/files.slack.com\/files-tmb\/T1T85P197-F03KM7AV5JT-ac4ab1f951\/jimmyjohns_160.png?t=xoxe-61277783313-6938219705459-6931704589846-f9456fee8056b431d8cc920b3927c14d",
                "original_w": 472,
                "original_h": 568,
                "thumb_tiny": "AwAwACfRkzsO04PY4zUOZv8Anof+\/dTScof8M1Btyfu\/+OGgCYScDKt\/3zSh8kDa34ioVBGDt5HT5DVgdBQAUUUUANkGUNQY\/wBn\/wAdNTyAlCFJB9R1qDZL\/fl\/IUAAHHT\/AMdNPVmGFXH\/AHyaeHbH+rb9KfQA0b8\/MVx7CnUUUAMlGYmBOPxxVYqv94\/hIatuCVIHWotknOQf++6AGRkR52sDn+85NTZk\/uD\/AL6pm2T\/AGv++\/8A61SKW\/iGB9aAFXJHzAA+1LRRQB\/\/2Q==",
                "permalink": "https:\/\/schulzlab.slack.com\/files\/U028ZEAHA6S\/F03KM7AV5JT\/jimmyjohns.png",
                "permalink_public": "https:\/\/slack-files.com\/T1T85P197-F03KM7AV5JT-97ca598002",
                "is_starred": false,
                "has_rich_preview": false,
                "file_access": "visible"
            }
        ],
        "upload": false,
        "user": "U028ZEAHA6S",
        "display_as_bot": false,
        "blocks": [
            {
                "type": "rich_text",
                "block_id": "ODmgm",
                "elements": [
                    {
                        "type": "rich_text_section",
                        "elements": [
                            {
                                "type": "text",
                                "text": "Schrödinger’s PI somehow both accepted and declined lunch "
                            },
                            {
                                "type": "emoji",
                                "name": "face_with_monocle",
                                "unicode": "1f9d0"
                            }
                        ]
                    }
                ]
            }
        ],
        "type": "message",
        "ts": "1655424906.107059",
        "client_msg_id": "ef631cd4-47c0-4ebf-b5da-ad91a2579af6",
        "reactions": [
            {
                "name": "joy",
                "users": [
                    "U019K98069M"
                ],
                "count": 1
            }
        ]
    },
    {
        "user": "U010N31RYMV",
        "type": "message",
        "ts": "1655424932.101839",
        "client_msg_id": "441F9002-86F2-44B3-8908-00C0F8810D4A",
        "text": ":muscle: ",
        "team": "T1T85P197",
        "user_team": "T1T85P197",
        "source_team": "T1T85P197",
        "user_profile": {
            "avatar_hash": "084d1d915961",
            "image_72": "https:\/\/avatars.slack-edge.com\/2021-06-11\/2162938824690_084d1d915961fd2a1fcb_72.png",
            "first_name": "",
            "real_name": "David Schulz",
            "display_name": "David Schulz",
            "team": "T1T85P197",
            "name": "schulzd",
            "is_restricted": false,
            "is_ultra_restricted": false
        },
        "blocks": [
            {
                "type": "rich_text",
                "block_id": "D20AM",
                "elements": [
                    {
                        "type": "rich_text_section",
                        "elements": [
                            {
                                "type": "emoji",
                                "name": "muscle",
                                "unicode": "1f4aa"
                            },
                            {
                                "type": "text",
                                "text": " "
                            }
                        ]
                    }
                ]
            }
        ]
    },
    {
        "user": "U0112A19YFN",
        "type": "message",
        "ts": "1655424978.671119",
        "client_msg_id": "3AD154E5-2FC4-47E4-9EDE-7FD5F45CE3E5",
        "text": "That's probably my fault ",
        "team": "T1T85P197",
        "user_team": "T1T85P197",
        "source_team": "T1T85P197",
        "user_profile": {
            "avatar_hash": "82931094ef90",
            "image_72": "https:\/\/avatars.slack-edge.com\/2022-06-17\/3708168624352_82931094ef904079310a_72.jpg",
            "first_name": "",
            "real_name": "Sherryl",
            "display_name": "Sherryl",
            "team": "T1T85P197",
            "name": "sherryl.henderson",
            "is_restricted": false,
            "is_ultra_restricted": false
        },
        "blocks": [
            {
                "type": "rich_text",
                "block_id": "rkv3",
                "elements": [
                    {
                        "type": "rich_text_section",
                        "elements": [
                            {
                                "type": "text",
                                "text": "That's probably "
                            },
                            {
                                "type": "text",
                                "text": "my"
                            },
                            {
                                "type": "text",
                                "text": " "
                            },
                            {
                                "type": "text",
                                "text": "fault"
                            },
                            {
                                "type": "text",
                                "text": " "
                            }
                        ]
                    }
                ]
            }
        ]
    },
    {
        "user": "U0112A19YFN",
        "type": "message",
        "ts": "1655425114.237329",
        "client_msg_id": "46DEDC28-65D8-4F0C-AE35-1243AB1F51C7",
        "text": "Like when I accessed his link I hit no when I got to the end and saw the links were email specific ",
        "team": "T1T85P197",
        "user_team": "T1T85P197",
        "source_team": "T1T85P197",
        "user_profile": {
            "avatar_hash": "82931094ef90",
            "image_72": "https:\/\/avatars.slack-edge.com\/2022-06-17\/3708168624352_82931094ef904079310a_72.jpg",
            "first_name": "",
            "real_name": "Sherryl",
            "display_name": "Sherryl",
            "team": "T1T85P197",
            "name": "sherryl.henderson",
            "is_restricted": false,
            "is_ultra_restricted": false
        },
        "blocks": [
            {
                "type": "rich_text",
                "block_id": "fOtdi",
                "elements": [
                    {
                        "type": "rich_text_section",
                        "elements": [
                            {
                                "type": "text",
                                "text": "Like"
                            },
                            {
                                "type": "text",
                                "text": " "
                            },
                            {
                                "type": "text",
                                "text": "when"
                            },
                            {
                                "type": "text",
                                "text": " I "
                            },
                            {
                                "type": "text",
                                "text": "accessed"
                            },
                            {
                                "type": "text",
                                "text": " "
                            },
                            {
                                "type": "text",
                                "text": "his"
                            },
                            {
                                "type": "text",
                                "text": " "
                            },
                            {
                                "type": "text",
                                "text": "link"
                            },
                            {
                                "type": "text",
                                "text": " I "
                            },
                            {
                                "type": "text",
                                "text": "hit"
                            },
                            {
                                "type": "text",
                                "text": " "
                            },
                            {
                                "type": "text",
                                "text": "no"
                            },
                            {
                                "type": "text",
                                "text": " "
                            },
                            {
                                "type": "text",
                                "text": "when"
                            },
                            {
                                "type": "text",
                                "text": " I "
                            },
                            {
                                "type": "text",
                                "text": "got"
                            },
                            {
                                "type": "text",
                                "text": " "
                            },
                            {
                                "type": "text",
                                "text": "to"
                            },
                            {
                                "type": "text",
                                "text": " "
                            },
                            {
                                "type": "text",
                                "text": "the"
                            },
                            {
                                "type": "text",
                                "text": " end "
                            },
                            {
                                "type": "text",
                                "text": "and"
                            },
                            {
                                "type": "text",
                                "text": " "
                            },
                            {
                                "type": "text",
                                "text": "saw"
                            },
                            {
                                "type": "text",
                                "text": " "
                            },
                            {
                                "type": "text",
                                "text": "the"
                            },
                            {
                                "type": "text",
                                "text": " "
                            },
                            {
                                "type": "text",
                                "text": "links"
                            },
                            {
                                "type": "text",
                                "text": " "
                            },
                            {
                                "type": "text",
                                "text": "were"
                            },
                            {
                                "type": "text",
                                "text": " email specific "
                            }
                        ]
                    }
                ]
            }
        ]
    },
    {
        "user": "U010N31RYMV",
        "type": "message",
        "ts": "1655425492.354249",
        "client_msg_id": "38CC9DA9-51B8-4251-AA21-FBEF02C30063",
        "text": "That's exactly my fault. But it's fun!  If I don't get my lasagna I'm going nuclear though. ",
        "team": "T1T85P197",
        "user_team": "T1T85P197",
        "source_team": "T1T85P197",
        "user_profile": {
            "avatar_hash": "084d1d915961",
            "image_72": "https:\/\/avatars.slack-edge.com\/2021-06-11\/2162938824690_084d1d915961fd2a1fcb_72.png",
            "first_name": "",
            "real_name": "David Schulz",
            "display_name": "David Schulz",
            "team": "T1T85P197",
            "name": "schulzd",
            "is_restricted": false,
            "is_ultra_restricted": false
        },
        "blocks": [
            {
                "type": "rich_text",
                "block_id": "9A2",
                "elements": [
                    {
                        "type": "rich_text_section",
                        "elements": [
                            {
                                "type": "text",
                                "text": "That's "
                            },
                            {
                                "type": "text",
                                "text": "exactly"
                            },
                            {
                                "type": "text",
                                "text": " my fault"
                            },
                            {
                                "type": "text",
                                "text": ". But"
                            },
                            {
                                "type": "text",
                                "text": " it's "
                            },
                            {
                                "type": "text",
                                "text": "fun!"
                            },
                            {
                                "type": "text",
                                "text": "  If I don't "
                            },
                            {
                                "type": "text",
                                "text": "get"
                            },
                            {
                                "type": "text",
                                "text": " "
                            },
                            {
                                "type": "text",
                                "text": "my"
                            },
                            {
                                "type": "text",
                                "text": " "
                            },
                            {
                                "type": "text",
                                "text": "lasagna"
                            },
                            {
                                "type": "text",
                                "text": " I'm "
                            },
                            {
                                "type": "text",
                                "text": "going"
                            },
                            {
                                "type": "text",
                                "text": " "
                            },
                            {
                                "type": "text",
                                "text": "nuclear"
                            },
                            {
                                "type": "text",
                                "text": " "
                            },
                            {
                                "type": "text",
                                "text": "though. "
                            }
                        ]
                    }
                ]
            }
        ]
    },
    {
        "user": "U0112A19YFN",
        "type": "message",
        "ts": "1655425605.719929",
        "client_msg_id": "42E41519-9C4F-438E-A393-16AADF1C8109",
        "text": "Someone bring back up lasagna lol",
        "team": "T1T85P197",
        "user_team": "T1T85P197",
        "source_team": "T1T85P197",
        "user_profile": {
            "avatar_hash": "82931094ef90",
            "image_72": "https:\/\/avatars.slack-edge.com\/2022-06-17\/3708168624352_82931094ef904079310a_72.jpg",
            "first_name": "",
            "real_name": "Sherryl",
            "display_name": "Sherryl",
            "team": "T1T85P197",
            "name": "sherryl.henderson",
            "is_restricted": false,
            "is_ultra_restricted": false
        },
        "blocks": [
            {
                "type": "rich_text",
                "block_id": "IvZLg",
                "elements": [
                    {
                        "type": "rich_text_section",
                        "elements": [
                            {
                                "type": "text",
                                "text": "Someone "
                            },
                            {
                                "type": "text",
                                "text": "bring"
                            },
                            {
                                "type": "text",
                                "text": " "
                            },
                            {
                                "type": "text",
                                "text": "back"
                            },
                            {
                                "type": "text",
                                "text": " "
                            },
                            {
                                "type": "text",
                                "text": "up"
                            },
                            {
                                "type": "text",
                                "text": " lasagna "
                            },
                            {
                                "type": "text",
                                "text": "lol"
                            }
                        ]
                    }
                ]
            }
        ]
    }
]