[
    {
        "user": "U028ZEAHA6S",
        "type": "message",
        "ts": "1647969613.795919",
        "client_msg_id": "1b59a0bb-ffb6-42c8-93b4-c925f2180ba6",
        "text": "I signed up for the lab meeting on April 11, and plan to do a journal club.  Does anyone have suggestions? Any recent papers that might be interesting\/relevant to the lab? If not, I’m sure I can find something but thought you all might be aware of new papers worth scrutinizing.",
        "team": "T1T85P197",
        "user_team": "T1T85P197",
        "source_team": "T1T85P197",
        "user_profile": {
            "avatar_hash": "1839fba3b3db",
            "image_72": "https:\/\/avatars.slack-edge.com\/2021-07-27\/2341195265936_1839fba3b3db46348d0b_72.png",
            "first_name": "",
            "real_name": "Brian Lane",
            "display_name": "Brian Lane",
            "team": "T1T85P197",
            "name": "laneb",
            "is_restricted": false,
            "is_ultra_restricted": false
        },
        "blocks": [
            {
                "type": "rich_text",
                "block_id": "kdh1r",
                "elements": [
                    {
                        "type": "rich_text_section",
                        "elements": [
                            {
                                "type": "text",
                                "text": "I signed up for the lab meeting on April 11, and plan to do a journal club.  Does anyone have suggestions? Any recent papers that might be interesting\/relevant to the lab? If not, I’m sure I can find something but thought you all might be aware of new papers worth scrutinizing."
                            }
                        ]
                    }
                ]
            }
        ]
    },
    {
        "text": "I have not had a chance to look at this, but how about the attached?  Some of the input data look familiar, as do the authors. And I have been asked about following this up with some of our newer data by the authors as well.",
        "files": [
            {
                "id": "F037R6HKB63",
                "created": 1647970088,
                "timestamp": 1647970088,
                "name": "Franci_O'Leary_Golowasch_2020 Positive dynamical network in neuronal regulation.pdf",
                "title": "Franci_O'Leary_Golowasch_2020 Positive dynamical network in neuronal regulation.pdf",
                "mimetype": "application\/pdf",
                "filetype": "pdf",
                "pretty_type": "PDF",
                "user": "U010N31RYMV",
                "user_team": "T1T85P197",
                "editable": false,
                "size": 2319165,
                "mode": "hosted",
                "is_external": false,
                "external_type": "",
                "is_public": true,
                "public_url_shared": false,
                "display_as_bot": false,
                "username": "",
                "url_private": "https:\/\/files.slack.com\/files-pri\/T1T85P197-F037R6HKB63\/franci_o_leary_golowasch_2020_positive_dynamical_network_in_neuronal_regulation.pdf?t=xoxe-61277783313-6938219705459-6931704589846-f9456fee8056b431d8cc920b3927c14d",
                "url_private_download": "https:\/\/files.slack.com\/files-pri\/T1T85P197-F037R6HKB63\/download\/franci_o_leary_golowasch_2020_positive_dynamical_network_in_neuronal_regulation.pdf?t=xoxe-61277783313-6938219705459-6931704589846-f9456fee8056b431d8cc920b3927c14d",
                "media_display_type": "unknown",
                "thumb_pdf": "https:\/\/files.slack.com\/files-tmb\/T1T85P197-F037R6HKB63-fd4436e7fa\/franci_o_leary_golowasch_2020_positive_dynamical_network_in_neuronal_regulation_thumb_pdf.png?t=xoxe-61277783313-6938219705459-6931704589846-f9456fee8056b431d8cc920b3927c14d",
                "thumb_pdf_w": 935,
                "thumb_pdf_h": 1210,
                "permalink": "https:\/\/schulzlab.slack.com\/files\/U010N31RYMV\/F037R6HKB63\/franci_o_leary_golowasch_2020_positive_dynamical_network_in_neuronal_regulation.pdf",
                "permalink_public": "https:\/\/slack-files.com\/T1T85P197-F037R6HKB63-f889e3ae38",
                "is_starred": false,
                "has_rich_preview": false,
                "file_access": "visible"
            }
        ],
        "upload": false,
        "user": "U010N31RYMV",
        "display_as_bot": false,
        "blocks": [
            {
                "type": "rich_text",
                "block_id": "JLbJ",
                "elements": [
                    {
                        "type": "rich_text_section",
                        "elements": [
                            {
                                "type": "text",
                                "text": "I have not had a chance to look at this, but how about the attached?  Some of the input data look familiar, as do the authors. And I have been asked about following this up with some of our newer data by the authors as well."
                            }
                        ]
                    }
                ]
            }
        ],
        "type": "message",
        "ts": "1647970092.407679",
        "client_msg_id": "04b877b9-661a-4c4d-981a-2e50c1911680"
    },
    {
        "user": "U028ZEAHA6S",
        "type": "message",
        "ts": "1647971447.782529",
        "client_msg_id": "8aad3cf6-0db7-4516-badd-0fe54679d4c9",
        "text": "Interesting. Looks like this is essentially an extension of O’Leary et al 2014, and probably wouldn’t make sense without having read that paper. I remember reading that one when it came out (and liked it very much), but has everyone else read it?",
        "team": "T1T85P197",
        "user_team": "T1T85P197",
        "source_team": "T1T85P197",
        "user_profile": {
            "avatar_hash": "1839fba3b3db",
            "image_72": "https:\/\/avatars.slack-edge.com\/2021-07-27\/2341195265936_1839fba3b3db46348d0b_72.png",
            "first_name": "",
            "real_name": "Brian Lane",
            "display_name": "Brian Lane",
            "team": "T1T85P197",
            "name": "laneb",
            "is_restricted": false,
            "is_ultra_restricted": false
        },
        "blocks": [
            {
                "type": "rich_text",
                "block_id": "rmL=n",
                "elements": [
                    {
                        "type": "rich_text_section",
                        "elements": [
                            {
                                "type": "text",
                                "text": "Interesting. Looks like this is essentially an extension of O’Leary et al 2014, and probably wouldn’t make sense without having read that paper. I remember reading that one when it came out (and liked it very much), but has everyone else read it?"
                            }
                        ]
                    }
                ]
            }
        ]
    },
    {
        "user": "U0103JSQYLB",
        "type": "message",
        "ts": "1647972721.454489",
        "client_msg_id": "2D62F037-CAF2-4520-B920-E7EA4666E3F2",
        "text": "Yes I've read the two modeling papers he wrote ",
        "team": "T1T85P197",
        "user_team": "T1T85P197",
        "source_team": "T1T85P197",
        "user_profile": {
            "avatar_hash": "94bf4a6c3643",
            "image_72": "https:\/\/avatars.slack-edge.com\/2023-05-20\/5309607146049_94bf4a6c3643af0ab428_72.png",
            "first_name": "Joe",
            "real_name": "Joe",
            "display_name": "Joe",
            "team": "T1T85P197",
            "name": "joseviteri",
            "is_restricted": false,
            "is_ultra_restricted": false
        },
        "blocks": [
            {
                "type": "rich_text",
                "block_id": "ET7",
                "elements": [
                    {
                        "type": "rich_text_section",
                        "elements": [
                            {
                                "type": "text",
                                "text": "Yes I've read the two modeling papers he wrote "
                            }
                        ]
                    }
                ]
            }
        ]
    },
    {
        "user": "U0103JSQYLB",
        "type": "message",
        "ts": "1647972807.766859",
        "client_msg_id": "82A00165-013C-4428-976F-40119C18E90C",
        "text": "Figure 1 looks familiar Dave …",
        "team": "T1T85P197",
        "user_team": "T1T85P197",
        "source_team": "T1T85P197",
        "user_profile": {
            "avatar_hash": "94bf4a6c3643",
            "image_72": "https:\/\/avatars.slack-edge.com\/2023-05-20\/5309607146049_94bf4a6c3643af0ab428_72.png",
            "first_name": "Joe",
            "real_name": "Joe",
            "display_name": "Joe",
            "team": "T1T85P197",
            "name": "joseviteri",
            "is_restricted": false,
            "is_ultra_restricted": false
        },
        "blocks": [
            {
                "type": "rich_text",
                "block_id": "bRIX",
                "elements": [
                    {
                        "type": "rich_text_section",
                        "elements": [
                            {
                                "type": "text",
                                "text": "Figure 1 looks familiar Dave …"
                            }
                        ]
                    }
                ]
            }
        ]
    }
]