[
    {
        "user": "U010N31RYMV",
        "type": "message",
        "ts": "1643982084.278559",
        "client_msg_id": "c7cf1d72-ebc7-4bfd-8ba0-6b00e95246d8",
        "text": "A quick message from campus from Steve Heinrich (our facilities maintenance person): \"Roads and sidewalks are horrible, so be careful.\"  If you're headed in for any reason, be very careful.",
        "team": "T1T85P197",
        "user_team": "T1T85P197",
        "source_team": "T1T85P197",
        "user_profile": {
            "avatar_hash": "084d1d915961",
            "image_72": "https:\/\/avatars.slack-edge.com\/2021-06-11\/2162938824690_084d1d915961fd2a1fcb_72.png",
            "first_name": "",
            "real_name": "David Schulz",
            "display_name": "David Schulz",
            "team": "T1T85P197",
            "name": "schulzd",
            "is_restricted": false,
            "is_ultra_restricted": false
        },
        "blocks": [
            {
                "type": "rich_text",
                "block_id": "rG=d",
                "elements": [
                    {
                        "type": "rich_text_section",
                        "elements": [
                            {
                                "type": "text",
                                "text": "A quick message from campus from Steve Heinrich (our facilities maintenance person): \"Roads and sidewalks are horrible, so be careful.\"  If you're headed in for any reason, be very careful."
                            }
                        ]
                    }
                ]
            }
        ],
        "reactions": [
            {
                "name": "crab",
                "users": [
                    "U0103JSQYLB"
                ],
                "count": 1
            }
        ]
    },
    {
        "user": "U1T7R897Y",
        "type": "message",
        "ts": "1643987145.648519",
        "edited": {
            "user": "U1T7R897Y",
            "ts": "1643987179.000000"
        },
        "client_msg_id": "7B7BFF75-1BF1-4732-ACFF-4336C4406FDD",
        "text": "The roads aren't looking too good still. Sidewalks around memorial union are cleared and salted with those closer to the edges still snow covered.",
        "team": "T1T85P197",
        "user_team": "T1T85P197",
        "source_team": "T1T85P197",
        "user_profile": {
            "avatar_hash": "c8cca50bc366",
            "image_72": "https:\/\/avatars.slack-edge.com\/2021-05-11\/2054490932018_c8cca50bc366ce61d83e_72.png",
            "first_name": "Daniel",
            "real_name": "Daniel Kick",
            "display_name": "Daniel",
            "team": "T1T85P197",
            "name": "daniel",
            "is_restricted": false,
            "is_ultra_restricted": false
        },
        "blocks": [
            {
                "type": "rich_text",
                "block_id": "2HY",
                "elements": [
                    {
                        "type": "rich_text_section",
                        "elements": [
                            {
                                "type": "text",
                                "text": "The roads aren't looking too good still. Sidewalks around memorial union are cleared and salted with those closer to the edges still snow covered."
                            }
                        ]
                    }
                ]
            }
        ]
    },
    {
        "user": "U0103JSQYLB",
        "type": "message",
        "ts": "1644001708.453359",
        "client_msg_id": "ECD1DA64-379F-40D8-8E72-9EB6815F6A81",
        "text": "Smaller roads still covered. Providence looks freeish ",
        "team": "T1T85P197",
        "user_team": "T1T85P197",
        "source_team": "T1T85P197",
        "user_profile": {
            "avatar_hash": "94bf4a6c3643",
            "image_72": "https:\/\/avatars.slack-edge.com\/2023-05-20\/5309607146049_94bf4a6c3643af0ab428_72.png",
            "first_name": "Joe",
            "real_name": "Joe",
            "display_name": "Joe",
            "team": "T1T85P197",
            "name": "joseviteri",
            "is_restricted": false,
            "is_ultra_restricted": false
        },
        "blocks": [
            {
                "type": "rich_text",
                "block_id": "1yVxr",
                "elements": [
                    {
                        "type": "rich_text_section",
                        "elements": [
                            {
                                "type": "text",
                                "text": "Smaller roads still covered. Providence looks freeish "
                            }
                        ]
                    }
                ]
            }
        ]
    },
    {
        "user": "U010N31RYMV",
        "type": "message",
        "ts": "1644002401.203129",
        "client_msg_id": "aaab6a3e-c8f2-4007-9575-a98996c0af87",
        "text": "From Alan Marshall:\n\"There will be a power outage at the Telecom Data Center tomorrow beginning at 8:00 am. I will be shutting down the web and database servers prior to the outage so departmental lab websites and some databases will be unavailable tomorrow. It is possible that some other university services will be down during the maintenance window. Please let me know if you have any concerns.\"",
        "team": "T1T85P197",
        "user_team": "T1T85P197",
        "source_team": "T1T85P197",
        "user_profile": {
            "avatar_hash": "084d1d915961",
            "image_72": "https:\/\/avatars.slack-edge.com\/2021-06-11\/2162938824690_084d1d915961fd2a1fcb_72.png",
            "first_name": "",
            "real_name": "David Schulz",
            "display_name": "David Schulz",
            "team": "T1T85P197",
            "name": "schulzd",
            "is_restricted": false,
            "is_ultra_restricted": false
        },
        "blocks": [
            {
                "type": "rich_text",
                "block_id": "2uC",
                "elements": [
                    {
                        "type": "rich_text_section",
                        "elements": [
                            {
                                "type": "text",
                                "text": "From Alan Marshall:\n\"There will be a power outage at the Telecom Data Center tomorrow beginning at 8:00 am. I will be shutting down the web and database servers prior to the outage so departmental lab websites and some databases will be unavailable tomorrow. It is possible that some other university services will be down during the maintenance window. Please let me know if you have any concerns.\""
                            }
                        ]
                    }
                ]
            }
        ]
    },
    {
        "user": "U0103JSQYLB",
        "type": "message",
        "ts": "1644002426.029639",
        "client_msg_id": "ABB64A80-E89E-42A1-875F-63BE9D960BFF",
        "text": "Thanks Dave ",
        "team": "T1T85P197",
        "user_team": "T1T85P197",
        "source_team": "T1T85P197",
        "user_profile": {
            "avatar_hash": "94bf4a6c3643",
            "image_72": "https:\/\/avatars.slack-edge.com\/2023-05-20\/5309607146049_94bf4a6c3643af0ab428_72.png",
            "first_name": "Joe",
            "real_name": "Joe",
            "display_name": "Joe",
            "team": "T1T85P197",
            "name": "joseviteri",
            "is_restricted": false,
            "is_ultra_restricted": false
        },
        "blocks": [
            {
                "type": "rich_text",
                "block_id": "TWg",
                "elements": [
                    {
                        "type": "rich_text_section",
                        "elements": [
                            {
                                "type": "text",
                                "text": "Thanks Dave "
                            }
                        ]
                    }
                ]
            }
        ]
    },
    {
        "user": "U010N31RYMV",
        "type": "message",
        "ts": "1644002452.931889",
        "client_msg_id": "fd9e15a8-0be3-44be-b3d3-c3f6a657f936",
        "text": "I guess worst case scenario the lab server is down tomorrow morning.",
        "team": "T1T85P197",
        "user_team": "T1T85P197",
        "source_team": "T1T85P197",
        "user_profile": {
            "avatar_hash": "084d1d915961",
            "image_72": "https:\/\/avatars.slack-edge.com\/2021-06-11\/2162938824690_084d1d915961fd2a1fcb_72.png",
            "first_name": "",
            "real_name": "David Schulz",
            "display_name": "David Schulz",
            "team": "T1T85P197",
            "name": "schulzd",
            "is_restricted": false,
            "is_ultra_restricted": false
        },
        "blocks": [
            {
                "type": "rich_text",
                "block_id": "O3J",
                "elements": [
                    {
                        "type": "rich_text_section",
                        "elements": [
                            {
                                "type": "text",
                                "text": "I guess worst case scenario the lab server is down tomorrow morning."
                            }
                        ]
                    }
                ]
            }
        ]
    },
    {
        "user": "U0103JSQYLB",
        "type": "message",
        "ts": "1644002747.499599",
        "client_msg_id": "DC2AF4F4-DD1C-4B31-80D2-313BEE9B6684",
        "text": "Don't think neuron poking needs the interwebs ",
        "team": "T1T85P197",
        "user_team": "T1T85P197",
        "source_team": "T1T85P197",
        "user_profile": {
            "avatar_hash": "94bf4a6c3643",
            "image_72": "https:\/\/avatars.slack-edge.com\/2023-05-20\/5309607146049_94bf4a6c3643af0ab428_72.png",
            "first_name": "Joe",
            "real_name": "Joe",
            "display_name": "Joe",
            "team": "T1T85P197",
            "name": "joseviteri",
            "is_restricted": false,
            "is_ultra_restricted": false
        },
        "thread_ts": "1644002747.499599",
        "reply_count": 2,
        "reply_users_count": 2,
        "latest_reply": "1644008475.726339",
        "reply_users": [
            "U1T7R897Y",
            "U0103JSQYLB"
        ],
        "replies": [
            {
                "user": "U1T7R897Y",
                "ts": "1644002921.656369"
            },
            {
                "user": "U0103JSQYLB",
                "ts": "1644008475.726339"
            }
        ],
        "is_locked": false,
        "subscribed": true,
        "last_read": "1644008475.726339",
        "blocks": [
            {
                "type": "rich_text",
                "block_id": "z=vZT",
                "elements": [
                    {
                        "type": "rich_text_section",
                        "elements": [
                            {
                                "type": "text",
                                "text": "Don't think neuron poking needs the interwebs "
                            }
                        ]
                    }
                ]
            }
        ]
    },
    {
        "user": "U1T7R897Y",
        "type": "message",
        "ts": "1644002921.656369",
        "client_msg_id": "47213DEE-5BA7-461E-AAB2-BE2D51127512",
        "text": "That's a common misconception. IHTK linearizes with low Wi-Fi strength.",
        "team": "T1T85P197",
        "user_team": "T1T85P197",
        "source_team": "T1T85P197",
        "user_profile": {
            "avatar_hash": "c8cca50bc366",
            "image_72": "https:\/\/avatars.slack-edge.com\/2021-05-11\/2054490932018_c8cca50bc366ce61d83e_72.png",
            "first_name": "Daniel",
            "real_name": "Daniel Kick",
            "display_name": "Daniel",
            "team": "T1T85P197",
            "name": "daniel",
            "is_restricted": false,
            "is_ultra_restricted": false
        },
        "thread_ts": "1644002747.499599",
        "parent_user_id": "U0103JSQYLB",
        "blocks": [
            {
                "type": "rich_text",
                "block_id": "zGy",
                "elements": [
                    {
                        "type": "rich_text_section",
                        "elements": [
                            {
                                "type": "text",
                                "text": "That's a common misconception. IHTK linearizes with low Wi-Fi strength."
                            }
                        ]
                    }
                ]
            }
        ],
        "reactions": [
            {
                "name": "crab",
                "users": [
                    "U010N31RYMV"
                ],
                "count": 1
            },
            {
                "name": "laughing",
                "users": [
                    "U010N31RYMV"
                ],
                "count": 1
            },
            {
                "name": "joy",
                "users": [
                    "U0103JSQYLB"
                ],
                "count": 1
            }
        ]
    },
    {
        "user": "U010N31RYMV",
        "type": "message",
        "ts": "1644007545.716199",
        "client_msg_id": "65770015-1b01-4e6b-80db-391ffff69d2c",
        "text": "Hey, look at what is on the interweb:  <https:\/\/mostpolicyinitiative.org\/childhood-inspires-a-career-in-science\/>",
        "team": "T1T85P197",
        "user_team": "T1T85P197",
        "source_team": "T1T85P197",
        "user_profile": {
            "avatar_hash": "084d1d915961",
            "image_72": "https:\/\/avatars.slack-edge.com\/2021-06-11\/2162938824690_084d1d915961fd2a1fcb_72.png",
            "first_name": "",
            "real_name": "David Schulz",
            "display_name": "David Schulz",
            "team": "T1T85P197",
            "name": "schulzd",
            "is_restricted": false,
            "is_ultra_restricted": false
        },
        "blocks": [
            {
                "type": "rich_text",
                "block_id": "M1tA",
                "elements": [
                    {
                        "type": "rich_text_section",
                        "elements": [
                            {
                                "type": "text",
                                "text": "Hey, look at what is on the interweb:  "
                            },
                            {
                                "type": "link",
                                "url": "https:\/\/mostpolicyinitiative.org\/childhood-inspires-a-career-in-science\/"
                            }
                        ]
                    }
                ]
            }
        ],
        "reactions": [
            {
                "name": "eyes",
                "users": [
                    "U010CH4JLKE"
                ],
                "count": 1
            }
        ]
    },
    {
        "user": "U0103JSQYLB",
        "type": "message",
        "ts": "1644008475.726339",
        "client_msg_id": "14DF7AE8-53BF-4889-9977-A71656768C9C",
        "text": "This is why we don't invite you anywhere anymore ",
        "team": "T1T85P197",
        "user_team": "T1T85P197",
        "source_team": "T1T85P197",
        "user_profile": {
            "avatar_hash": "94bf4a6c3643",
            "image_72": "https:\/\/avatars.slack-edge.com\/2023-05-20\/5309607146049_94bf4a6c3643af0ab428_72.png",
            "first_name": "Joe",
            "real_name": "Joe",
            "display_name": "Joe",
            "team": "T1T85P197",
            "name": "joseviteri",
            "is_restricted": false,
            "is_ultra_restricted": false
        },
        "thread_ts": "1644002747.499599",
        "parent_user_id": "U0103JSQYLB",
        "blocks": [
            {
                "type": "rich_text",
                "block_id": "SOY",
                "elements": [
                    {
                        "type": "rich_text_section",
                        "elements": [
                            {
                                "type": "text",
                                "text": "This is why we don't invite you anywhere anymore "
                            }
                        ]
                    }
                ]
            }
        ]
    }
]