[
    {
        "user": "U010N31RYMV",
        "type": "message",
        "ts": "1656340447.083659",
        "client_msg_id": "a5effb6d-7ebc-4abe-aab4-62541ce1fef3",
        "text": "Good morning, everyone.  Because it has been a bit of a mixed bag with respect to security and keying around lefevre hall lately, we are going to re-key the new lab space to all be on one key so that we are not juggling multiple key types and the like.  This will take place shortly, and then I will get you all keys to the new space. At this time, it doesn't make much sense to get new keys for the current locks.  I may have a couple extras if need be. Thanks for your patience.",
        "team": "T1T85P197",
        "user_team": "T1T85P197",
        "source_team": "T1T85P197",
        "user_profile": {
            "avatar_hash": "084d1d915961",
            "image_72": "https:\/\/avatars.slack-edge.com\/2021-06-11\/2162938824690_084d1d915961fd2a1fcb_72.png",
            "first_name": "",
            "real_name": "David Schulz",
            "display_name": "David Schulz",
            "team": "T1T85P197",
            "name": "schulzd",
            "is_restricted": false,
            "is_ultra_restricted": false
        },
        "blocks": [
            {
                "type": "rich_text",
                "block_id": "5LrBE",
                "elements": [
                    {
                        "type": "rich_text_section",
                        "elements": [
                            {
                                "type": "text",
                                "text": "Good morning, everyone.  Because it has been a bit of a mixed bag with respect to security and keying around lefevre hall lately, we are going to re-key the new lab space to all be on one key so that we are not juggling multiple key types and the like.  This will take place shortly, and then I will get you all keys to the new space. At this time, it doesn't make much sense to get new keys for the current locks.  I may have a couple extras if need be. Thanks for your patience."
                            }
                        ]
                    }
                ]
            }
        ],
        "reactions": [
            {
                "name": "crab",
                "users": [
                    "U0103JSQYLB"
                ],
                "count": 1
            },
            {
                "name": "+1",
                "users": [
                    "U010CH4JLKE"
                ],
                "count": 1
            }
        ]
    },
    {
        "user": "U010N31RYMV",
        "type": "message",
        "ts": "1656353603.936099",
        "client_msg_id": "3A9EE800-BF40-4776-86A8-22B47E3E944B",
        "text": "Are there any network ports in lefevre that need resolving? Or is all working well?",
        "team": "T1T85P197",
        "user_team": "T1T85P197",
        "source_team": "T1T85P197",
        "user_profile": {
            "avatar_hash": "084d1d915961",
            "image_72": "https:\/\/avatars.slack-edge.com\/2021-06-11\/2162938824690_084d1d915961fd2a1fcb_72.png",
            "first_name": "",
            "real_name": "David Schulz",
            "display_name": "David Schulz",
            "team": "T1T85P197",
            "name": "schulzd",
            "is_restricted": false,
            "is_ultra_restricted": false
        },
        "blocks": [
            {
                "type": "rich_text",
                "block_id": "KMA",
                "elements": [
                    {
                        "type": "rich_text_section",
                        "elements": [
                            {
                                "type": "text",
                                "text": "Are"
                            },
                            {
                                "type": "text",
                                "text": " "
                            },
                            {
                                "type": "text",
                                "text": "there"
                            },
                            {
                                "type": "text",
                                "text": " "
                            },
                            {
                                "type": "text",
                                "text": "any"
                            },
                            {
                                "type": "text",
                                "text": " "
                            },
                            {
                                "type": "text",
                                "text": "network"
                            },
                            {
                                "type": "text",
                                "text": " ports "
                            },
                            {
                                "type": "text",
                                "text": "in"
                            },
                            {
                                "type": "text",
                                "text": " "
                            },
                            {
                                "type": "text",
                                "text": "lefevre"
                            },
                            {
                                "type": "text",
                                "text": " "
                            },
                            {
                                "type": "text",
                                "text": "that"
                            },
                            {
                                "type": "text",
                                "text": " need "
                            },
                            {
                                "type": "text",
                                "text": "resolving?"
                            },
                            {
                                "type": "text",
                                "text": " "
                            },
                            {
                                "type": "text",
                                "text": "Or"
                            },
                            {
                                "type": "text",
                                "text": " "
                            },
                            {
                                "type": "text",
                                "text": "is"
                            },
                            {
                                "type": "text",
                                "text": " "
                            },
                            {
                                "type": "text",
                                "text": "all"
                            },
                            {
                                "type": "text",
                                "text": " "
                            },
                            {
                                "type": "text",
                                "text": "working"
                            },
                            {
                                "type": "text",
                                "text": " "
                            },
                            {
                                "type": "text",
                                "text": "well?"
                            }
                        ]
                    }
                ]
            }
        ]
    },
    {
        "user": "U0112A19YFN",
        "type": "message",
        "ts": "1656353639.635329",
        "client_msg_id": "CD9B6EF4-1FD3-414D-9EC9-35A2AEC15026",
        "text": "My computer is working well not sure about anyone else's ",
        "team": "T1T85P197",
        "user_team": "T1T85P197",
        "source_team": "T1T85P197",
        "user_profile": {
            "avatar_hash": "82931094ef90",
            "image_72": "https:\/\/avatars.slack-edge.com\/2022-06-17\/3708168624352_82931094ef904079310a_72.jpg",
            "first_name": "",
            "real_name": "Sherryl",
            "display_name": "Sherryl",
            "team": "T1T85P197",
            "name": "sherryl.henderson",
            "is_restricted": false,
            "is_ultra_restricted": false
        },
        "blocks": [
            {
                "type": "rich_text",
                "block_id": "1OAa+",
                "elements": [
                    {
                        "type": "rich_text_section",
                        "elements": [
                            {
                                "type": "text",
                                "text": "My"
                            },
                            {
                                "type": "text",
                                "text": " computer "
                            },
                            {
                                "type": "text",
                                "text": "is"
                            },
                            {
                                "type": "text",
                                "text": " working "
                            },
                            {
                                "type": "text",
                                "text": "well"
                            },
                            {
                                "type": "text",
                                "text": " not "
                            },
                            {
                                "type": "text",
                                "text": "sure"
                            },
                            {
                                "type": "text",
                                "text": " about anyone else's "
                            }
                        ]
                    }
                ]
            }
        ]
    },
    {
        "user": "U0103JSQYLB",
        "type": "message",
        "ts": "1656353667.827859",
        "client_msg_id": "0b43bc56-9492-4bb3-a65c-8bfdbb5e4df0",
        "text": "just in case, these are the ports that needed activation : 1212, 1210, 1208, 1209, 1214, 1215, 1213",
        "team": "T1T85P197",
        "user_team": "T1T85P197",
        "source_team": "T1T85P197",
        "user_profile": {
            "avatar_hash": "94bf4a6c3643",
            "image_72": "https:\/\/avatars.slack-edge.com\/2023-05-20\/5309607146049_94bf4a6c3643af0ab428_72.png",
            "first_name": "Joe",
            "real_name": "Joe",
            "display_name": "Joe",
            "team": "T1T85P197",
            "name": "joseviteri",
            "is_restricted": false,
            "is_ultra_restricted": false
        },
        "blocks": [
            {
                "type": "rich_text",
                "block_id": "bWz8C",
                "elements": [
                    {
                        "type": "rich_text_section",
                        "elements": [
                            {
                                "type": "text",
                                "text": "just in case, these are the ports that needed activation : 1212, 1210, 1208, 1209, 1214, 1215, 1213"
                            }
                        ]
                    }
                ]
            }
        ]
    },
    {
        "user": "U02D68LLBAQ",
        "type": "message",
        "ts": "1656353731.621429",
        "client_msg_id": "aaf2f450-0913-4413-b484-e07da560aac6",
        "text": "My computer is working well",
        "team": "T1T85P197",
        "user_team": "T1T85P197",
        "source_team": "T1T85P197",
        "user_profile": {
            "avatar_hash": "gb96e34dee9e",
            "image_72": "https:\/\/secure.gravatar.com\/avatar\/b96e34dee9ededc7a4375e8c8aed1dec.jpg?s=72&d=https%3A%2F%2Fa.slack-edge.com%2Fdf10d%2Fimg%2Favatars%2Fava_0002-72.png",
            "first_name": "Arturo",
            "real_name": "Arturo Rosete",
            "display_name": "",
            "team": "T1T85P197",
            "name": "arrrx423",
            "is_restricted": false,
            "is_ultra_restricted": false
        },
        "blocks": [
            {
                "type": "rich_text",
                "block_id": "zMo",
                "elements": [
                    {
                        "type": "rich_text_section",
                        "elements": [
                            {
                                "type": "text",
                                "text": "My computer is working well"
                            }
                        ]
                    }
                ]
            }
        ]
    },
    {
        "user": "U010N31RYMV",
        "type": "message",
        "ts": "1656367493.539259",
        "client_msg_id": "56988370-8217-4fa7-967c-5ea50e3169c1",
        "text": "Dear all,\n\nWe are excited to have Dr. Ansgar Büschges present on _\"Neural Control of Posture and Locomotion - insights from studying (mostly) insects.\"_ \nJoin us tomorrow, Tuesday, June 28th, at 2:30 pm (EDT), and please share the zoom details listed below with your students.\n\nSee you soon,\nNelly and Smita\n\n~~~~~~~~~~~\nJoin Zoom Meeting\n<https:\/\/einsteinmed.zoom.us\/j\/96202303502>",
        "team": "T1T85P197",
        "user_team": "T1T85P197",
        "source_team": "T1T85P197",
        "user_profile": {
            "avatar_hash": "084d1d915961",
            "image_72": "https:\/\/avatars.slack-edge.com\/2021-06-11\/2162938824690_084d1d915961fd2a1fcb_72.png",
            "first_name": "",
            "real_name": "David Schulz",
            "display_name": "David Schulz",
            "team": "T1T85P197",
            "name": "schulzd",
            "is_restricted": false,
            "is_ultra_restricted": false
        },
        "attachments": [
            {
                "id": 1,
                "blocks": [
                    {
                        "type": "call",
                        "call_id": "R03N2MR3VK2",
                        "block_id": "I7=",
                        "api_decoration_available": false,
                        "call": {
                            "v1": {
                                "id": "R03N2MR3VK2",
                                "app_id": "A5GE9BMQC",
                                "app_icon_urls": {
                                    "image_32": "https:\/\/slack-files2.s3-us-west-2.amazonaws.com\/avatars\/2017-09-21\/245295805989_06e77af1bfb8e3c81d4d_32.png",
                                    "image_36": "https:\/\/slack-files2.s3-us-west-2.amazonaws.com\/avatars\/2017-09-21\/245295805989_06e77af1bfb8e3c81d4d_36.png",
                                    "image_48": "https:\/\/slack-files2.s3-us-west-2.amazonaws.com\/avatars\/2017-09-21\/245295805989_06e77af1bfb8e3c81d4d_48.png",
                                    "image_64": "https:\/\/slack-files2.s3-us-west-2.amazonaws.com\/avatars\/2017-09-21\/245295805989_06e77af1bfb8e3c81d4d_64.png",
                                    "image_72": "https:\/\/slack-files2.s3-us-west-2.amazonaws.com\/avatars\/2017-09-21\/245295805989_06e77af1bfb8e3c81d4d_72.png",
                                    "image_96": "https:\/\/slack-files2.s3-us-west-2.amazonaws.com\/avatars\/2017-09-21\/245295805989_06e77af1bfb8e3c81d4d_96.png",
                                    "image_128": "https:\/\/slack-files2.s3-us-west-2.amazonaws.com\/avatars\/2017-09-21\/245295805989_06e77af1bfb8e3c81d4d_128.png",
                                    "image_192": "https:\/\/slack-files2.s3-us-west-2.amazonaws.com\/avatars\/2017-09-21\/245295805989_06e77af1bfb8e3c81d4d_192.png",
                                    "image_512": "https:\/\/slack-files2.s3-us-west-2.amazonaws.com\/avatars\/2017-09-21\/245295805989_06e77af1bfb8e3c81d4d_512.png",
                                    "image_1024": "https:\/\/slack-files2.s3-us-west-2.amazonaws.com\/avatars\/2017-09-21\/245295805989_06e77af1bfb8e3c81d4d_1024.png"
                                },
                                "date_start": 1656367494,
                                "active_participants": [],
                                "all_participants": [],
                                "display_id": "962-0230-3502",
                                "join_url": "https:\/\/einsteinmed.zoom.us\/j\/96202303502",
                                "name": "Zoom meeting",
                                "created_by": "U010KUFKU5A",
                                "date_end": 1656455154,
                                "channels": [
                                    "C1T7U1664"
                                ],
                                "is_dm_call": false,
                                "was_rejected": false,
                                "was_missed": false,
                                "was_accepted": false,
                                "has_ended": true
                            },
                            "media_backend_type": "platform_call"
                        }
                    }
                ],
                "fallback": "[no preview available]",
                "bot_id": "B0108U2K57V",
                "app_unfurl_url": "https:\/\/einsteinmed.zoom.us\/j\/96202303502",
                "is_app_unfurl": true,
                "app_id": "A5GE9BMQC"
            }
        ],
        "blocks": [
            {
                "type": "rich_text",
                "block_id": "Pyi",
                "elements": [
                    {
                        "type": "rich_text_section",
                        "elements": [
                            {
                                "type": "text",
                                "text": "Dear all,\n\nWe are excited to have Dr. Ansgar Büschges present on "
                            },
                            {
                                "type": "text",
                                "text": "\"Neural Control of Posture and Locomotion - insights from studying (mostly) insects.\" ",
                                "style": {
                                    "italic": true
                                }
                            },
                            {
                                "type": "text",
                                "text": "\nJoin us tomorrow, Tuesday, June 28th, at 2:30 pm (EDT), and please share the zoom details listed below with your students.\n\nSee you soon,\nNelly and Smita\n\n~~~~~~~~~~~\nJoin Zoom Meeting\n"
                            },
                            {
                                "type": "link",
                                "url": "https:\/\/einsteinmed.zoom.us\/j\/96202303502"
                            }
                        ]
                    }
                ]
            }
        ],
        "reactions": [
            {
                "name": "+1",
                "users": [
                    "U03HQJB1ZBN"
                ],
                "count": 1
            }
        ]
    },
    {
        "user": "U010N31RYMV",
        "type": "message",
        "ts": "1656367504.386329",
        "client_msg_id": "5def8b9b-bc19-4ce9-a838-9be30a450152",
        "text": "^^^ STG talk tomorrow for those interested and able to attend.",
        "team": "T1T85P197",
        "user_team": "T1T85P197",
        "source_team": "T1T85P197",
        "user_profile": {
            "avatar_hash": "084d1d915961",
            "image_72": "https:\/\/avatars.slack-edge.com\/2021-06-11\/2162938824690_084d1d915961fd2a1fcb_72.png",
            "first_name": "",
            "real_name": "David Schulz",
            "display_name": "David Schulz",
            "team": "T1T85P197",
            "name": "schulzd",
            "is_restricted": false,
            "is_ultra_restricted": false
        },
        "blocks": [
            {
                "type": "rich_text",
                "block_id": "iuJ",
                "elements": [
                    {
                        "type": "rich_text_section",
                        "elements": [
                            {
                                "type": "text",
                                "text": "^^^ STG talk tomorrow for those interested and able to attend."
                            }
                        ]
                    }
                ]
            }
        ]
    }
]