[
    {
        "user": "U010N31RYMV",
        "type": "message",
        "ts": "1642599211.010200",
        "client_msg_id": "2A51EA1A-56E2-4609-B7E7-4A3D5BADCA5F",
        "text": "A reminder that ACUC will be inspecting Lefevre Hall tomorrow morning at 8am. Please make sure all is good. Thank you. ",
        "team": "T1T85P197",
        "user_team": "T1T85P197",
        "source_team": "T1T85P197",
        "user_profile": {
            "avatar_hash": "084d1d915961",
            "image_72": "https:\/\/avatars.slack-edge.com\/2021-06-11\/2162938824690_084d1d915961fd2a1fcb_72.png",
            "first_name": "",
            "real_name": "David Schulz",
            "display_name": "David Schulz",
            "team": "T1T85P197",
            "name": "schulzd",
            "is_restricted": false,
            "is_ultra_restricted": false
        },
        "blocks": [
            {
                "type": "rich_text",
                "block_id": "7fG",
                "elements": [
                    {
                        "type": "rich_text_section",
                        "elements": [
                            {
                                "type": "text",
                                "text": "A reminder that ACUC will be inspecting Lefevre Hall tomorrow morning at 8am. Please make sure all is good. Thank you. "
                            }
                        ]
                    }
                ]
            }
        ]
    }
]