[
    {
        "user": "U010N31RYMV",
        "type": "message",
        "ts": "1644929955.398639",
        "client_msg_id": "77bed57c-f377-45f0-aafe-38639ce1d612",
        "text": "Hi everyone - just an early heads up for weather on Thursday. Missouri is going to pull one of its whiplash weather weeks, and it's going to feel like spring for two days and then they're expecting ice and snow overnight Wednesday and into Thursday morning.  Especially if it is ice, do not mess around with that stuff!",
        "team": "T1T85P197",
        "user_team": "T1T85P197",
        "source_team": "T1T85P197",
        "user_profile": {
            "avatar_hash": "084d1d915961",
            "image_72": "https:\/\/avatars.slack-edge.com\/2021-06-11\/2162938824690_084d1d915961fd2a1fcb_72.png",
            "first_name": "",
            "real_name": "David Schulz",
            "display_name": "David Schulz",
            "team": "T1T85P197",
            "name": "schulzd",
            "is_restricted": false,
            "is_ultra_restricted": false
        },
        "blocks": [
            {
                "type": "rich_text",
                "block_id": "=NRbr",
                "elements": [
                    {
                        "type": "rich_text_section",
                        "elements": [
                            {
                                "type": "text",
                                "text": "Hi everyone - just an early heads up for weather on Thursday. Missouri is going to pull one of its whiplash weather weeks, and it's going to feel like spring for two days and then they're expecting ice and snow overnight Wednesday and into Thursday morning.  Especially if it is ice, do not mess around with that stuff!"
                            }
                        ]
                    }
                ]
            }
        ],
        "reactions": [
            {
                "name": "ok_hand::skin-tone-4",
                "users": [
                    "U0103JSQYLB"
                ],
                "count": 1
            }
        ]
    }
]