[
    {
        "user": "U010N31RYMV",
        "type": "message",
        "ts": "1655498007.887159",
        "client_msg_id": "defea23d-4428-4a04-83d0-d3c36b7aa3c1",
        "text": "You will forget (and so will I), but for fair warning, we are expecting a power outage in Lefevre room 6 on July 6.  Thank you.",
        "team": "T1T85P197",
        "user_team": "T1T85P197",
        "source_team": "T1T85P197",
        "user_profile": {
            "avatar_hash": "084d1d915961",
            "image_72": "https:\/\/avatars.slack-edge.com\/2021-06-11\/2162938824690_084d1d915961fd2a1fcb_72.png",
            "first_name": "",
            "real_name": "David Schulz",
            "display_name": "David Schulz",
            "team": "T1T85P197",
            "name": "schulzd",
            "is_restricted": false,
            "is_ultra_restricted": false
        },
        "blocks": [
            {
                "type": "rich_text",
                "block_id": "xt6",
                "elements": [
                    {
                        "type": "rich_text_section",
                        "elements": [
                            {
                                "type": "text",
                                "text": "You will forget (and so will I), but for fair warning, we are expecting a power outage in Lefevre room 6 on July 6.  Thank you."
                            }
                        ]
                    }
                ]
            }
        ],
        "reactions": [
            {
                "name": "+1::skin-tone-4",
                "users": [
                    "U0112A19YFN"
                ],
                "count": 1
            },
            {
                "name": "+1",
                "users": [
                    "U02D68LLBAQ"
                ],
                "count": 1
            },
            {
                "name": "crab",
                "users": [
                    "U0103JSQYLB"
                ],
                "count": 1
            }
        ]
    }
]