[
    {
        "text": "IN case I did not send these earlier, here are today's Neurobiology Foundation slides.",
        "files": [
            {
                "id": "F03JT18SE3B",
                "created": 1654521876,
                "timestamp": 1654521876,
                "name": "IntroLectureR25-2017.pdf",
                "title": "IntroLectureR25-2017.pdf",
                "mimetype": "application\/pdf",
                "filetype": "pdf",
                "pretty_type": "PDF",
                "user": "U010N31RYMV",
                "user_team": "T1T85P197",
                "editable": false,
                "size": 2181973,
                "mode": "hosted",
                "is_external": false,
                "external_type": "",
                "is_public": true,
                "public_url_shared": false,
                "display_as_bot": false,
                "username": "",
                "url_private": "https:\/\/files.slack.com\/files-pri\/T1T85P197-F03JT18SE3B\/introlecturer25-2017.pdf?t=xoxe-61277783313-6938219705459-6931704589846-f9456fee8056b431d8cc920b3927c14d",
                "url_private_download": "https:\/\/files.slack.com\/files-pri\/T1T85P197-F03JT18SE3B\/download\/introlecturer25-2017.pdf?t=xoxe-61277783313-6938219705459-6931704589846-f9456fee8056b431d8cc920b3927c14d",
                "media_display_type": "unknown",
                "thumb_pdf": "https:\/\/files.slack.com\/files-tmb\/T1T85P197-F03JT18SE3B-fbdf3d6df9\/introlecturer25-2017_thumb_pdf.png?t=xoxe-61277783313-6938219705459-6931704589846-f9456fee8056b431d8cc920b3927c14d",
                "thumb_pdf_w": 1100,
                "thumb_pdf_h": 825,
                "permalink": "https:\/\/schulzlab.slack.com\/files\/U010N31RYMV\/F03JT18SE3B\/introlecturer25-2017.pdf",
                "permalink_public": "https:\/\/slack-files.com\/T1T85P197-F03JT18SE3B-8c96ca7b73",
                "is_starred": false,
                "has_rich_preview": false,
                "file_access": "visible"
            }
        ],
        "upload": false,
        "user": "U010N31RYMV",
        "display_as_bot": false,
        "blocks": [
            {
                "type": "rich_text",
                "block_id": "8XDB",
                "elements": [
                    {
                        "type": "rich_text_section",
                        "elements": [
                            {
                                "type": "text",
                                "text": "IN case I did not send these earlier, here are today's Neurobiology Foundation slides."
                            }
                        ]
                    }
                ]
            }
        ],
        "type": "message",
        "ts": "1654521879.563769",
        "client_msg_id": "2c72cd2f-1404-4303-9ed7-deb41d74b6cb"
    }
]