[
    {
        "user": "U010N31RYMV",
        "type": "message",
        "ts": "1656599471.773899",
        "client_msg_id": "d114f4c1-fa20-4ca4-87e8-4ea22238fb5f",
        "text": "hi everyone.  I have some serious plumbing issues at home so I will be here trying to coordinate with a plumber we hope will come by.  If you need me, grab me via digital communication media.  Thanks.",
        "team": "T1T85P197",
        "user_team": "T1T85P197",
        "source_team": "T1T85P197",
        "user_profile": {
            "avatar_hash": "084d1d915961",
            "image_72": "https:\/\/avatars.slack-edge.com\/2021-06-11\/2162938824690_084d1d915961fd2a1fcb_72.png",
            "first_name": "",
            "real_name": "David Schulz",
            "display_name": "David Schulz",
            "team": "T1T85P197",
            "name": "schulzd",
            "is_restricted": false,
            "is_ultra_restricted": false
        },
        "blocks": [
            {
                "type": "rich_text",
                "block_id": "oET",
                "elements": [
                    {
                        "type": "rich_text_section",
                        "elements": [
                            {
                                "type": "text",
                                "text": "hi everyone.  I have some serious plumbing issues at home so I will be here trying to coordinate with a plumber we hope will come by.  If you need me, grab me via digital communication media.  Thanks."
                            }
                        ]
                    }
                ]
            }
        ]
    },
    {
        "user": "U010N31RYMV",
        "type": "message",
        "ts": "1656633344.991359",
        "client_msg_id": "4d763165-5d71-4b61-9ac1-b43c5a8f78a6",
        "text": "Hi everyone.  We will meet tomorrow for data wrangling, and Jose will present some of his new data and analysis on his neuromodulator project.  See you at noon!  Lunch is to be determined.",
        "team": "T1T85P197",
        "user_team": "T1T85P197",
        "source_team": "T1T85P197",
        "user_profile": {
            "avatar_hash": "084d1d915961",
            "image_72": "https:\/\/avatars.slack-edge.com\/2021-06-11\/2162938824690_084d1d915961fd2a1fcb_72.png",
            "first_name": "",
            "real_name": "David Schulz",
            "display_name": "David Schulz",
            "team": "T1T85P197",
            "name": "schulzd",
            "is_restricted": false,
            "is_ultra_restricted": false
        },
        "blocks": [
            {
                "type": "rich_text",
                "block_id": "zZBy",
                "elements": [
                    {
                        "type": "rich_text_section",
                        "elements": [
                            {
                                "type": "text",
                                "text": "Hi everyone.  We will meet tomorrow for data wrangling, and Jose will present some of his new data and analysis on his neuromodulator project.  See you at noon!  Lunch is to be determined."
                            }
                        ]
                    }
                ]
            }
        ]
    }
]