[
    {
        "user": "U010N31RYMV",
        "type": "message",
        "ts": "1658322671.954529",
        "client_msg_id": "18D0A29A-CA52-4F99-8E76-AC08A6602AC1",
        "text": "Good morning. If you don't have your new key yet, they are on Ginny's desk in 205 lefevre. Let us know if you pick one up and no one is there to see it happen.\n\nI am dropping Laura and her car off with the mechanic and will make my way to 204 lefevre this morning and hang out for a bit if anyone needs anything.  Remember our writing workshop has gone purely voluntary, drop in drop out, and is now in 204 lefevre. ",
        "team": "T1T85P197",
        "user_team": "T1T85P197",
        "source_team": "T1T85P197",
        "user_profile": {
            "avatar_hash": "084d1d915961",
            "image_72": "https:\/\/avatars.slack-edge.com\/2021-06-11\/2162938824690_084d1d915961fd2a1fcb_72.png",
            "first_name": "",
            "real_name": "David Schulz",
            "display_name": "David Schulz",
            "team": "T1T85P197",
            "name": "schulzd",
            "is_restricted": false,
            "is_ultra_restricted": false
        },
        "thread_ts": "1658322671.954529",
        "reply_count": 1,
        "reply_users_count": 1,
        "latest_reply": "1658414629.582359",
        "reply_users": [
            "U010CH4JLKE"
        ],
        "replies": [
            {
                "user": "U010CH4JLKE",
                "ts": "1658414629.582359"
            }
        ],
        "is_locked": false,
        "subscribed": false,
        "blocks": [
            {
                "type": "rich_text",
                "block_id": "78FU",
                "elements": [
                    {
                        "type": "rich_text_section",
                        "elements": [
                            {
                                "type": "text",
                                "text": "Good morning. If you don't have your new key yet, they are on Ginny's desk in 205 lefevre. Let us know if you pick one up and no one is there to see it happen."
                            },
                            {
                                "type": "text",
                                "text": "\n"
                            },
                            {
                                "type": "text",
                                "text": "\nI am dropping Laura and her car off with the mechanic and will make my way to 204 lefevre this morning and hang out for a bit if anyone needs anything.  Remember our writing workshop has gone purely voluntary, drop in drop out, and is now in 204 lefevre. "
                            }
                        ]
                    }
                ]
            }
        ]
    },
    {
        "user": "U010N31RYMV",
        "type": "message",
        "ts": "1658325293.114179",
        "client_msg_id": "BDF0EEA3-4AD7-4859-9DA1-D94C5F402D7A",
        "text": "Seeing no company this morning, I will be headed to Tucker. Have a good day. ",
        "team": "T1T85P197",
        "user_team": "T1T85P197",
        "source_team": "T1T85P197",
        "user_profile": {
            "avatar_hash": "084d1d915961",
            "image_72": "https:\/\/avatars.slack-edge.com\/2021-06-11\/2162938824690_084d1d915961fd2a1fcb_72.png",
            "first_name": "",
            "real_name": "David Schulz",
            "display_name": "David Schulz",
            "team": "T1T85P197",
            "name": "schulzd",
            "is_restricted": false,
            "is_ultra_restricted": false
        },
        "blocks": [
            {
                "type": "rich_text",
                "block_id": "zA\/s5",
                "elements": [
                    {
                        "type": "rich_text_section",
                        "elements": [
                            {
                                "type": "text",
                                "text": "Seeing no company this morning, I will be headed to Tucker. Have a good day. "
                            }
                        ]
                    }
                ]
            }
        ]
    },
    {
        "user": "U010N31RYMV",
        "type": "message",
        "ts": "1658356462.013659",
        "client_msg_id": "ef08677c-f4b7-425a-baab-861e475c7ef2",
        "text": "Great news everyone!  Institutional Biosafety has decided that labs using TTX should probably be categorized as BSL-2 instead of BSL-1. Therefore, if you are listed on our protocol (and you all are, except maybe Brian), you will be required to complete a new series of training modules for compliance!  Hooray!!!\n\n[REU friends, this is not something you need to complete]\n\nMore details once the protocol is officially approved.  You're welcome.",
        "team": "T1T85P197",
        "user_team": "T1T85P197",
        "source_team": "T1T85P197",
        "user_profile": {
            "avatar_hash": "084d1d915961",
            "image_72": "https:\/\/avatars.slack-edge.com\/2021-06-11\/2162938824690_084d1d915961fd2a1fcb_72.png",
            "first_name": "",
            "real_name": "David Schulz",
            "display_name": "David Schulz",
            "team": "T1T85P197",
            "name": "schulzd",
            "is_restricted": false,
            "is_ultra_restricted": false
        },
        "blocks": [
            {
                "type": "rich_text",
                "block_id": "RBA=",
                "elements": [
                    {
                        "type": "rich_text_section",
                        "elements": [
                            {
                                "type": "text",
                                "text": "Great news everyone!  Institutional Biosafety has decided that labs using TTX should probably be categorized as BSL-2 instead of BSL-1. Therefore, if you are listed on our protocol (and you all are, except maybe Brian), you will be required to complete a new series of training modules for compliance!  Hooray!!!\n\n[REU friends, this is not something you need to complete]\n\nMore details once the protocol is officially approved.  You're welcome."
                            }
                        ]
                    }
                ]
            }
        ]
    },
    {
        "user": "U0103JSQYLB",
        "type": "message",
        "ts": "1658357222.896249",
        "client_msg_id": "43130B73-56CD-4497-A40D-F9DF1DB9A445",
        "text": "At least I can tell people now I work in a bsl2 lab and do dangerous shit ",
        "team": "T1T85P197",
        "user_team": "T1T85P197",
        "source_team": "T1T85P197",
        "user_profile": {
            "avatar_hash": "94bf4a6c3643",
            "image_72": "https:\/\/avatars.slack-edge.com\/2023-05-20\/5309607146049_94bf4a6c3643af0ab428_72.png",
            "first_name": "Joe",
            "real_name": "Joe",
            "display_name": "Joe",
            "team": "T1T85P197",
            "name": "joseviteri",
            "is_restricted": false,
            "is_ultra_restricted": false
        },
        "blocks": [
            {
                "type": "rich_text",
                "block_id": "RKC=T",
                "elements": [
                    {
                        "type": "rich_text_section",
                        "elements": [
                            {
                                "type": "text",
                                "text": "At least I can tell people now I work in a bsl2 lab and do dangerous shit "
                            }
                        ]
                    }
                ]
            }
        ],
        "reactions": [
            {
                "name": "muscle",
                "users": [
                    "U010N31RYMV",
                    "U1T7R897Y"
                ],
                "count": 2
            },
            {
                "name": "laughing",
                "users": [
                    "U0103JSQYLB"
                ],
                "count": 1
            }
        ]
    },
    {
        "user": "U010N31RYMV",
        "type": "message",
        "ts": "1658358585.447609",
        "edited": {
            "user": "U010N31RYMV",
            "ts": "1658359847.000000"
        },
        "client_msg_id": "de28fecd-92a0-4cba-a877-3e7677c782bb",
        "text": "This week will mark the end of our formal summer lab group activities.  Neurobiology Foundations got through a decent range of topics. Journal club has run its course, and I want to thank Brian for taking the lead on this and provide a quality experience for our REUs and others interested in delving more deeply into papers. Our writing workshops hopefully established a pattern of responsibility to carve out time for this critical activity, but you all voted with your feet this morning that gathering is not a top priority for this.  And we've accomplished some good foundation and data updates with data wrangling.\n\n*This Friday we will meet at 12:00* to  have a lab planning meeting for completing phase II of the move in Lefevre Hall, with an exit strategy for room 6 so Joe Santin's group can get in there. This will be our last group meeting for the summer.  I am happy to provide lunch one last time, and you all will need to let me know if that is pizza, subs, or burritos.\n\nThanks for these events this summer, I hope they were somewhat useful. The rest of the break will hopefully bring good science, some down time, and hopefully still some interactions and collaboration. We uprooted everything and moved the entire lab across campus....and Ginny is still alone in the molecular lab!  You all make sure Ginny doesn't get too lonely. And I will continue to haunt 204.",
        "team": "T1T85P197",
        "user_team": "T1T85P197",
        "source_team": "T1T85P197",
        "user_profile": {
            "avatar_hash": "084d1d915961",
            "image_72": "https:\/\/avatars.slack-edge.com\/2021-06-11\/2162938824690_084d1d915961fd2a1fcb_72.png",
            "first_name": "",
            "real_name": "David Schulz",
            "display_name": "David Schulz",
            "team": "T1T85P197",
            "name": "schulzd",
            "is_restricted": false,
            "is_ultra_restricted": false
        },
        "blocks": [
            {
                "type": "rich_text",
                "block_id": "kqF",
                "elements": [
                    {
                        "type": "rich_text_section",
                        "elements": [
                            {
                                "type": "text",
                                "text": "This week will mark the end of our formal summer lab group activities.  Neurobiology Foundations got through a decent range of topics. Journal club has run its course, and I want to thank Brian for taking the lead on this and provide a quality experience for our REUs and others interested in delving more deeply into papers. Our writing workshops hopefully established a pattern of responsibility to carve out time for this critical activity, but you all voted with your feet this morning that gathering is not a top priority for this.  And we've accomplished some good foundation and data updates with data wrangling.\n\n"
                            },
                            {
                                "type": "text",
                                "text": "This Friday we will meet at 12:00 ",
                                "style": {
                                    "bold": true
                                }
                            },
                            {
                                "type": "text",
                                "text": "to  have a lab planning meeting for completing phase II of the move in Lefevre Hall, with an exit strategy for room 6 so Joe Santin's group can get in there. This will be our last group meeting for the summer.  I am happy to provide lunch one last time, and you all will need to let me know if that is pizza, subs, or burritos.\n\nThanks for these events this summer, I hope they were somewhat useful. The rest of the break will hopefully bring good science, some down time, and hopefully still some interactions and collaboration. We uprooted everything and moved the entire lab across campus....and Ginny is still alone in the molecular lab!  You all make sure Ginny doesn't get too lonely. And I will continue to haunt 204."
                            }
                        ]
                    }
                ]
            }
        ]
    },
    {
        "user": "U010N31RYMV",
        "type": "message",
        "ts": "1658358679.102449",
        "client_msg_id": "ef9d9c68-7d72-4d73-9677-f6aef262a852",
        "text": "Next week Thursday (July 28) is the summer research forum where Glory and Richard will present their poster. Be sure to save the date!  Who knows...maybe there will be some nachos to mark the occasion......",
        "team": "T1T85P197",
        "user_team": "T1T85P197",
        "source_team": "T1T85P197",
        "user_profile": {
            "avatar_hash": "084d1d915961",
            "image_72": "https:\/\/avatars.slack-edge.com\/2021-06-11\/2162938824690_084d1d915961fd2a1fcb_72.png",
            "first_name": "",
            "real_name": "David Schulz",
            "display_name": "David Schulz",
            "team": "T1T85P197",
            "name": "schulzd",
            "is_restricted": false,
            "is_ultra_restricted": false
        },
        "blocks": [
            {
                "type": "rich_text",
                "block_id": "TwjyP",
                "elements": [
                    {
                        "type": "rich_text_section",
                        "elements": [
                            {
                                "type": "text",
                                "text": "Next week Thursday (July 28) is the summer research forum where Glory and Richard will present their poster. Be sure to save the date!  Who knows...maybe there will be some nachos to mark the occasion......"
                            }
                        ]
                    }
                ]
            }
        ]
    }
]