[
    {
        "subtype": "channel_join",
        "user": "U03JC0MSE8G",
        "text": "<@U03JC0MSE8G> has joined the channel",
        "type": "message",
        "ts": "1654003707.936929"
    },
    {
        "subtype": "channel_join",
        "user": "U03HQJB1ZBN",
        "text": "<@U03HQJB1ZBN> has joined the channel",
        "type": "message",
        "ts": "1654003819.837679"
    },
    {
        "user": "U010N31RYMV",
        "type": "message",
        "ts": "1654013695.335489",
        "client_msg_id": "f88d3d7e-cd76-486d-8452-5777d50a4bf9",
        "text": "Just want to take a moment to welcome our new REUs - Glory and Richard - to the Schulz Lab Slack channel!",
        "team": "T1T85P197",
        "user_team": "T1T85P197",
        "source_team": "T1T85P197",
        "user_profile": {
            "avatar_hash": "084d1d915961",
            "image_72": "https:\/\/avatars.slack-edge.com\/2021-06-11\/2162938824690_084d1d915961fd2a1fcb_72.png",
            "first_name": "",
            "real_name": "David Schulz",
            "display_name": "David Schulz",
            "team": "T1T85P197",
            "name": "schulzd",
            "is_restricted": false,
            "is_ultra_restricted": false
        },
        "blocks": [
            {
                "type": "rich_text",
                "block_id": "zpic2",
                "elements": [
                    {
                        "type": "rich_text_section",
                        "elements": [
                            {
                                "type": "text",
                                "text": "Just want to take a moment to welcome our new REUs - Glory and Richard - to the Schulz Lab Slack channel!"
                            }
                        ]
                    }
                ]
            }
        ]
    }
]