[
    {
        "user": "U028ZEAHA6S",
        "type": "message",
        "ts": "1672333189.698669",
        "client_msg_id": "a34cb553-aab5-4419-b089-ce37de4e5f6a",
        "text": "Just put it wherever you park your car",
        "team": "T1T85P197",
        "user_team": "T1T85P197",
        "source_team": "T1T85P197",
        "user_profile": {
            "avatar_hash": "1839fba3b3db",
            "image_72": "https:\/\/avatars.slack-edge.com\/2021-07-27\/2341195265936_1839fba3b3db46348d0b_72.png",
            "first_name": "",
            "real_name": "Brian Lane",
            "display_name": "Brian Lane",
            "team": "T1T85P197",
            "name": "laneb",
            "is_restricted": false,
            "is_ultra_restricted": false
        },
        "blocks": [
            {
                "type": "rich_text",
                "block_id": "XI0",
                "elements": [
                    {
                        "type": "rich_text_section",
                        "elements": [
                            {
                                "type": "text",
                                "text": "Just put it wherever you park your car"
                            }
                        ]
                    }
                ]
            }
        ],
        "reactions": [
            {
                "name": "brain",
                "users": [
                    "U010CH4JLKE"
                ],
                "count": 1
            }
        ]
    },
    {
        "user": "U010CH4JLKE",
        "type": "message",
        "ts": "1672333284.470549",
        "client_msg_id": "02e445f4-9819-4353-ab80-4332f24ee65c",
        "text": "It definitely won't fit on my desk.",
        "team": "T1T85P197",
        "user_team": "T1T85P197",
        "source_team": "T1T85P197",
        "user_profile": {
            "avatar_hash": "g20bb784c4fd",
            "image_72": "https:\/\/secure.gravatar.com\/avatar\/20bb784c4fdee8946cb76160792cd6f9.jpg?s=72&d=https%3A%2F%2Fa.slack-edge.com%2Fdf10d%2Fimg%2Favatars%2Fava_0023-72.png",
            "first_name": "",
            "real_name": "Benton",
            "display_name": "",
            "team": "T1T85P197",
            "name": "bentonberigan",
            "is_restricted": false,
            "is_ultra_restricted": false
        },
        "blocks": [
            {
                "type": "rich_text",
                "block_id": "IGFz",
                "elements": [
                    {
                        "type": "rich_text_section",
                        "elements": [
                            {
                                "type": "text",
                                "text": "It definitely won't fit on my desk."
                            }
                        ]
                    }
                ]
            }
        ]
    },
    {
        "user": "U028ZEAHA6S",
        "type": "message",
        "ts": "1672333345.116399",
        "client_msg_id": "c06d2390-beb4-4281-9593-aa7f2529a7e5",
        "text": "I bet the boss would be willing to find you a bigger desk. When something this important comes along, you must find a way.",
        "team": "T1T85P197",
        "user_team": "T1T85P197",
        "source_team": "T1T85P197",
        "user_profile": {
            "avatar_hash": "1839fba3b3db",
            "image_72": "https:\/\/avatars.slack-edge.com\/2021-07-27\/2341195265936_1839fba3b3db46348d0b_72.png",
            "first_name": "",
            "real_name": "Brian Lane",
            "display_name": "Brian Lane",
            "team": "T1T85P197",
            "name": "laneb",
            "is_restricted": false,
            "is_ultra_restricted": false
        },
        "blocks": [
            {
                "type": "rich_text",
                "block_id": "k5v",
                "elements": [
                    {
                        "type": "rich_text_section",
                        "elements": [
                            {
                                "type": "text",
                                "text": "I bet the boss would be willing to find you a bigger desk. When something this important comes along, you must find a way."
                            }
                        ]
                    }
                ]
            }
        ],
        "reactions": [
            {
                "name": "rolling_on_the_floor_laughing",
                "users": [
                    "U010CH4JLKE"
                ],
                "count": 1
            }
        ]
    },
    {
        "text": "My friend used to work for a municipality in St. Louis, and when they retired some street signs 10 years ago I was gifted this:",
        "files": [
            {
                "id": "F04H1BE2K6G",
                "created": 1672333335,
                "timestamp": 1672333335,
                "name": "20221228_083756.jpg",
                "title": "20221228_083756.jpg",
                "mimetype": "image\/jpeg",
                "filetype": "jpg",
                "pretty_type": "JPEG",
                "user": "U010CH4JLKE",
                "user_team": "T1T85P197",
                "editable": false,
                "size": 1487888,
                "mode": "hosted",
                "is_external": false,
                "external_type": "",
                "is_public": true,
                "public_url_shared": false,
                "display_as_bot": false,
                "username": "",
                "url_private": "https:\/\/files.slack.com\/files-pri\/T1T85P197-F04H1BE2K6G\/20221228_083756.jpg?t=xoxe-61277783313-6938219705459-6931704589846-f9456fee8056b431d8cc920b3927c14d",
                "url_private_download": "https:\/\/files.slack.com\/files-pri\/T1T85P197-F04H1BE2K6G\/download\/20221228_083756.jpg?t=xoxe-61277783313-6938219705459-6931704589846-f9456fee8056b431d8cc920b3927c14d",
                "media_display_type": "unknown",
                "thumb_64": "https:\/\/files.slack.com\/files-tmb\/T1T85P197-F04H1BE2K6G-1e0c37c40b\/20221228_083756_64.jpg?t=xoxe-61277783313-6938219705459-6931704589846-f9456fee8056b431d8cc920b3927c14d",
                "thumb_80": "https:\/\/files.slack.com\/files-tmb\/T1T85P197-F04H1BE2K6G-1e0c37c40b\/20221228_083756_80.jpg?t=xoxe-61277783313-6938219705459-6931704589846-f9456fee8056b431d8cc920b3927c14d",
                "thumb_360": "https:\/\/files.slack.com\/files-tmb\/T1T85P197-F04H1BE2K6G-1e0c37c40b\/20221228_083756_360.jpg?t=xoxe-61277783313-6938219705459-6931704589846-f9456fee8056b431d8cc920b3927c14d",
                "thumb_360_w": 360,
                "thumb_360_h": 270,
                "thumb_480": "https:\/\/files.slack.com\/files-tmb\/T1T85P197-F04H1BE2K6G-1e0c37c40b\/20221228_083756_480.jpg?t=xoxe-61277783313-6938219705459-6931704589846-f9456fee8056b431d8cc920b3927c14d",
                "thumb_480_w": 480,
                "thumb_480_h": 360,
                "thumb_160": "https:\/\/files.slack.com\/files-tmb\/T1T85P197-F04H1BE2K6G-1e0c37c40b\/20221228_083756_160.jpg?t=xoxe-61277783313-6938219705459-6931704589846-f9456fee8056b431d8cc920b3927c14d",
                "thumb_720": "https:\/\/files.slack.com\/files-tmb\/T1T85P197-F04H1BE2K6G-1e0c37c40b\/20221228_083756_720.jpg?t=xoxe-61277783313-6938219705459-6931704589846-f9456fee8056b431d8cc920b3927c14d",
                "thumb_720_w": 720,
                "thumb_720_h": 540,
                "thumb_800": "https:\/\/files.slack.com\/files-tmb\/T1T85P197-F04H1BE2K6G-1e0c37c40b\/20221228_083756_800.jpg?t=xoxe-61277783313-6938219705459-6931704589846-f9456fee8056b431d8cc920b3927c14d",
                "thumb_800_w": 800,
                "thumb_800_h": 600,
                "thumb_960": "https:\/\/files.slack.com\/files-tmb\/T1T85P197-F04H1BE2K6G-1e0c37c40b\/20221228_083756_960.jpg?t=xoxe-61277783313-6938219705459-6931704589846-f9456fee8056b431d8cc920b3927c14d",
                "thumb_960_w": 960,
                "thumb_960_h": 720,
                "thumb_1024": "https:\/\/files.slack.com\/files-tmb\/T1T85P197-F04H1BE2K6G-1e0c37c40b\/20221228_083756_1024.jpg?t=xoxe-61277783313-6938219705459-6931704589846-f9456fee8056b431d8cc920b3927c14d",
                "thumb_1024_w": 1024,
                "thumb_1024_h": 768,
                "original_w": 4032,
                "original_h": 3024,
                "thumb_tiny": "AwAkADCOjGaNwA60BumAeenFAXHBaTGKXf2wc\/SmFvY\/lQF0LntS00H0B\/KlBB45yKAugMQ28U9cBQNp6elOApcUXE1cjBwFG08Ec0AlQOCTjHtUh6dKSncXKR5+9w3JyKRQQ5OCAfWpKXqKLgo2FApR2oHegdqRQlIelLSHpQAEcCgd6D0FA6GgD\/\/Z",
                "permalink": "https:\/\/schulzlab.slack.com\/files\/U010CH4JLKE\/F04H1BE2K6G\/20221228_083756.jpg",
                "permalink_public": "https:\/\/slack-files.com\/T1T85P197-F04H1BE2K6G-0a7d8e2f7d",
                "is_starred": false,
                "has_rich_preview": false,
                "file_access": "visible"
            }
        ],
        "upload": false,
        "user": "U010CH4JLKE",
        "display_as_bot": false,
        "blocks": [
            {
                "type": "rich_text",
                "block_id": "OID",
                "elements": [
                    {
                        "type": "rich_text_section",
                        "elements": [
                            {
                                "type": "text",
                                "text": "My friend used to work for a municipality in St. Louis, and when they retired some street signs 10 years ago I was gifted this:"
                            }
                        ]
                    }
                ]
            }
        ],
        "type": "message",
        "ts": "1672333454.861489",
        "client_msg_id": "14e81630-f744-4802-986e-e44cc7352964"
    }
]