[
    {
        "text": "Hi everyone, attached is article I will be presenting next week. See you all this upcoming Monday!",
        "files": [
            {
                "id": "F04M9UT4WAZ",
                "created": 1675185746,
                "timestamp": 1675185746,
                "name": "jeb244736.pdf",
                "title": "jeb244736.pdf",
                "mimetype": "application\/pdf",
                "filetype": "pdf",
                "pretty_type": "PDF",
                "user": "U02D68LLBAQ",
                "user_team": "T1T85P197",
                "editable": false,
                "size": 3140443,
                "mode": "hosted",
                "is_external": false,
                "external_type": "",
                "is_public": true,
                "public_url_shared": false,
                "display_as_bot": false,
                "username": "",
                "url_private": "https:\/\/files.slack.com\/files-pri\/T1T85P197-F04M9UT4WAZ\/jeb244736.pdf?t=xoxe-61277783313-6938219705459-6931704589846-f9456fee8056b431d8cc920b3927c14d",
                "url_private_download": "https:\/\/files.slack.com\/files-pri\/T1T85P197-F04M9UT4WAZ\/download\/jeb244736.pdf?t=xoxe-61277783313-6938219705459-6931704589846-f9456fee8056b431d8cc920b3927c14d",
                "media_display_type": "unknown",
                "thumb_pdf": "https:\/\/files.slack.com\/files-tmb\/T1T85P197-F04M9UT4WAZ-2ce33a3453\/jeb244736_thumb_pdf.png?t=xoxe-61277783313-6938219705459-6931704589846-f9456fee8056b431d8cc920b3927c14d",
                "thumb_pdf_w": 935,
                "thumb_pdf_h": 1210,
                "permalink": "https:\/\/schulzlab.slack.com\/files\/U02D68LLBAQ\/F04M9UT4WAZ\/jeb244736.pdf",
                "permalink_public": "https:\/\/slack-files.com\/T1T85P197-F04M9UT4WAZ-14727e4dfc",
                "is_starred": false,
                "has_rich_preview": false,
                "file_access": "visible"
            }
        ],
        "upload": false,
        "user": "U02D68LLBAQ",
        "display_as_bot": false,
        "blocks": [
            {
                "type": "rich_text",
                "block_id": "yWte",
                "elements": [
                    {
                        "type": "rich_text_section",
                        "elements": [
                            {
                                "type": "text",
                                "text": "Hi everyone, attached is article I will be presenting next week. See you all this upcoming Monday!"
                            }
                        ]
                    }
                ]
            }
        ],
        "type": "message",
        "ts": "1675185870.860979",
        "client_msg_id": "ce8210e4-b0e3-4fe3-8411-e1a63115fdd6",
        "reactions": [
            {
                "name": "crab",
                "users": [
                    "U010N31RYMV"
                ],
                "count": 1
            }
        ]
    },
    {
        "user": "U010N31RYMV",
        "type": "message",
        "ts": "1675196938.415459",
        "client_msg_id": "874eec5f-ca61-41d4-be3d-b7d2357cdbe5",
        "text": "If you have it in your bandwidth to support the Biolunch and the inclusion of external speakers in particular, I hope you will consider doing so. But I totally get it if you're jammed up elsewise. 3:30 today in room 18 - scientific illustration, which should be neat.",
        "team": "T1T85P197",
        "user_team": "T1T85P197",
        "source_team": "T1T85P197",
        "user_profile": {
            "avatar_hash": "084d1d915961",
            "image_72": "https:\/\/avatars.slack-edge.com\/2021-06-11\/2162938824690_084d1d915961fd2a1fcb_72.png",
            "first_name": "",
            "real_name": "David Schulz",
            "display_name": "David Schulz",
            "team": "T1T85P197",
            "name": "schulzd",
            "is_restricted": false,
            "is_ultra_restricted": false
        },
        "blocks": [
            {
                "type": "rich_text",
                "block_id": "eSri",
                "elements": [
                    {
                        "type": "rich_text_section",
                        "elements": [
                            {
                                "type": "text",
                                "text": "If you have it in your bandwidth to support the Biolunch and the inclusion of external speakers in particular, I hope you will consider doing so. But I totally get it if you're jammed up elsewise. 3:30 today in room 18 - scientific illustration, which should be neat."
                            }
                        ]
                    }
                ]
            }
        ]
    }
]