[
    {
        "user": "U010N31RYMV",
        "type": "message",
        "ts": "1690577501.426519",
        "client_msg_id": "20D3395A-EEBE-4A28-8291-82A4B85C5388",
        "text": "Ok friends. Whoever gets to Canteen first we probably need a table for 6-7. ",
        "team": "T1T85P197",
        "user_team": "T1T85P197",
        "source_team": "T1T85P197",
        "user_profile": {
            "avatar_hash": "084d1d915961",
            "image_72": "https:\/\/avatars.slack-edge.com\/2021-06-11\/2162938824690_084d1d915961fd2a1fcb_72.png",
            "first_name": "",
            "real_name": "David Schulz",
            "display_name": "David Schulz",
            "team": "T1T85P197",
            "name": "schulzd",
            "is_restricted": false,
            "is_ultra_restricted": false
        },
        "blocks": [
            {
                "type": "rich_text",
                "block_id": "fXsm",
                "elements": [
                    {
                        "type": "rich_text_section",
                        "elements": [
                            {
                                "type": "text",
                                "text": "Ok friends"
                            },
                            {
                                "type": "text",
                                "text": "."
                            },
                            {
                                "type": "text",
                                "text": " Whoever gets to Canteen first we probably need a table for 6-7"
                            },
                            {
                                "type": "text",
                                "text": "."
                            },
                            {
                                "type": "text",
                                "text": " "
                            }
                        ]
                    }
                ]
            }
        ]
    },
    {
        "user": "U0103JSQYLB",
        "type": "message",
        "ts": "1690578083.951079",
        "client_msg_id": "7CCE780F-77B5-44FC-B630-216C0DB45053",
        "text": "Just got a table at the far end ",
        "team": "T1T85P197",
        "user_team": "T1T85P197",
        "source_team": "T1T85P197",
        "user_profile": {
            "avatar_hash": "94bf4a6c3643",
            "image_72": "https:\/\/avatars.slack-edge.com\/2023-05-20\/5309607146049_94bf4a6c3643af0ab428_72.png",
            "first_name": "Joe",
            "real_name": "Joe",
            "display_name": "Joe",
            "team": "T1T85P197",
            "name": "joseviteri",
            "is_restricted": false,
            "is_ultra_restricted": false
        },
        "blocks": [
            {
                "type": "rich_text",
                "block_id": "rJ=Aw",
                "elements": [
                    {
                        "type": "rich_text_section",
                        "elements": [
                            {
                                "type": "text",
                                "text": "Just got a table at the far end "
                            }
                        ]
                    }
                ]
            }
        ]
    },
    {
        "user": "U010N31RYMV",
        "type": "message",
        "ts": "1690578104.334229",
        "client_msg_id": "EF81B15E-6F13-426D-977F-970AEA6CF8A7",
        "text": "Be there shortly. Start ordering. ",
        "team": "T1T85P197",
        "user_team": "T1T85P197",
        "source_team": "T1T85P197",
        "user_profile": {
            "avatar_hash": "084d1d915961",
            "image_72": "https:\/\/avatars.slack-edge.com\/2021-06-11\/2162938824690_084d1d915961fd2a1fcb_72.png",
            "first_name": "",
            "real_name": "David Schulz",
            "display_name": "David Schulz",
            "team": "T1T85P197",
            "name": "schulzd",
            "is_restricted": false,
            "is_ultra_restricted": false
        },
        "blocks": [
            {
                "type": "rich_text",
                "block_id": "DBuma",
                "elements": [
                    {
                        "type": "rich_text_section",
                        "elements": [
                            {
                                "type": "text",
                                "text": "Be there shortly"
                            },
                            {
                                "type": "text",
                                "text": "."
                            },
                            {
                                "type": "text",
                                "text": " Start ordering"
                            },
                            {
                                "type": "text",
                                "text": "."
                            },
                            {
                                "type": "text",
                                "text": " "
                            }
                        ]
                    }
                ]
            }
        ]
    },
    {
        "user": "U1T7R897Y",
        "type": "message",
        "ts": "1690578682.369569",
        "client_msg_id": "1B78F4CC-D93E-4645-858E-4161919BCA29",
        "text": "I’m running a behind but will be there soon!",
        "team": "T1T85P197",
        "user_team": "T1T85P197",
        "source_team": "T1T85P197",
        "user_profile": {
            "avatar_hash": "c8cca50bc366",
            "image_72": "https:\/\/avatars.slack-edge.com\/2021-05-11\/2054490932018_c8cca50bc366ce61d83e_72.png",
            "first_name": "Daniel",
            "real_name": "Daniel Kick",
            "display_name": "Daniel",
            "team": "T1T85P197",
            "name": "daniel",
            "is_restricted": false,
            "is_ultra_restricted": false
        },
        "blocks": [
            {
                "type": "rich_text",
                "block_id": "cTp+x",
                "elements": [
                    {
                        "type": "rich_text_section",
                        "elements": [
                            {
                                "type": "text",
                                "text": "I’m running a behind but will be there soon"
                            },
                            {
                                "type": "text",
                                "text": "!"
                            }
                        ]
                    }
                ]
            }
        ]
    },
    {
        "user": "U010N31RYMV",
        "type": "message",
        "ts": "1690578713.011879",
        "client_msg_id": "5E81F302-EB67-4B24-832E-B53E1FE75E53",
        "text": "That’s ok Daniel. Last one here buys so take your time.  ",
        "team": "T1T85P197",
        "user_team": "T1T85P197",
        "source_team": "T1T85P197",
        "user_profile": {
            "avatar_hash": "084d1d915961",
            "image_72": "https:\/\/avatars.slack-edge.com\/2021-06-11\/2162938824690_084d1d915961fd2a1fcb_72.png",
            "first_name": "",
            "real_name": "David Schulz",
            "display_name": "David Schulz",
            "team": "T1T85P197",
            "name": "schulzd",
            "is_restricted": false,
            "is_ultra_restricted": false
        },
        "blocks": [
            {
                "type": "rich_text",
                "block_id": "0Tp",
                "elements": [
                    {
                        "type": "rich_text_section",
                        "elements": [
                            {
                                "type": "text",
                                "text": "That’s"
                            },
                            {
                                "type": "text",
                                "text": " ok Daniel"
                            },
                            {
                                "type": "text",
                                "text": "."
                            },
                            {
                                "type": "text",
                                "text": " Last one here buys so take your time"
                            },
                            {
                                "type": "text",
                                "text": "."
                            },
                            {
                                "type": "text",
                                "text": "  "
                            }
                        ]
                    }
                ]
            }
        ]
    },
    {
        "text": "Francesca and Heidi - we will miss you.  Good luck on all of your future endeavors and stay in touch!!\n\nAttached for your perusal:",
        "files": [
            {
                "id": "F05KQJY7TA5",
                "created": 1690587924,
                "timestamp": 1690587924,
                "name": "2023-07-28 DBS Buzz.pdf",
                "title": "2023-07-28 DBS Buzz.pdf",
                "mimetype": "application\/pdf",
                "filetype": "pdf",
                "pretty_type": "PDF",
                "user": "U010N31RYMV",
                "user_team": "T1T85P197",
                "editable": false,
                "size": 1794029,
                "mode": "hosted",
                "is_external": false,
                "external_type": "",
                "is_public": true,
                "public_url_shared": false,
                "display_as_bot": false,
                "username": "",
                "url_private": "https:\/\/files.slack.com\/files-pri\/T1T85P197-F05KQJY7TA5\/2023-07-28_dbs_buzz.pdf?t=xoxe-61277783313-6938219705459-6931704589846-f9456fee8056b431d8cc920b3927c14d",
                "url_private_download": "https:\/\/files.slack.com\/files-pri\/T1T85P197-F05KQJY7TA5\/download\/2023-07-28_dbs_buzz.pdf?t=xoxe-61277783313-6938219705459-6931704589846-f9456fee8056b431d8cc920b3927c14d",
                "media_display_type": "unknown",
                "thumb_pdf": "https:\/\/files.slack.com\/files-tmb\/T1T85P197-F05KQJY7TA5-45a060ff13\/2023-07-28_dbs_buzz_thumb_pdf.png?t=xoxe-61277783313-6938219705459-6931704589846-f9456fee8056b431d8cc920b3927c14d",
                "thumb_pdf_w": 935,
                "thumb_pdf_h": 1210,
                "permalink": "https:\/\/schulzlab.slack.com\/files\/U010N31RYMV\/F05KQJY7TA5\/2023-07-28_dbs_buzz.pdf",
                "permalink_public": "https:\/\/slack-files.com\/T1T85P197-F05KQJY7TA5-b429de7b97",
                "is_starred": false,
                "has_rich_preview": false,
                "file_access": "visible"
            }
        ],
        "upload": false,
        "user": "U010N31RYMV",
        "display_as_bot": false,
        "blocks": [
            {
                "type": "rich_text",
                "block_id": "xFt5",
                "elements": [
                    {
                        "type": "rich_text_section",
                        "elements": [
                            {
                                "type": "text",
                                "text": "Francesca and Heidi - we will miss you.  Good luck on all of your future endeavors and stay in touch!!\n\nAttached for your perusal:"
                            }
                        ]
                    }
                ]
            }
        ],
        "type": "message",
        "ts": "1690587928.712279",
        "client_msg_id": "f3ec967a-094f-46d7-8ca4-3fa436a6682f",
        "reactions": [
            {
                "name": "worm",
                "users": [
                    "U02D68LLBAQ",
                    "U010N31RYMV",
                    "U0593C897L1"
                ],
                "count": 3
            }
        ]
    }
]