[
    {
        "user": "U010N31RYMV",
        "type": "message",
        "ts": "1675284175.027549",
        "client_msg_id": "B6C0F5DD-DA5E-459E-9171-AA846CD01E77",
        "text": "Lefevre stinks. Like, more than usual. Did we have anything die and go seafood? Or is that not our problem? ",
        "team": "T1T85P197",
        "user_team": "T1T85P197",
        "source_team": "T1T85P197",
        "user_profile": {
            "avatar_hash": "084d1d915961",
            "image_72": "https:\/\/avatars.slack-edge.com\/2021-06-11\/2162938824690_084d1d915961fd2a1fcb_72.png",
            "first_name": "",
            "real_name": "David Schulz",
            "display_name": "David Schulz",
            "team": "T1T85P197",
            "name": "schulzd",
            "is_restricted": false,
            "is_ultra_restricted": false
        },
        "blocks": [
            {
                "type": "rich_text",
                "block_id": "3cXxQ",
                "elements": [
                    {
                        "type": "rich_text_section",
                        "elements": [
                            {
                                "type": "text",
                                "text": "Lefevre stinks"
                            },
                            {
                                "type": "text",
                                "text": "."
                            },
                            {
                                "type": "text",
                                "text": " Like, more than usual"
                            },
                            {
                                "type": "text",
                                "text": "."
                            },
                            {
                                "type": "text",
                                "text": " Did we have anything die and go seafood? Or is that not our problem? "
                            }
                        ]
                    }
                ]
            }
        ]
    },
    {
        "user": "U0112A19YFN",
        "type": "message",
        "ts": "1675284278.022729",
        "client_msg_id": "9AA1E2B6-259A-4828-9F1D-BED85A3DE53E",
        "text": "If you’re talking about the smell near the mail room it definitely could be the cockroach aquarium ",
        "team": "T1T85P197",
        "user_team": "T1T85P197",
        "source_team": "T1T85P197",
        "user_profile": {
            "avatar_hash": "82931094ef90",
            "image_72": "https:\/\/avatars.slack-edge.com\/2022-06-17\/3708168624352_82931094ef904079310a_72.jpg",
            "first_name": "",
            "real_name": "Sherryl",
            "display_name": "Sherryl",
            "team": "T1T85P197",
            "name": "sherryl.henderson",
            "is_restricted": false,
            "is_ultra_restricted": false
        },
        "blocks": [
            {
                "type": "rich_text",
                "block_id": "w0qB",
                "elements": [
                    {
                        "type": "rich_text_section",
                        "elements": [
                            {
                                "type": "text",
                                "text": "If "
                            },
                            {
                                "type": "text",
                                "text": "you’re"
                            },
                            {
                                "type": "text",
                                "text": " talking about the smell near the mail room it definitely could be the cockroach aquarium "
                            }
                        ]
                    }
                ]
            }
        ]
    },
    {
        "user": "U0103JSQYLB",
        "type": "message",
        "ts": "1675284324.202429",
        "client_msg_id": "5091FB42-093C-4685-A67F-2A4D94E2E951",
        "text": "Imma blame it on those frog people…",
        "team": "T1T85P197",
        "user_team": "T1T85P197",
        "source_team": "T1T85P197",
        "user_profile": {
            "avatar_hash": "94bf4a6c3643",
            "image_72": "https:\/\/avatars.slack-edge.com\/2023-05-20\/5309607146049_94bf4a6c3643af0ab428_72.png",
            "first_name": "Joe",
            "real_name": "Joe",
            "display_name": "Joe",
            "team": "T1T85P197",
            "name": "joseviteri",
            "is_restricted": false,
            "is_ultra_restricted": false
        },
        "blocks": [
            {
                "type": "rich_text",
                "block_id": "ZsinR",
                "elements": [
                    {
                        "type": "rich_text_section",
                        "elements": [
                            {
                                "type": "text",
                                "text": "Imma blame it on those frog people"
                            },
                            {
                                "type": "text",
                                "text": "…"
                            }
                        ]
                    }
                ]
            }
        ]
    },
    {
        "user": "U010N31RYMV",
        "type": "message",
        "ts": "1675285062.894999",
        "client_msg_id": "2452e69b-be2c-4179-93ea-5ad6ef24a155",
        "text": "Seems like dead animal, but not mammal. Could be dead frog. Could be dead seafood. Do we have crayfish rotting away back there?",
        "team": "T1T85P197",
        "user_team": "T1T85P197",
        "source_team": "T1T85P197",
        "user_profile": {
            "avatar_hash": "084d1d915961",
            "image_72": "https:\/\/avatars.slack-edge.com\/2021-06-11\/2162938824690_084d1d915961fd2a1fcb_72.png",
            "first_name": "",
            "real_name": "David Schulz",
            "display_name": "David Schulz",
            "team": "T1T85P197",
            "name": "schulzd",
            "is_restricted": false,
            "is_ultra_restricted": false
        },
        "blocks": [
            {
                "type": "rich_text",
                "block_id": "HwyG",
                "elements": [
                    {
                        "type": "rich_text_section",
                        "elements": [
                            {
                                "type": "text",
                                "text": "Seems like dead animal, but not mammal. Could be dead frog. Could be dead seafood. Do we have crayfish rotting away back there?"
                            }
                        ]
                    }
                ]
            }
        ]
    },
    {
        "user": "U02D68LLBAQ",
        "type": "message",
        "ts": "1675285160.169229",
        "client_msg_id": "88d1976c-b0ea-4340-b7d3-ac94623c753d",
        "text": "The crayfish were gone last semester",
        "team": "T1T85P197",
        "user_team": "T1T85P197",
        "source_team": "T1T85P197",
        "user_profile": {
            "avatar_hash": "gb96e34dee9e",
            "image_72": "https:\/\/secure.gravatar.com\/avatar\/b96e34dee9ededc7a4375e8c8aed1dec.jpg?s=72&d=https%3A%2F%2Fa.slack-edge.com%2Fdf10d%2Fimg%2Favatars%2Fava_0002-72.png",
            "first_name": "Arturo",
            "real_name": "Arturo Rosete",
            "display_name": "",
            "team": "T1T85P197",
            "name": "arrrx423",
            "is_restricted": false,
            "is_ultra_restricted": false
        },
        "blocks": [
            {
                "type": "rich_text",
                "block_id": "Re=",
                "elements": [
                    {
                        "type": "rich_text_section",
                        "elements": [
                            {
                                "type": "text",
                                "text": "The crayfish were gone last semester"
                            }
                        ]
                    }
                ]
            }
        ]
    },
    {
        "user": "U010N31RYMV",
        "type": "message",
        "ts": "1675286204.324879",
        "client_msg_id": "5ed22b52-c138-46ef-b281-b2f11ab8cabf",
        "text": "As long as its not us, that's cool.",
        "team": "T1T85P197",
        "user_team": "T1T85P197",
        "source_team": "T1T85P197",
        "user_profile": {
            "avatar_hash": "084d1d915961",
            "image_72": "https:\/\/avatars.slack-edge.com\/2021-06-11\/2162938824690_084d1d915961fd2a1fcb_72.png",
            "first_name": "",
            "real_name": "David Schulz",
            "display_name": "David Schulz",
            "team": "T1T85P197",
            "name": "schulzd",
            "is_restricted": false,
            "is_ultra_restricted": false
        },
        "blocks": [
            {
                "type": "rich_text",
                "block_id": "KlZp",
                "elements": [
                    {
                        "type": "rich_text_section",
                        "elements": [
                            {
                                "type": "text",
                                "text": "As long as its not us, that's cool."
                            }
                        ]
                    }
                ]
            }
        ]
    }
]