[
    {
        "text": "Congrats to Joe, whose first paper is now accepted at _Journal of Neurophysiology!_ Woohoo!!!!",
        "files": [
            {
                "id": "F05KRDRQW49",
                "created": 1690633759,
                "timestamp": 1690633759,
                "name": "image.png",
                "title": "image.png",
                "mimetype": "image\/png",
                "filetype": "png",
                "pretty_type": "PNG",
                "user": "U010N31RYMV",
                "user_team": "T1T85P197",
                "editable": false,
                "size": 2213199,
                "mode": "hosted",
                "is_external": false,
                "external_type": "",
                "is_public": true,
                "public_url_shared": false,
                "display_as_bot": false,
                "username": "",
                "url_private": "https:\/\/files.slack.com\/files-pri\/T1T85P197-F05KRDRQW49\/image.png?t=xoxe-61277783313-6938219705459-6931704589846-f9456fee8056b431d8cc920b3927c14d",
                "url_private_download": "https:\/\/files.slack.com\/files-pri\/T1T85P197-F05KRDRQW49\/download\/image.png?t=xoxe-61277783313-6938219705459-6931704589846-f9456fee8056b431d8cc920b3927c14d",
                "media_display_type": "unknown",
                "thumb_64": "https:\/\/files.slack.com\/files-tmb\/T1T85P197-F05KRDRQW49-ddc85bfd9c\/image_64.png?t=xoxe-61277783313-6938219705459-6931704589846-f9456fee8056b431d8cc920b3927c14d",
                "thumb_80": "https:\/\/files.slack.com\/files-tmb\/T1T85P197-F05KRDRQW49-ddc85bfd9c\/image_80.png?t=xoxe-61277783313-6938219705459-6931704589846-f9456fee8056b431d8cc920b3927c14d",
                "thumb_360": "https:\/\/files.slack.com\/files-tmb\/T1T85P197-F05KRDRQW49-ddc85bfd9c\/image_360.png?t=xoxe-61277783313-6938219705459-6931704589846-f9456fee8056b431d8cc920b3927c14d",
                "thumb_360_w": 360,
                "thumb_360_h": 251,
                "thumb_480": "https:\/\/files.slack.com\/files-tmb\/T1T85P197-F05KRDRQW49-ddc85bfd9c\/image_480.png?t=xoxe-61277783313-6938219705459-6931704589846-f9456fee8056b431d8cc920b3927c14d",
                "thumb_480_w": 480,
                "thumb_480_h": 335,
                "thumb_160": "https:\/\/files.slack.com\/files-tmb\/T1T85P197-F05KRDRQW49-ddc85bfd9c\/image_160.png?t=xoxe-61277783313-6938219705459-6931704589846-f9456fee8056b431d8cc920b3927c14d",
                "thumb_720": "https:\/\/files.slack.com\/files-tmb\/T1T85P197-F05KRDRQW49-ddc85bfd9c\/image_720.png?t=xoxe-61277783313-6938219705459-6931704589846-f9456fee8056b431d8cc920b3927c14d",
                "thumb_720_w": 720,
                "thumb_720_h": 503,
                "thumb_800": "https:\/\/files.slack.com\/files-tmb\/T1T85P197-F05KRDRQW49-ddc85bfd9c\/image_800.png?t=xoxe-61277783313-6938219705459-6931704589846-f9456fee8056b431d8cc920b3927c14d",
                "thumb_800_w": 800,
                "thumb_800_h": 559,
                "thumb_960": "https:\/\/files.slack.com\/files-tmb\/T1T85P197-F05KRDRQW49-ddc85bfd9c\/image_960.png?t=xoxe-61277783313-6938219705459-6931704589846-f9456fee8056b431d8cc920b3927c14d",
                "thumb_960_w": 960,
                "thumb_960_h": 670,
                "thumb_1024": "https:\/\/files.slack.com\/files-tmb\/T1T85P197-F05KRDRQW49-ddc85bfd9c\/image_1024.png?t=xoxe-61277783313-6938219705459-6931704589846-f9456fee8056b431d8cc920b3927c14d",
                "thumb_1024_w": 1024,
                "thumb_1024_h": 715,
                "original_w": 2558,
                "original_h": 1786,
                "thumb_tiny": "AwAhADDQ8vnrSbPenn60nb8KAE2e9JsHrTx060AH+9mgBm0ep\/KnKoHQ0EEfxkUvcDNADHcK2CGOR2HFKOSDjAx0NV3+0LMSPmU9ParQ680ANZATnNHljPWlZgOp6DPSk3HONp64oAUjCjvijqwOO1IowoPzdc\/N1pwIoAafvClpD94UtACHv9KdTT3+lOoAKSlpKAP\/2Q==",
                "permalink": "https:\/\/schulzlab.slack.com\/files\/U010N31RYMV\/F05KRDRQW49\/image.png",
                "permalink_public": "https:\/\/slack-files.com\/T1T85P197-F05KRDRQW49-ba59c0ca63",
                "is_starred": false,
                "has_rich_preview": false,
                "file_access": "visible"
            }
        ],
        "upload": false,
        "user": "U010N31RYMV",
        "display_as_bot": false,
        "blocks": [
            {
                "type": "rich_text",
                "block_id": "ysa",
                "elements": [
                    {
                        "type": "rich_text_section",
                        "elements": [
                            {
                                "type": "text",
                                "text": "Congrats to Joe, whose first paper is now accepted at "
                            },
                            {
                                "type": "text",
                                "text": "Journal of Neurophysiology!",
                                "style": {
                                    "italic": true
                                }
                            },
                            {
                                "type": "text",
                                "text": " Woohoo!!!!"
                            }
                        ]
                    }
                ]
            }
        ],
        "type": "message",
        "ts": "1690633773.979359",
        "client_msg_id": "1967407e-7c11-415d-a9c7-79598399b560"
    },
    {
        "user": "U010N31RYMV",
        "type": "message",
        "ts": "1690633817.490409",
        "client_msg_id": "3f061ff3-3b31-4021-9c3b-2d9b1ee3b85d",
        "text": "_\"Motor neurons within a network use cell-type specific feedback mechanisms to constrain relationships among ion channel mRNAs\"_",
        "team": "T1T85P197",
        "user_team": "T1T85P197",
        "source_team": "T1T85P197",
        "user_profile": {
            "avatar_hash": "084d1d915961",
            "image_72": "https:\/\/avatars.slack-edge.com\/2021-06-11\/2162938824690_084d1d915961fd2a1fcb_72.png",
            "first_name": "",
            "real_name": "David Schulz",
            "display_name": "David Schulz",
            "team": "T1T85P197",
            "name": "schulzd",
            "is_restricted": false,
            "is_ultra_restricted": false
        },
        "blocks": [
            {
                "type": "rich_text",
                "block_id": "z+Gol",
                "elements": [
                    {
                        "type": "rich_text_section",
                        "elements": [
                            {
                                "type": "text",
                                "text": "\"Motor neurons within a network use cell-type specific feedback mechanisms to constrain relationships among ion channel mRNAs\"",
                                "style": {
                                    "italic": true
                                }
                            }
                        ]
                    }
                ]
            }
        ],
        "reactions": [
            {
                "name": "raised_hands",
                "users": [
                    "U02D68LLBAQ",
                    "U01328S2P1T",
                    "U0593C897L1",
                    "U1T7R897Y",
                    "U04P7HHG12S"
                ],
                "count": 5
            },
            {
                "name": "raised_hands::skin-tone-4",
                "users": [
                    "U0112A19YFN"
                ],
                "count": 1
            }
        ]
    }
]