[
    {
        "user": "U010N31RYMV",
        "type": "message",
        "ts": "1673278566.454569",
        "client_msg_id": "77cfca48-b3b1-4900-bedb-ff46702b747e",
        "text": "HI everyone....I just sent you all a calendar invite\/email. Looks like Mondays at 3:00 would be a good time for lab meetings this semester.  Thanks!!!",
        "team": "T1T85P197",
        "user_team": "T1T85P197",
        "source_team": "T1T85P197",
        "user_profile": {
            "avatar_hash": "084d1d915961",
            "image_72": "https:\/\/avatars.slack-edge.com\/2021-06-11\/2162938824690_084d1d915961fd2a1fcb_72.png",
            "first_name": "",
            "real_name": "David Schulz",
            "display_name": "David Schulz",
            "team": "T1T85P197",
            "name": "schulzd",
            "is_restricted": false,
            "is_ultra_restricted": false
        },
        "blocks": [
            {
                "type": "rich_text",
                "block_id": "EVDww",
                "elements": [
                    {
                        "type": "rich_text_section",
                        "elements": [
                            {
                                "type": "text",
                                "text": "HI everyone....I just sent you all a calendar invite\/email. Looks like Mondays at 3:00 would be a good time for lab meetings this semester.  Thanks!!!"
                            }
                        ]
                    }
                ]
            }
        ],
        "reactions": [
            {
                "name": "+1",
                "users": [
                    "U019K98069M"
                ],
                "count": 1
            },
            {
                "name": "crab",
                "users": [
                    "U0103JSQYLB"
                ],
                "count": 1
            }
        ]
    }
]