[
    {
        "user": "U010N31RYMV",
        "type": "message",
        "ts": "1684000635.935039",
        "client_msg_id": "b99121b5-2914-430f-aa8b-dddff22ef14f",
        "text": "Hi all. Please recall we have a faculty candidate on campus Monday and Tuesday (Dr. Sarah Kucenas). She is a neuroscientist, and her Keynote and chalk talk will be:\n\nKEYNOTE, *MONDAY*, 2:00-3:00PM, 111 Tucker Hall\nCHALK TALK, *TUESDAY*, 9:30-10:30AM, 111 Tucker Hall\n\nIf you could please attend, I would be grateful and like to know your thoughts about her fitting in here at DBS.",
        "team": "T1T85P197",
        "user_team": "T1T85P197",
        "source_team": "T1T85P197",
        "user_profile": {
            "avatar_hash": "084d1d915961",
            "image_72": "https:\/\/avatars.slack-edge.com\/2021-06-11\/2162938824690_084d1d915961fd2a1fcb_72.png",
            "first_name": "",
            "real_name": "David Schulz",
            "display_name": "David Schulz",
            "team": "T1T85P197",
            "name": "schulzd",
            "is_restricted": false,
            "is_ultra_restricted": false
        },
        "blocks": [
            {
                "type": "rich_text",
                "block_id": "vPr",
                "elements": [
                    {
                        "type": "rich_text_section",
                        "elements": [
                            {
                                "type": "text",
                                "text": "Hi all. Please recall we have a faculty candidate on campus Monday and Tuesday (Dr. Sarah Kucenas). She is a neuroscientist, and her Keynote and chalk talk will be:\n\nKEYNOTE, "
                            },
                            {
                                "type": "text",
                                "text": "MONDAY",
                                "style": {
                                    "bold": true
                                }
                            },
                            {
                                "type": "text",
                                "text": ", 2:00-3:00PM, 111 Tucker Hall\nCHALK TALK, "
                            },
                            {
                                "type": "text",
                                "text": "TUESDAY",
                                "style": {
                                    "bold": true
                                }
                            },
                            {
                                "type": "text",
                                "text": ", 9:30-10:30AM, 111 Tucker Hall\n\nIf you could please attend, I would be grateful and like to know your thoughts about her fitting in here at DBS."
                            }
                        ]
                    }
                ]
            }
        ],
        "reactions": [
            {
                "name": "+1",
                "users": [
                    "U02D68LLBAQ"
                ],
                "count": 1
            }
        ]
    },
    {
        "user": "U010N31RYMV",
        "type": "message",
        "ts": "1684000751.523819",
        "client_msg_id": "aebd105b-0532-4307-addc-15589afe301a",
        "text": "If anyone would like to join Dr. Kucenas for lunch on Tuesday, please let me know!!!",
        "team": "T1T85P197",
        "user_team": "T1T85P197",
        "source_team": "T1T85P197",
        "user_profile": {
            "avatar_hash": "084d1d915961",
            "image_72": "https:\/\/avatars.slack-edge.com\/2021-06-11\/2162938824690_084d1d915961fd2a1fcb_72.png",
            "first_name": "",
            "real_name": "David Schulz",
            "display_name": "David Schulz",
            "team": "T1T85P197",
            "name": "schulzd",
            "is_restricted": false,
            "is_ultra_restricted": false
        },
        "blocks": [
            {
                "type": "rich_text",
                "block_id": "XJxfB",
                "elements": [
                    {
                        "type": "rich_text_section",
                        "elements": [
                            {
                                "type": "text",
                                "text": "If anyone would like to join Dr. Kucenas for lunch on Tuesday, please let me know!!!"
                            }
                        ]
                    }
                ]
            }
        ]
    }
]