[
    {
        "user": "U028ZEAHA6S",
        "type": "message",
        "ts": "1674651400.141219",
        "client_msg_id": "00d68a08-680e-4960-bc19-00be52ebb20d",
        "text": "If anybody is out there driving around this morning, can you let us know how the roads are?",
        "team": "T1T85P197",
        "user_team": "T1T85P197",
        "source_team": "T1T85P197",
        "user_profile": {
            "avatar_hash": "1839fba3b3db",
            "image_72": "https:\/\/avatars.slack-edge.com\/2021-07-27\/2341195265936_1839fba3b3db46348d0b_72.png",
            "first_name": "",
            "real_name": "Brian Lane",
            "display_name": "Brian Lane",
            "team": "T1T85P197",
            "name": "laneb",
            "is_restricted": false,
            "is_ultra_restricted": false
        },
        "blocks": [
            {
                "type": "rich_text",
                "block_id": "6hUgE",
                "elements": [
                    {
                        "type": "rich_text_section",
                        "elements": [
                            {
                                "type": "text",
                                "text": "If anybody is out there driving around this morning, can you let us know how the roads are?"
                            }
                        ]
                    }
                ]
            }
        ]
    },
    {
        "user": "U0103JSQYLB",
        "type": "message",
        "ts": "1674655555.454379",
        "client_msg_id": "BF0C508D-21BB-4B1E-B5FB-D705E44D232D",
        "text": "Roads are good ",
        "team": "T1T85P197",
        "user_team": "T1T85P197",
        "source_team": "T1T85P197",
        "user_profile": {
            "avatar_hash": "94bf4a6c3643",
            "image_72": "https:\/\/avatars.slack-edge.com\/2023-05-20\/5309607146049_94bf4a6c3643af0ab428_72.png",
            "first_name": "Joe",
            "real_name": "Joe",
            "display_name": "Joe",
            "team": "T1T85P197",
            "name": "joseviteri",
            "is_restricted": false,
            "is_ultra_restricted": false
        },
        "blocks": [
            {
                "type": "rich_text",
                "block_id": "fXwdW",
                "elements": [
                    {
                        "type": "rich_text_section",
                        "elements": [
                            {
                                "type": "text",
                                "text": "Roads are good "
                            }
                        ]
                    }
                ]
            }
        ]
    },
    {
        "user": "U0103JSQYLB",
        "type": "message",
        "ts": "1674655560.306929",
        "client_msg_id": "8E296E0B-D673-40E5-87E1-468BF8D3D3D8",
        "text": "Some slush here and there ",
        "team": "T1T85P197",
        "user_team": "T1T85P197",
        "source_team": "T1T85P197",
        "user_profile": {
            "avatar_hash": "94bf4a6c3643",
            "image_72": "https:\/\/avatars.slack-edge.com\/2023-05-20\/5309607146049_94bf4a6c3643af0ab428_72.png",
            "first_name": "Joe",
            "real_name": "Joe",
            "display_name": "Joe",
            "team": "T1T85P197",
            "name": "joseviteri",
            "is_restricted": false,
            "is_ultra_restricted": false
        },
        "blocks": [
            {
                "type": "rich_text",
                "block_id": "LQzqW",
                "elements": [
                    {
                        "type": "rich_text_section",
                        "elements": [
                            {
                                "type": "text",
                                "text": "Some slush here and there "
                            }
                        ]
                    }
                ]
            }
        ]
    },
    {
        "user": "U0103JSQYLB",
        "type": "message",
        "ts": "1674655576.805489",
        "client_msg_id": "FA4552AA-2FD9-45AD-9F5F-8FBC2DC4FB04",
        "text": "don’t do anything too crazy and you’ll be fine ",
        "team": "T1T85P197",
        "user_team": "T1T85P197",
        "source_team": "T1T85P197",
        "user_profile": {
            "avatar_hash": "94bf4a6c3643",
            "image_72": "https:\/\/avatars.slack-edge.com\/2023-05-20\/5309607146049_94bf4a6c3643af0ab428_72.png",
            "first_name": "Joe",
            "real_name": "Joe",
            "display_name": "Joe",
            "team": "T1T85P197",
            "name": "joseviteri",
            "is_restricted": false,
            "is_ultra_restricted": false
        },
        "blocks": [
            {
                "type": "rich_text",
                "block_id": "voBF",
                "elements": [
                    {
                        "type": "rich_text_section",
                        "elements": [
                            {
                                "type": "text",
                                "text": "don’t"
                            },
                            {
                                "type": "text",
                                "text": " do anything too crazy and "
                            },
                            {
                                "type": "text",
                                "text": "you’ll"
                            },
                            {
                                "type": "text",
                                "text": " be fine "
                            }
                        ]
                    }
                ]
            }
        ]
    },
    {
        "user": "U028ZEAHA6S",
        "type": "message",
        "ts": "1674656521.622249",
        "client_msg_id": "7d3e01c3-273c-49a9-9fb8-d07890b1cc87",
        "text": ":+1:",
        "team": "T1T85P197",
        "user_team": "T1T85P197",
        "source_team": "T1T85P197",
        "user_profile": {
            "avatar_hash": "1839fba3b3db",
            "image_72": "https:\/\/avatars.slack-edge.com\/2021-07-27\/2341195265936_1839fba3b3db46348d0b_72.png",
            "first_name": "",
            "real_name": "Brian Lane",
            "display_name": "Brian Lane",
            "team": "T1T85P197",
            "name": "laneb",
            "is_restricted": false,
            "is_ultra_restricted": false
        },
        "blocks": [
            {
                "type": "rich_text",
                "block_id": "S9pU+",
                "elements": [
                    {
                        "type": "rich_text_section",
                        "elements": [
                            {
                                "type": "emoji",
                                "name": "+1",
                                "unicode": "1f44d"
                            }
                        ]
                    }
                ]
            }
        ]
    }
]