[
    {
        "user": "U010N31RYMV",
        "type": "message",
        "ts": "1697024869.212379",
        "client_msg_id": "0c80801e-da2a-4263-b4f7-8bdc2859f49a",
        "text": "Hi everyone - I am on a virtual NSF panel the rest of the week, so locked in my office for the most part. I am out of town monday. If you need me, Slack is best. Sorry for being even less available than I already have been.",
        "team": "T1T85P197",
        "user_team": "T1T85P197",
        "source_team": "T1T85P197",
        "user_profile": {
            "avatar_hash": "084d1d915961",
            "image_72": "https:\/\/avatars.slack-edge.com\/2021-06-11\/2162938824690_084d1d915961fd2a1fcb_72.png",
            "first_name": "",
            "real_name": "David Schulz",
            "display_name": "David Schulz",
            "team": "T1T85P197",
            "name": "schulzd",
            "is_restricted": false,
            "is_ultra_restricted": false
        },
        "blocks": [
            {
                "type": "rich_text",
                "block_id": "A3eBb",
                "elements": [
                    {
                        "type": "rich_text_section",
                        "elements": [
                            {
                                "type": "text",
                                "text": "Hi everyone - I am on a virtual NSF panel the rest of the week, so locked in my office for the most part. I am out of town monday. If you need me, Slack is best. Sorry for being even less available than I already have been."
                            }
                        ]
                    }
                ]
            }
        ],
        "reactions": [
            {
                "name": "+1",
                "users": [
                    "U02D68LLBAQ"
                ],
                "count": 1
            }
        ]
    }
]