[
    {
        "user": "U010N31RYMV",
        "type": "message",
        "ts": "1677205404.288919",
        "client_msg_id": "86F577A6-71B5-41BB-91B0-2B19E9C00BD9",
        "text": "Hi all! If you’re available Tuesday evening, we will plan to have some nachos when Joe finishes his defense. Figure that might be in the 6 or 6:30 range. More details as we get closer. ",
        "team": "T1T85P197",
        "user_team": "T1T85P197",
        "source_team": "T1T85P197",
        "user_profile": {
            "avatar_hash": "084d1d915961",
            "image_72": "https:\/\/avatars.slack-edge.com\/2021-06-11\/2162938824690_084d1d915961fd2a1fcb_72.png",
            "first_name": "",
            "real_name": "David Schulz",
            "display_name": "David Schulz",
            "team": "T1T85P197",
            "name": "schulzd",
            "is_restricted": false,
            "is_ultra_restricted": false
        },
        "blocks": [
            {
                "type": "rich_text",
                "block_id": "z1r",
                "elements": [
                    {
                        "type": "rich_text_section",
                        "elements": [
                            {
                                "type": "text",
                                "text": "Hi all! If "
                            },
                            {
                                "type": "text",
                                "text": "you’re"
                            },
                            {
                                "type": "text",
                                "text": " available Tuesday evening, we will plan to have some nachos when Joe finishes his defense"
                            },
                            {
                                "type": "text",
                                "text": "."
                            },
                            {
                                "type": "text",
                                "text": " Figure that might be in the 6 or 6:30 range"
                            },
                            {
                                "type": "text",
                                "text": "."
                            },
                            {
                                "type": "text",
                                "text": " More details as we get closer"
                            },
                            {
                                "type": "text",
                                "text": "."
                            },
                            {
                                "type": "text",
                                "text": " "
                            }
                        ]
                    }
                ]
            }
        ],
        "reactions": [
            {
                "name": "crab",
                "users": [
                    "U0103JSQYLB",
                    "U04P7HHG12S",
                    "U02D68LLBAQ",
                    "U028ZEAHA6S",
                    "U0112A19YFN"
                ],
                "count": 5
            }
        ]
    }
]