[
    {
        "user": "U010N31RYMV",
        "type": "message",
        "ts": "1674864455.410109",
        "client_msg_id": "8d582619-da44-4ff3-a3bb-7b043f01ebca",
        "text": "Make sure you have been getting an early start on the paper for Monday's lab meeting. Meaningful feedback is difficult to give with a quick read, and so please spend some time if you can (I don't want to impinge on your weekend) making sure you bring both your questions about the work from a scientific perspective as well as your questions and feedback on the manuscript and its presentation itself.",
        "team": "T1T85P197",
        "user_team": "T1T85P197",
        "source_team": "T1T85P197",
        "user_profile": {
            "avatar_hash": "084d1d915961",
            "image_72": "https:\/\/avatars.slack-edge.com\/2021-06-11\/2162938824690_084d1d915961fd2a1fcb_72.png",
            "first_name": "",
            "real_name": "David Schulz",
            "display_name": "David Schulz",
            "team": "T1T85P197",
            "name": "schulzd",
            "is_restricted": false,
            "is_ultra_restricted": false
        },
        "blocks": [
            {
                "type": "rich_text",
                "block_id": "llI",
                "elements": [
                    {
                        "type": "rich_text_section",
                        "elements": [
                            {
                                "type": "text",
                                "text": "Make sure you have been getting an early start on the paper for Monday's lab meeting. Meaningful feedback is difficult to give with a quick read, and so please spend some time if you can (I don't want to impinge on your weekend) making sure you bring both your questions about the work from a scientific perspective as well as your questions and feedback on the manuscript and its presentation itself."
                            }
                        ]
                    }
                ]
            }
        ]
    },
    {
        "user": "U010N31RYMV",
        "type": "message",
        "ts": "1674864457.510989",
        "client_msg_id": "5c7f6af6-d5ad-4edf-8b99-693b6a7c6218",
        "text": "Thank you!",
        "team": "T1T85P197",
        "user_team": "T1T85P197",
        "source_team": "T1T85P197",
        "user_profile": {
            "avatar_hash": "084d1d915961",
            "image_72": "https:\/\/avatars.slack-edge.com\/2021-06-11\/2162938824690_084d1d915961fd2a1fcb_72.png",
            "first_name": "",
            "real_name": "David Schulz",
            "display_name": "David Schulz",
            "team": "T1T85P197",
            "name": "schulzd",
            "is_restricted": false,
            "is_ultra_restricted": false
        },
        "blocks": [
            {
                "type": "rich_text",
                "block_id": "qsc",
                "elements": [
                    {
                        "type": "rich_text_section",
                        "elements": [
                            {
                                "type": "text",
                                "text": "Thank you!"
                            }
                        ]
                    }
                ]
            }
        ]
    }
]