[
    {
        "user": "U010N31RYMV",
        "type": "message",
        "ts": "1678134180.411779",
        "client_msg_id": "b488c49f-1172-4147-87b2-c54b72f51e9a",
        "text": "Does anyone have any lab business\/practice\/talks\/manuscripts they would like to work on in lab meeting next week? Otherwise we will go ahead and discuss a paper as our backup plan for science-ing it up.",
        "team": "T1T85P197",
        "user_team": "T1T85P197",
        "source_team": "T1T85P197",
        "user_profile": {
            "avatar_hash": "084d1d915961",
            "image_72": "https:\/\/avatars.slack-edge.com\/2021-06-11\/2162938824690_084d1d915961fd2a1fcb_72.png",
            "first_name": "",
            "real_name": "David Schulz",
            "display_name": "David Schulz",
            "team": "T1T85P197",
            "name": "schulzd",
            "is_restricted": false,
            "is_ultra_restricted": false
        },
        "blocks": [
            {
                "type": "rich_text",
                "block_id": "D5y",
                "elements": [
                    {
                        "type": "rich_text_section",
                        "elements": [
                            {
                                "type": "text",
                                "text": "Does anyone have any lab business\/practice\/talks\/manuscripts they would like to work on in lab meeting next week? Otherwise we will go ahead and discuss a paper as our backup plan for science-ing it up."
                            }
                        ]
                    }
                ]
            }
        ]
    },
    {
        "user": "U010N31RYMV",
        "type": "message",
        "ts": "1678135496.847769",
        "client_msg_id": "aec5b80b-ea0f-41c4-be7c-f50b7d3e1902",
        "text": "We have a winner! Benton will provide a manuscript for us to read next week.",
        "team": "T1T85P197",
        "user_team": "T1T85P197",
        "source_team": "T1T85P197",
        "user_profile": {
            "avatar_hash": "084d1d915961",
            "image_72": "https:\/\/avatars.slack-edge.com\/2021-06-11\/2162938824690_084d1d915961fd2a1fcb_72.png",
            "first_name": "",
            "real_name": "David Schulz",
            "display_name": "David Schulz",
            "team": "T1T85P197",
            "name": "schulzd",
            "is_restricted": false,
            "is_ultra_restricted": false
        },
        "blocks": [
            {
                "type": "rich_text",
                "block_id": "rOTA",
                "elements": [
                    {
                        "type": "rich_text_section",
                        "elements": [
                            {
                                "type": "text",
                                "text": "We have a winner! Benton will provide a manuscript for us to read next week."
                            }
                        ]
                    }
                ]
            }
        ],
        "reactions": [
            {
                "name": "+1",
                "users": [
                    "U04P7HHG12S"
                ],
                "count": 1
            }
        ]
    },
    {
        "text": "Hi everyone, here is the text and figures\/tables for the manuscript that we will discuss next week at lab meeting. This is a manuscript that we will submit for publication soon, so I'd like to get your feedback on everything from the narrative, presentation of the data, describing the results, and contextualizing this work with the literature. I will give a brief introduction to this project at the beginning of lab meeting and then I hope to spend the rest of the time discussing the manuscript. Thanks!",
        "files": [
            {
                "id": "F04SMEEPMMG",
                "created": 1678135882,
                "timestamp": 1678135882,
                "name": "DevoMPG_manuscript.docx",
                "title": "DevoMPG_manuscript.docx",
                "mimetype": "application\/vnd.openxmlformats-officedocument.wordprocessingml.document",
                "filetype": "docx",
                "pretty_type": "Word Document",
                "user": "U010CH4JLKE",
                "user_team": "T1T85P197",
                "editable": false,
                "size": 165842,
                "mode": "hosted",
                "is_external": false,
                "external_type": "",
                "is_public": true,
                "public_url_shared": false,
                "display_as_bot": false,
                "username": "",
                "url_private": "https:\/\/files.slack.com\/files-pri\/T1T85P197-F04SMEEPMMG\/devompg_manuscript.docx?t=xoxe-61277783313-6938219705459-6931704589846-f9456fee8056b431d8cc920b3927c14d",
                "url_private_download": "https:\/\/files.slack.com\/files-pri\/T1T85P197-F04SMEEPMMG\/download\/devompg_manuscript.docx?t=xoxe-61277783313-6938219705459-6931704589846-f9456fee8056b431d8cc920b3927c14d",
                "media_display_type": "unknown",
                "converted_pdf": "https:\/\/files.slack.com\/files-tmb\/T1T85P197-F04SMEEPMMG-b0355a2bcf\/devompg_manuscript_converted.pdf?t=xoxe-61277783313-6938219705459-6931704589846-f9456fee8056b431d8cc920b3927c14d",
                "thumb_pdf": "https:\/\/files.slack.com\/files-tmb\/T1T85P197-F04SMEEPMMG-b0355a2bcf\/devompg_manuscript_thumb_pdf.png?t=xoxe-61277783313-6938219705459-6931704589846-f9456fee8056b431d8cc920b3927c14d",
                "thumb_pdf_w": 935,
                "thumb_pdf_h": 1210,
                "permalink": "https:\/\/schulzlab.slack.com\/files\/U010CH4JLKE\/F04SMEEPMMG\/devompg_manuscript.docx",
                "permalink_public": "https:\/\/slack-files.com\/T1T85P197-F04SMEEPMMG-75147c4b9f",
                "is_starred": false,
                "has_rich_preview": false,
                "file_access": "visible"
            },
            {
                "id": "F04S6U69JLX",
                "created": 1678135888,
                "timestamp": 1678135888,
                "name": "DevoMPG_Figures.docx",
                "title": "DevoMPG_Figures.docx",
                "mimetype": "application\/vnd.openxmlformats-officedocument.wordprocessingml.document",
                "filetype": "docx",
                "pretty_type": "Word Document",
                "user": "U010CH4JLKE",
                "user_team": "T1T85P197",
                "editable": false,
                "size": 3487329,
                "mode": "hosted",
                "is_external": false,
                "external_type": "",
                "is_public": true,
                "public_url_shared": false,
                "display_as_bot": false,
                "username": "",
                "url_private": "https:\/\/files.slack.com\/files-pri\/T1T85P197-F04S6U69JLX\/devompg_figures.docx?t=xoxe-61277783313-6938219705459-6931704589846-f9456fee8056b431d8cc920b3927c14d",
                "url_private_download": "https:\/\/files.slack.com\/files-pri\/T1T85P197-F04S6U69JLX\/download\/devompg_figures.docx?t=xoxe-61277783313-6938219705459-6931704589846-f9456fee8056b431d8cc920b3927c14d",
                "media_display_type": "unknown",
                "converted_pdf": "https:\/\/files.slack.com\/files-tmb\/T1T85P197-F04S6U69JLX-d44673ff0b\/devompg_figures_converted.pdf?t=xoxe-61277783313-6938219705459-6931704589846-f9456fee8056b431d8cc920b3927c14d",
                "thumb_pdf": "https:\/\/files.slack.com\/files-tmb\/T1T85P197-F04S6U69JLX-d44673ff0b\/devompg_figures_thumb_pdf.png?t=xoxe-61277783313-6938219705459-6931704589846-f9456fee8056b431d8cc920b3927c14d",
                "thumb_pdf_w": 935,
                "thumb_pdf_h": 1210,
                "permalink": "https:\/\/schulzlab.slack.com\/files\/U010CH4JLKE\/F04S6U69JLX\/devompg_figures.docx",
                "permalink_public": "https:\/\/slack-files.com\/T1T85P197-F04S6U69JLX-d07e845e8b",
                "is_starred": false,
                "has_rich_preview": false,
                "file_access": "visible"
            }
        ],
        "upload": false,
        "user": "U010CH4JLKE",
        "blocks": [
            {
                "type": "rich_text",
                "block_id": "519",
                "elements": [
                    {
                        "type": "rich_text_section",
                        "elements": [
                            {
                                "type": "text",
                                "text": "Hi everyone, here is the text and figures\/tables for the manuscript that we will discuss next week at lab meeting. This is a manuscript that we will submit for publication soon, so I'd like to get your feedback on everything from the narrative, presentation of the data, describing the results, and contextualizing this work with the literature. I will give a brief introduction to this project at the beginning of lab meeting and then I hope to spend the rest of the time discussing the manuscript. Thanks!"
                            }
                        ]
                    }
                ]
            }
        ],
        "type": "message",
        "ts": "1678136858.168099",
        "client_msg_id": "e38b5f8a-f876-4be9-adea-7508165d7cfa",
        "reactions": [
            {
                "name": "+1",
                "users": [
                    "U04P7HHG12S"
                ],
                "count": 1
            }
        ]
    },
    {
        "user": "U0103JSQYLB",
        "type": "message",
        "ts": "1678138244.463799",
        "client_msg_id": "CF5ACCE2-431A-416E-A66E-91156D8E4D2D",
        "text": "There are no crabs in this paper ",
        "team": "T1T85P197",
        "user_team": "T1T85P197",
        "source_team": "T1T85P197",
        "user_profile": {
            "avatar_hash": "94bf4a6c3643",
            "image_72": "https:\/\/avatars.slack-edge.com\/2023-05-20\/5309607146049_94bf4a6c3643af0ab428_72.png",
            "first_name": "Joe",
            "real_name": "Joe",
            "display_name": "Joe",
            "team": "T1T85P197",
            "name": "joseviteri",
            "is_restricted": false,
            "is_ultra_restricted": false
        },
        "blocks": [
            {
                "type": "rich_text",
                "block_id": "CKnWd",
                "elements": [
                    {
                        "type": "rich_text_section",
                        "elements": [
                            {
                                "type": "text",
                                "text": "There are no crabs in this paper "
                            }
                        ]
                    }
                ]
            }
        ],
        "reactions": [
            {
                "name": "shushing_face",
                "users": [
                    "U010CH4JLKE",
                    "U04P7HHG12S"
                ],
                "count": 2
            },
            {
                "name": "astonished",
                "users": [
                    "U010N31RYMV"
                ],
                "count": 1
            }
        ]
    }
]