[
    {
        "user": "U010N31RYMV",
        "type": "message",
        "ts": "1680637949.127519",
        "client_msg_id": "97df5d28-2a37-471a-ab70-e213b718cf85",
        "text": "I can't remember what it is called in statistics when you have variables or factors that cannot be appropriately independently separated.....aaaargh, mental block!!  Starts with a \"C\" maybe?",
        "team": "T1T85P197",
        "user_team": "T1T85P197",
        "source_team": "T1T85P197",
        "user_profile": {
            "avatar_hash": "084d1d915961",
            "image_72": "https:\/\/avatars.slack-edge.com\/2021-06-11\/2162938824690_084d1d915961fd2a1fcb_72.png",
            "first_name": "",
            "real_name": "David Schulz",
            "display_name": "David Schulz",
            "team": "T1T85P197",
            "name": "schulzd",
            "is_restricted": false,
            "is_ultra_restricted": false
        },
        "blocks": [
            {
                "type": "rich_text",
                "block_id": "ZQ2",
                "elements": [
                    {
                        "type": "rich_text_section",
                        "elements": [
                            {
                                "type": "text",
                                "text": "I can't remember what it is called in statistics when you have variables or factors that cannot be appropriately independently separated.....aaaargh, mental block!!  Starts with a \"C\" maybe?"
                            }
                        ]
                    }
                ]
            }
        ]
    },
    {
        "user": "U0112A19YFN",
        "type": "message",
        "ts": "1680638067.156409",
        "client_msg_id": "28AFE199-4743-468B-8EEC-B9B5369B22A1",
        "text": "Confounding?",
        "team": "T1T85P197",
        "user_team": "T1T85P197",
        "source_team": "T1T85P197",
        "user_profile": {
            "avatar_hash": "82931094ef90",
            "image_72": "https:\/\/avatars.slack-edge.com\/2022-06-17\/3708168624352_82931094ef904079310a_72.jpg",
            "first_name": "",
            "real_name": "Sherryl",
            "display_name": "Sherryl",
            "team": "T1T85P197",
            "name": "sherryl.henderson",
            "is_restricted": false,
            "is_ultra_restricted": false
        },
        "blocks": [
            {
                "type": "rich_text",
                "block_id": "rRk3C",
                "elements": [
                    {
                        "type": "rich_text_section",
                        "elements": [
                            {
                                "type": "text",
                                "text": "Confounding?"
                            }
                        ]
                    }
                ]
            }
        ]
    },
    {
        "user": "U010N31RYMV",
        "type": "message",
        "ts": "1680638130.740529",
        "client_msg_id": "d9650c10-463c-4c65-afc6-f4b1b9539ef5",
        "text": "Eureka!  I am saving an extra Polish sausage for you this weekend at Easter!",
        "team": "T1T85P197",
        "user_team": "T1T85P197",
        "source_team": "T1T85P197",
        "user_profile": {
            "avatar_hash": "084d1d915961",
            "image_72": "https:\/\/avatars.slack-edge.com\/2021-06-11\/2162938824690_084d1d915961fd2a1fcb_72.png",
            "first_name": "",
            "real_name": "David Schulz",
            "display_name": "David Schulz",
            "team": "T1T85P197",
            "name": "schulzd",
            "is_restricted": false,
            "is_ultra_restricted": false
        },
        "blocks": [
            {
                "type": "rich_text",
                "block_id": "wXb",
                "elements": [
                    {
                        "type": "rich_text_section",
                        "elements": [
                            {
                                "type": "text",
                                "text": "Eureka!  I am saving an extra Polish sausage for you this weekend at Easter!"
                            }
                        ]
                    }
                ]
            }
        ],
        "reactions": [
            {
                "name": "rolling_on_the_floor_laughing",
                "users": [
                    "U04P7HHG12S"
                ],
                "count": 1
            }
        ]
    },
    {
        "user": "U0112A19YFN",
        "type": "message",
        "ts": "1680638154.349709",
        "client_msg_id": "99CF3A76-D1F2-4271-B8EE-A4DCCD62121A",
        "text": "YEESSS!!",
        "team": "T1T85P197",
        "user_team": "T1T85P197",
        "source_team": "T1T85P197",
        "user_profile": {
            "avatar_hash": "82931094ef90",
            "image_72": "https:\/\/avatars.slack-edge.com\/2022-06-17\/3708168624352_82931094ef904079310a_72.jpg",
            "first_name": "",
            "real_name": "Sherryl",
            "display_name": "Sherryl",
            "team": "T1T85P197",
            "name": "sherryl.henderson",
            "is_restricted": false,
            "is_ultra_restricted": false
        },
        "blocks": [
            {
                "type": "rich_text",
                "block_id": "493",
                "elements": [
                    {
                        "type": "rich_text_section",
                        "elements": [
                            {
                                "type": "text",
                                "text": "YEESSS!!"
                            }
                        ]
                    }
                ]
            }
        ],
        "reactions": [
            {
                "name": "rolling_on_the_floor_laughing",
                "users": [
                    "U04P7HHG12S"
                ],
                "count": 1
            }
        ]
    },
    {
        "user": "U1T7R897Y",
        "type": "message",
        "ts": "1680639052.533459",
        "client_msg_id": "d7d3db84-340d-4157-87d7-412637201ac0",
        "text": "There’s some neat work related to confounds that tries to answer what should you condition on to model the effect you want (see <http:\/\/www.dagitty.net\/|this> and <http:\/\/www.dagitty.net\/dags.html|here’s an interactive widget>). The core idea is that you can create pathways of causes and effects and based on the resulting graph you can deduce which effects you can separate and which you cannot. Importantly, sometimes conditioning on a possible confound can cause two unrelated variables to appear related (collider bias).",
        "team": "T1T85P197",
        "user_team": "T1T85P197",
        "source_team": "T1T85P197",
        "user_profile": {
            "avatar_hash": "c8cca50bc366",
            "image_72": "https:\/\/avatars.slack-edge.com\/2021-05-11\/2054490932018_c8cca50bc366ce61d83e_72.png",
            "first_name": "Daniel",
            "real_name": "Daniel Kick",
            "display_name": "Daniel",
            "team": "T1T85P197",
            "name": "daniel",
            "is_restricted": false,
            "is_ultra_restricted": false
        },
        "blocks": [
            {
                "type": "rich_text",
                "block_id": "MyAGZ",
                "elements": [
                    {
                        "type": "rich_text_section",
                        "elements": [
                            {
                                "type": "text",
                                "text": "There’s some neat work related to confounds that tries to answer what should you condition on to model the effect you want (see "
                            },
                            {
                                "type": "link",
                                "url": "http:\/\/www.dagitty.net\/",
                                "text": "this"
                            },
                            {
                                "type": "text",
                                "text": " and "
                            },
                            {
                                "type": "link",
                                "url": "http:\/\/www.dagitty.net\/dags.html",
                                "text": "here’s an interactive widget"
                            },
                            {
                                "type": "text",
                                "text": "). The core idea is that you can create pathways of causes and effects and based on the resulting graph you can deduce which effects you can separate and which you cannot. Importantly, sometimes conditioning on a possible confound can cause two unrelated variables to appear related (collider bias)."
                            }
                        ]
                    }
                ]
            }
        ]
    },
    {
        "user": "U010N31RYMV",
        "type": "message",
        "ts": "1680639640.705549",
        "client_msg_id": "a96b312e-51b2-4ad7-83cb-606342584cd6",
        "text": "Sorry, Daniel.  The extra sausage has already been claimed.",
        "team": "T1T85P197",
        "user_team": "T1T85P197",
        "source_team": "T1T85P197",
        "user_profile": {
            "avatar_hash": "084d1d915961",
            "image_72": "https:\/\/avatars.slack-edge.com\/2021-06-11\/2162938824690_084d1d915961fd2a1fcb_72.png",
            "first_name": "",
            "real_name": "David Schulz",
            "display_name": "David Schulz",
            "team": "T1T85P197",
            "name": "schulzd",
            "is_restricted": false,
            "is_ultra_restricted": false
        },
        "blocks": [
            {
                "type": "rich_text",
                "block_id": "EoK=",
                "elements": [
                    {
                        "type": "rich_text_section",
                        "elements": [
                            {
                                "type": "text",
                                "text": "Sorry, Daniel.  The extra sausage has already been claimed."
                            }
                        ]
                    }
                ]
            }
        ],
        "reactions": [
            {
                "name": "rolling_on_the_floor_laughing",
                "users": [
                    "U1T7R897Y",
                    "U02D68LLBAQ",
                    "U04P7HHG12S"
                ],
                "count": 3
            }
        ]
    }
]