[
    {
        "user": "U04P7HHG12S",
        "type": "message",
        "ts": "1681827825.285959",
        "client_msg_id": "C30530D7-7F53-49B9-A320-DADDA7BA3221",
        "text": "I don’t think I will be able to make it to seeing your poster. :cry:  I have a class during that time and something shortly to do thereafter, but I pray that everything goes well!!",
        "team": "T1T85P197",
        "user_team": "T1T85P197",
        "source_team": "T1T85P197",
        "user_profile": {
            "avatar_hash": "ge1de410d147",
            "image_72": "https:\/\/secure.gravatar.com\/avatar\/e1de410d147a0c41079dd26abb490f2b.jpg?s=72&d=https%3A%2F%2Fa.slack-edge.com%2Fdf10d%2Fimg%2Favatars%2Fava_0018-72.png",
            "first_name": "Akira",
            "real_name": "Akira",
            "display_name": "Akira",
            "team": "T1T85P197",
            "name": "amclemons408",
            "is_restricted": false,
            "is_ultra_restricted": false
        },
        "blocks": [
            {
                "type": "rich_text",
                "block_id": "OaO1C",
                "elements": [
                    {
                        "type": "rich_text_section",
                        "elements": [
                            {
                                "type": "text",
                                "text": "I don’t think I will be able to make it to seeing your poster. "
                            },
                            {
                                "type": "emoji",
                                "name": "cry",
                                "unicode": "1f622"
                            },
                            {
                                "type": "text",
                                "text": "  I have a class during that time and something shortly to do thereafter, but I pray that everything goes well!!"
                            }
                        ]
                    }
                ]
            }
        ]
    },
    {
        "user": "U010N31RYMV",
        "type": "message",
        "ts": "1681830014.634249",
        "client_msg_id": "A93E65B3-8F90-40C2-81FD-A53D744A1B01",
        "text": "There is a package in 114 lefevre for us. These are batteries that Maddie requested. ",
        "team": "T1T85P197",
        "user_team": "T1T85P197",
        "source_team": "T1T85P197",
        "user_profile": {
            "avatar_hash": "084d1d915961",
            "image_72": "https:\/\/avatars.slack-edge.com\/2021-06-11\/2162938824690_084d1d915961fd2a1fcb_72.png",
            "first_name": "",
            "real_name": "David Schulz",
            "display_name": "David Schulz",
            "team": "T1T85P197",
            "name": "schulzd",
            "is_restricted": false,
            "is_ultra_restricted": false
        },
        "thread_ts": "1681830014.634249",
        "reply_count": 1,
        "reply_users_count": 1,
        "latest_reply": "1681838873.145009",
        "reply_users": [
            "U046FLCDE1M"
        ],
        "replies": [
            {
                "user": "U046FLCDE1M",
                "ts": "1681838873.145009"
            }
        ],
        "is_locked": false,
        "subscribed": false,
        "blocks": [
            {
                "type": "rich_text",
                "block_id": "88=N",
                "elements": [
                    {
                        "type": "rich_text_section",
                        "elements": [
                            {
                                "type": "text",
                                "text": "There is a package in 114 lefevre for us"
                            },
                            {
                                "type": "text",
                                "text": "."
                            },
                            {
                                "type": "text",
                                "text": " These are batteries that Maddie requested"
                            },
                            {
                                "type": "text",
                                "text": "."
                            },
                            {
                                "type": "text",
                                "text": " "
                            }
                        ]
                    }
                ]
            }
        ],
        "reactions": [
            {
                "name": "+1",
                "users": [
                    "U02D68LLBAQ"
                ],
                "count": 1
            }
        ]
    },
    {
        "user": "U010N31RYMV",
        "type": "message",
        "ts": "1681830604.055799",
        "client_msg_id": "2D0BDD67-563B-42C9-B42A-9E4FA8B06F0E",
        "text": "Cameron’s poster is #68. ",
        "team": "T1T85P197",
        "user_team": "T1T85P197",
        "source_team": "T1T85P197",
        "user_profile": {
            "avatar_hash": "084d1d915961",
            "image_72": "https:\/\/avatars.slack-edge.com\/2021-06-11\/2162938824690_084d1d915961fd2a1fcb_72.png",
            "first_name": "",
            "real_name": "David Schulz",
            "display_name": "David Schulz",
            "team": "T1T85P197",
            "name": "schulzd",
            "is_restricted": false,
            "is_ultra_restricted": false
        },
        "blocks": [
            {
                "type": "rich_text",
                "block_id": "QPcn",
                "elements": [
                    {
                        "type": "rich_text_section",
                        "elements": [
                            {
                                "type": "text",
                                "text": "Cameron’s poster is #68"
                            },
                            {
                                "type": "text",
                                "text": "."
                            },
                            {
                                "type": "text",
                                "text": " "
                            }
                        ]
                    }
                ]
            }
        ],
        "reactions": [
            {
                "name": "crab",
                "users": [
                    "U0103JSQYLB",
                    "U02D68LLBAQ"
                ],
                "count": 2
            }
        ]
    },
    {
        "user": "U046FLCDE1M",
        "type": "message",
        "ts": "1681838873.145009",
        "client_msg_id": "d62b3926-e5f9-4157-86d4-1bfc387d7e21",
        "text": "Thank you Dr. Schulz!",
        "team": "T1T85P197",
        "user_team": "T1T85P197",
        "source_team": "T1T85P197",
        "user_profile": {
            "avatar_hash": "g15375709aa0",
            "image_72": "https:\/\/secure.gravatar.com\/avatar\/15375709aa0de5f6bbc233d2d9f43eda.jpg?s=72&d=https%3A%2F%2Fa.slack-edge.com%2Fdf10d%2Fimg%2Favatars%2Fava_0025-72.png",
            "first_name": "Maddie",
            "real_name": "Maddie Bunger",
            "display_name": "Maddie Bunger",
            "team": "T1T85P197",
            "name": "mjbt88",
            "is_restricted": false,
            "is_ultra_restricted": false
        },
        "thread_ts": "1681830014.634249",
        "parent_user_id": "U010N31RYMV",
        "blocks": [
            {
                "type": "rich_text",
                "block_id": "2Tc",
                "elements": [
                    {
                        "type": "rich_text_section",
                        "elements": [
                            {
                                "type": "text",
                                "text": "Thank you Dr. Schulz!"
                            }
                        ]
                    }
                ]
            }
        ]
    },
    {
        "text": "",
        "files": [
            {
                "id": "F053TMGBGMQ",
                "created": 1681838903,
                "timestamp": 1681838903,
                "name": "IMG_2912.jpg",
                "title": "IMG_2912",
                "mimetype": "image\/jpeg",
                "filetype": "jpg",
                "pretty_type": "JPEG",
                "user": "U0112A19YFN",
                "user_team": "T1T85P197",
                "editable": false,
                "size": 2188939,
                "mode": "hosted",
                "is_external": false,
                "external_type": "",
                "is_public": true,
                "public_url_shared": false,
                "display_as_bot": false,
                "username": "",
                "url_private": "https:\/\/files.slack.com\/files-pri\/T1T85P197-F053TMGBGMQ\/img_2912.jpg?t=xoxe-61277783313-6938219705459-6931704589846-f9456fee8056b431d8cc920b3927c14d",
                "url_private_download": "https:\/\/files.slack.com\/files-pri\/T1T85P197-F053TMGBGMQ\/download\/img_2912.jpg?t=xoxe-61277783313-6938219705459-6931704589846-f9456fee8056b431d8cc920b3927c14d",
                "media_display_type": "unknown",
                "thumb_64": "https:\/\/files.slack.com\/files-tmb\/T1T85P197-F053TMGBGMQ-887f07426c\/img_2912_64.jpg?t=xoxe-61277783313-6938219705459-6931704589846-f9456fee8056b431d8cc920b3927c14d",
                "thumb_80": "https:\/\/files.slack.com\/files-tmb\/T1T85P197-F053TMGBGMQ-887f07426c\/img_2912_80.jpg?t=xoxe-61277783313-6938219705459-6931704589846-f9456fee8056b431d8cc920b3927c14d",
                "thumb_360": "https:\/\/files.slack.com\/files-tmb\/T1T85P197-F053TMGBGMQ-887f07426c\/img_2912_360.jpg?t=xoxe-61277783313-6938219705459-6931704589846-f9456fee8056b431d8cc920b3927c14d",
                "thumb_360_w": 270,
                "thumb_360_h": 360,
                "thumb_480": "https:\/\/files.slack.com\/files-tmb\/T1T85P197-F053TMGBGMQ-887f07426c\/img_2912_480.jpg?t=xoxe-61277783313-6938219705459-6931704589846-f9456fee8056b431d8cc920b3927c14d",
                "thumb_480_w": 360,
                "thumb_480_h": 480,
                "thumb_160": "https:\/\/files.slack.com\/files-tmb\/T1T85P197-F053TMGBGMQ-887f07426c\/img_2912_160.jpg?t=xoxe-61277783313-6938219705459-6931704589846-f9456fee8056b431d8cc920b3927c14d",
                "thumb_720": "https:\/\/files.slack.com\/files-tmb\/T1T85P197-F053TMGBGMQ-887f07426c\/img_2912_720.jpg?t=xoxe-61277783313-6938219705459-6931704589846-f9456fee8056b431d8cc920b3927c14d",
                "thumb_720_w": 540,
                "thumb_720_h": 720,
                "thumb_800": "https:\/\/files.slack.com\/files-tmb\/T1T85P197-F053TMGBGMQ-887f07426c\/img_2912_800.jpg?t=xoxe-61277783313-6938219705459-6931704589846-f9456fee8056b431d8cc920b3927c14d",
                "thumb_800_w": 800,
                "thumb_800_h": 1067,
                "thumb_960": "https:\/\/files.slack.com\/files-tmb\/T1T85P197-F053TMGBGMQ-887f07426c\/img_2912_960.jpg?t=xoxe-61277783313-6938219705459-6931704589846-f9456fee8056b431d8cc920b3927c14d",
                "thumb_960_w": 720,
                "thumb_960_h": 960,
                "thumb_1024": "https:\/\/files.slack.com\/files-tmb\/T1T85P197-F053TMGBGMQ-887f07426c\/img_2912_1024.jpg?t=xoxe-61277783313-6938219705459-6931704589846-f9456fee8056b431d8cc920b3927c14d",
                "thumb_1024_w": 768,
                "thumb_1024_h": 1024,
                "original_w": 3024,
                "original_h": 4032,
                "thumb_tiny": "AwAwACRoTIoACkbiB9amjzuA7Y9cVGyhgzM3ToDzUopgCBnEq7T1FSJKinqv51EY4wD86nAz060uxI2UMgYMcbsdKZNy19pj\/wCego+0p\/z0H5VH5Ef9xfyo8iP+4v5UWDmK8zZXCHJx2p8TjyiDnJGOlVWb5QBwAPzqWKPcgLMR7UrDY64be6bc88Gick7SoJwcmgwJnOSaPLjx0NMCQ3D\/ANxfzpPtD\/3E\/OmeTH6H86PJj9D+dF2FkVerBashqqQ\/eJNTg0ATbqWogaeDSGOzRkU09e35Un5flSGf\/9k=",
                "permalink": "https:\/\/schulzlab.slack.com\/files\/U0112A19YFN\/F053TMGBGMQ\/img_2912.jpg",
                "permalink_public": "https:\/\/slack-files.com\/T1T85P197-F053TMGBGMQ-a858b15fb1",
                "is_starred": false,
                "has_rich_preview": false,
                "file_access": "visible"
            }
        ],
        "upload": false,
        "user": "U0112A19YFN",
        "display_as_bot": false,
        "type": "message",
        "ts": "1681838910.148789",
        "client_msg_id": "72BEBD62-CC56-49ED-BFB4-2C7714D4DFE7"
    },
    {
        "user": "U010N31RYMV",
        "type": "message",
        "ts": "1681838987.224999",
        "client_msg_id": "6CD068B7-3262-436C-AD83-B211EA9E28E6",
        "text": "That dude is giving Cameron plenty of room. Break out the interpretive dance, Cam-dogg!!!",
        "team": "T1T85P197",
        "user_team": "T1T85P197",
        "source_team": "T1T85P197",
        "user_profile": {
            "avatar_hash": "084d1d915961",
            "image_72": "https:\/\/avatars.slack-edge.com\/2021-06-11\/2162938824690_084d1d915961fd2a1fcb_72.png",
            "first_name": "",
            "real_name": "David Schulz",
            "display_name": "David Schulz",
            "team": "T1T85P197",
            "name": "schulzd",
            "is_restricted": false,
            "is_ultra_restricted": false
        },
        "blocks": [
            {
                "type": "rich_text",
                "block_id": "hSOHw",
                "elements": [
                    {
                        "type": "rich_text_section",
                        "elements": [
                            {
                                "type": "text",
                                "text": "That dude is giving Cameron plenty of room"
                            },
                            {
                                "type": "text",
                                "text": "."
                            },
                            {
                                "type": "text",
                                "text": " Break out the interpretive dance, Cam-dogg!!!"
                            }
                        ]
                    }
                ]
            }
        ],
        "reactions": [
            {
                "name": "rolling_on_the_floor_laughing",
                "users": [
                    "U0112A19YFN",
                    "U02D68LLBAQ",
                    "U04P7HHG12S",
                    "U01328S2P1T"
                ],
                "count": 4
            }
        ]
    },
    {
        "text": "#crabs",
        "files": [
            {
                "id": "F053DAVNF55",
                "created": 1681840584,
                "timestamp": 1681840584,
                "name": "IMG_7813.jpg",
                "title": "IMG_7813",
                "mimetype": "image\/jpeg",
                "filetype": "jpg",
                "pretty_type": "JPEG",
                "user": "U0103JSQYLB",
                "user_team": "T1T85P197",
                "editable": false,
                "size": 2170789,
                "mode": "hosted",
                "is_external": false,
                "external_type": "",
                "is_public": true,
                "public_url_shared": false,
                "display_as_bot": false,
                "username": "",
                "url_private": "https:\/\/files.slack.com\/files-pri\/T1T85P197-F053DAVNF55\/img_7813.jpg?t=xoxe-61277783313-6938219705459-6931704589846-f9456fee8056b431d8cc920b3927c14d",
                "url_private_download": "https:\/\/files.slack.com\/files-pri\/T1T85P197-F053DAVNF55\/download\/img_7813.jpg?t=xoxe-61277783313-6938219705459-6931704589846-f9456fee8056b431d8cc920b3927c14d",
                "media_display_type": "unknown",
                "thumb_64": "https:\/\/files.slack.com\/files-tmb\/T1T85P197-F053DAVNF55-8dd8c30ee4\/img_7813_64.jpg?t=xoxe-61277783313-6938219705459-6931704589846-f9456fee8056b431d8cc920b3927c14d",
                "thumb_80": "https:\/\/files.slack.com\/files-tmb\/T1T85P197-F053DAVNF55-8dd8c30ee4\/img_7813_80.jpg?t=xoxe-61277783313-6938219705459-6931704589846-f9456fee8056b431d8cc920b3927c14d",
                "thumb_360": "https:\/\/files.slack.com\/files-tmb\/T1T85P197-F053DAVNF55-8dd8c30ee4\/img_7813_360.jpg?t=xoxe-61277783313-6938219705459-6931704589846-f9456fee8056b431d8cc920b3927c14d",
                "thumb_360_w": 360,
                "thumb_360_h": 270,
                "thumb_480": "https:\/\/files.slack.com\/files-tmb\/T1T85P197-F053DAVNF55-8dd8c30ee4\/img_7813_480.jpg?t=xoxe-61277783313-6938219705459-6931704589846-f9456fee8056b431d8cc920b3927c14d",
                "thumb_480_w": 480,
                "thumb_480_h": 360,
                "thumb_160": "https:\/\/files.slack.com\/files-tmb\/T1T85P197-F053DAVNF55-8dd8c30ee4\/img_7813_160.jpg?t=xoxe-61277783313-6938219705459-6931704589846-f9456fee8056b431d8cc920b3927c14d",
                "thumb_720": "https:\/\/files.slack.com\/files-tmb\/T1T85P197-F053DAVNF55-8dd8c30ee4\/img_7813_720.jpg?t=xoxe-61277783313-6938219705459-6931704589846-f9456fee8056b431d8cc920b3927c14d",
                "thumb_720_w": 720,
                "thumb_720_h": 540,
                "thumb_800": "https:\/\/files.slack.com\/files-tmb\/T1T85P197-F053DAVNF55-8dd8c30ee4\/img_7813_800.jpg?t=xoxe-61277783313-6938219705459-6931704589846-f9456fee8056b431d8cc920b3927c14d",
                "thumb_800_w": 800,
                "thumb_800_h": 600,
                "thumb_960": "https:\/\/files.slack.com\/files-tmb\/T1T85P197-F053DAVNF55-8dd8c30ee4\/img_7813_960.jpg?t=xoxe-61277783313-6938219705459-6931704589846-f9456fee8056b431d8cc920b3927c14d",
                "thumb_960_w": 960,
                "thumb_960_h": 720,
                "thumb_1024": "https:\/\/files.slack.com\/files-tmb\/T1T85P197-F053DAVNF55-8dd8c30ee4\/img_7813_1024.jpg?t=xoxe-61277783313-6938219705459-6931704589846-f9456fee8056b431d8cc920b3927c14d",
                "thumb_1024_w": 1024,
                "thumb_1024_h": 768,
                "original_w": 4032,
                "original_h": 3024,
                "thumb_tiny": "AwAkADCZ4otm5X\/CmvbkMACDnpSvHH9m3BcNjrQ6qhRhuxgk8+1ADEiLlkk5A6Z7UeU8P3HBH91jUUNwfMBSPcXJyAeamVYpGPyuGJydwxQC3HLLHj5ztPp1oLRvjax\/xprQR+h\/OlRfLiJVyFXJxjNIYu\/93sII7dKbIWeIqB2wM1XEku0nt0FDKxUtI54HQ0xWII2JnHIUBia0BMNvY59DzVW2hJcdsICc+9Wwir0H40MEIZAT0YZqKRHYEDG09R+NTfSkNIZAzFVGOKkESvGN2Tu61E\/3VqxH\/q0quhPUbtAbcCc9KCSDTjTG+9SGLmgGkHWlHSkxo\/\/Z",
                "permalink": "https:\/\/schulzlab.slack.com\/files\/U0103JSQYLB\/F053DAVNF55\/img_7813.jpg",
                "permalink_public": "https:\/\/slack-files.com\/T1T85P197-F053DAVNF55-fc0973c45a",
                "is_starred": false,
                "has_rich_preview": false,
                "file_access": "visible"
            },
            {
                "id": "F053DAVPSRM",
                "created": 1681840585,
                "timestamp": 1681840585,
                "name": "IMG_7812.jpg",
                "title": "IMG_7812",
                "mimetype": "image\/jpeg",
                "filetype": "jpg",
                "pretty_type": "JPEG",
                "user": "U0103JSQYLB",
                "user_team": "T1T85P197",
                "editable": false,
                "size": 2207058,
                "mode": "hosted",
                "is_external": false,
                "external_type": "",
                "is_public": true,
                "public_url_shared": false,
                "display_as_bot": false,
                "username": "",
                "url_private": "https:\/\/files.slack.com\/files-pri\/T1T85P197-F053DAVPSRM\/img_7812.jpg?t=xoxe-61277783313-6938219705459-6931704589846-f9456fee8056b431d8cc920b3927c14d",
                "url_private_download": "https:\/\/files.slack.com\/files-pri\/T1T85P197-F053DAVPSRM\/download\/img_7812.jpg?t=xoxe-61277783313-6938219705459-6931704589846-f9456fee8056b431d8cc920b3927c14d",
                "media_display_type": "unknown",
                "thumb_64": "https:\/\/files.slack.com\/files-tmb\/T1T85P197-F053DAVPSRM-bbb2c005c8\/img_7812_64.jpg?t=xoxe-61277783313-6938219705459-6931704589846-f9456fee8056b431d8cc920b3927c14d",
                "thumb_80": "https:\/\/files.slack.com\/files-tmb\/T1T85P197-F053DAVPSRM-bbb2c005c8\/img_7812_80.jpg?t=xoxe-61277783313-6938219705459-6931704589846-f9456fee8056b431d8cc920b3927c14d",
                "thumb_360": "https:\/\/files.slack.com\/files-tmb\/T1T85P197-F053DAVPSRM-bbb2c005c8\/img_7812_360.jpg?t=xoxe-61277783313-6938219705459-6931704589846-f9456fee8056b431d8cc920b3927c14d",
                "thumb_360_w": 360,
                "thumb_360_h": 270,
                "thumb_480": "https:\/\/files.slack.com\/files-tmb\/T1T85P197-F053DAVPSRM-bbb2c005c8\/img_7812_480.jpg?t=xoxe-61277783313-6938219705459-6931704589846-f9456fee8056b431d8cc920b3927c14d",
                "thumb_480_w": 480,
                "thumb_480_h": 360,
                "thumb_160": "https:\/\/files.slack.com\/files-tmb\/T1T85P197-F053DAVPSRM-bbb2c005c8\/img_7812_160.jpg?t=xoxe-61277783313-6938219705459-6931704589846-f9456fee8056b431d8cc920b3927c14d",
                "thumb_720": "https:\/\/files.slack.com\/files-tmb\/T1T85P197-F053DAVPSRM-bbb2c005c8\/img_7812_720.jpg?t=xoxe-61277783313-6938219705459-6931704589846-f9456fee8056b431d8cc920b3927c14d",
                "thumb_720_w": 720,
                "thumb_720_h": 540,
                "thumb_800": "https:\/\/files.slack.com\/files-tmb\/T1T85P197-F053DAVPSRM-bbb2c005c8\/img_7812_800.jpg?t=xoxe-61277783313-6938219705459-6931704589846-f9456fee8056b431d8cc920b3927c14d",
                "thumb_800_w": 800,
                "thumb_800_h": 600,
                "thumb_960": "https:\/\/files.slack.com\/files-tmb\/T1T85P197-F053DAVPSRM-bbb2c005c8\/img_7812_960.jpg?t=xoxe-61277783313-6938219705459-6931704589846-f9456fee8056b431d8cc920b3927c14d",
                "thumb_960_w": 960,
                "thumb_960_h": 720,
                "thumb_1024": "https:\/\/files.slack.com\/files-tmb\/T1T85P197-F053DAVPSRM-bbb2c005c8\/img_7812_1024.jpg?t=xoxe-61277783313-6938219705459-6931704589846-f9456fee8056b431d8cc920b3927c14d",
                "thumb_1024_w": 1024,
                "thumb_1024_h": 768,
                "original_w": 4032,
                "original_h": 3024,
                "thumb_tiny": "AwAkADCd4otm5H\/DNNe3IYKCCT0pZI4\/s4ZVAbA5pJFWMqwBwASRn2oAakW\/cknIHQHnFIYmhPySDH91jUUE7eaCiBi+cgHniplWJyf3bKc87uKAW4qzR4+c4Pp1pd6PtIJx1+tNaGMfw\/rSqBHCWV2VVydvakMUv+72EH8qbIWeMjpxgE1XDy7Se3QUjKdpaRjwOhpisiGNj54yQACTxV8TYXjac9gear20JL8\/LhBn8atBVXoPxoYIQyZP3WGaikjdhgEYPUfjUp9qQ0hkLMQoxxmpRCjIM5OetQv9xatJ9xfpVdCeozYA2RnP1pG4NONNfqKRQmaUGmilHSkwR\/\/Z",
                "permalink": "https:\/\/schulzlab.slack.com\/files\/U0103JSQYLB\/F053DAVPSRM\/img_7812.jpg",
                "permalink_public": "https:\/\/slack-files.com\/T1T85P197-F053DAVPSRM-ae1d4a7075",
                "is_starred": false,
                "has_rich_preview": false,
                "file_access": "visible"
            }
        ],
        "upload": false,
        "user": "U0103JSQYLB",
        "blocks": [
            {
                "type": "rich_text",
                "block_id": "AzrsT",
                "elements": [
                    {
                        "type": "rich_text_section",
                        "elements": [
                            {
                                "type": "text",
                                "text": "#crabs"
                            }
                        ]
                    }
                ]
            }
        ],
        "type": "message",
        "ts": "1681840592.511439",
        "client_msg_id": "99D111C1-2C44-4432-94B2-2BD14D83EBED",
        "reactions": [
            {
                "name": "scientist",
                "users": [
                    "U1T7R897Y",
                    "U02D68LLBAQ",
                    "U04P7HHG12S"
                ],
                "count": 3
            },
            {
                "name": "mouse2",
                "users": [
                    "U1T7R897Y",
                    "U02D68LLBAQ",
                    "U04P7HHG12S"
                ],
                "count": 3
            },
            {
                "name": "scientist::skin-tone-4",
                "users": [
                    "U0112A19YFN"
                ],
                "count": 1
            }
        ]
    },
    {
        "user": "U0103JSQYLB",
        "type": "message",
        "ts": "1681842644.493709",
        "client_msg_id": "22775F2F-C446-4FD6-BC93-1BAA1A758E0A",
        "text": "Good job today <@U019K98069M> !",
        "team": "T1T85P197",
        "user_team": "T1T85P197",
        "source_team": "T1T85P197",
        "user_profile": {
            "avatar_hash": "94bf4a6c3643",
            "image_72": "https:\/\/avatars.slack-edge.com\/2023-05-20\/5309607146049_94bf4a6c3643af0ab428_72.png",
            "first_name": "Joe",
            "real_name": "Joe",
            "display_name": "Joe",
            "team": "T1T85P197",
            "name": "joseviteri",
            "is_restricted": false,
            "is_ultra_restricted": false
        },
        "blocks": [
            {
                "type": "rich_text",
                "block_id": "2R+i4",
                "elements": [
                    {
                        "type": "rich_text_section",
                        "elements": [
                            {
                                "type": "text",
                                "text": "Good job today "
                            },
                            {
                                "type": "user",
                                "user_id": "U019K98069M"
                            },
                            {
                                "type": "text",
                                "text": " !"
                            }
                        ]
                    }
                ]
            }
        ],
        "reactions": [
            {
                "name": "tada",
                "users": [
                    "U0112A19YFN",
                    "U02D68LLBAQ",
                    "U010N31RYMV",
                    "U1T7R897Y"
                ],
                "count": 4
            }
        ]
    },
    {
        "text": "Crowded now. ",
        "files": [
            {
                "id": "F054HSD8HEC",
                "created": 1681843328,
                "timestamp": 1681843328,
                "name": "IMG_8521.jpg",
                "title": "IMG_8521",
                "mimetype": "image\/jpeg",
                "filetype": "jpg",
                "pretty_type": "JPEG",
                "user": "U010N31RYMV",
                "user_team": "T1T85P197",
                "editable": false,
                "size": 1601194,
                "mode": "hosted",
                "is_external": false,
                "external_type": "",
                "is_public": true,
                "public_url_shared": false,
                "display_as_bot": false,
                "username": "",
                "url_private": "https:\/\/files.slack.com\/files-pri\/T1T85P197-F054HSD8HEC\/img_8521.jpg?t=xoxe-61277783313-6938219705459-6931704589846-f9456fee8056b431d8cc920b3927c14d",
                "url_private_download": "https:\/\/files.slack.com\/files-pri\/T1T85P197-F054HSD8HEC\/download\/img_8521.jpg?t=xoxe-61277783313-6938219705459-6931704589846-f9456fee8056b431d8cc920b3927c14d",
                "media_display_type": "unknown",
                "thumb_64": "https:\/\/files.slack.com\/files-tmb\/T1T85P197-F054HSD8HEC-14145c8922\/img_8521_64.jpg?t=xoxe-61277783313-6938219705459-6931704589846-f9456fee8056b431d8cc920b3927c14d",
                "thumb_80": "https:\/\/files.slack.com\/files-tmb\/T1T85P197-F054HSD8HEC-14145c8922\/img_8521_80.jpg?t=xoxe-61277783313-6938219705459-6931704589846-f9456fee8056b431d8cc920b3927c14d",
                "thumb_360": "https:\/\/files.slack.com\/files-tmb\/T1T85P197-F054HSD8HEC-14145c8922\/img_8521_360.jpg?t=xoxe-61277783313-6938219705459-6931704589846-f9456fee8056b431d8cc920b3927c14d",
                "thumb_360_w": 360,
                "thumb_360_h": 270,
                "thumb_480": "https:\/\/files.slack.com\/files-tmb\/T1T85P197-F054HSD8HEC-14145c8922\/img_8521_480.jpg?t=xoxe-61277783313-6938219705459-6931704589846-f9456fee8056b431d8cc920b3927c14d",
                "thumb_480_w": 480,
                "thumb_480_h": 360,
                "thumb_160": "https:\/\/files.slack.com\/files-tmb\/T1T85P197-F054HSD8HEC-14145c8922\/img_8521_160.jpg?t=xoxe-61277783313-6938219705459-6931704589846-f9456fee8056b431d8cc920b3927c14d",
                "thumb_720": "https:\/\/files.slack.com\/files-tmb\/T1T85P197-F054HSD8HEC-14145c8922\/img_8521_720.jpg?t=xoxe-61277783313-6938219705459-6931704589846-f9456fee8056b431d8cc920b3927c14d",
                "thumb_720_w": 720,
                "thumb_720_h": 540,
                "thumb_800": "https:\/\/files.slack.com\/files-tmb\/T1T85P197-F054HSD8HEC-14145c8922\/img_8521_800.jpg?t=xoxe-61277783313-6938219705459-6931704589846-f9456fee8056b431d8cc920b3927c14d",
                "thumb_800_w": 800,
                "thumb_800_h": 600,
                "thumb_960": "https:\/\/files.slack.com\/files-tmb\/T1T85P197-F054HSD8HEC-14145c8922\/img_8521_960.jpg?t=xoxe-61277783313-6938219705459-6931704589846-f9456fee8056b431d8cc920b3927c14d",
                "thumb_960_w": 960,
                "thumb_960_h": 720,
                "thumb_1024": "https:\/\/files.slack.com\/files-tmb\/T1T85P197-F054HSD8HEC-14145c8922\/img_8521_1024.jpg?t=xoxe-61277783313-6938219705459-6931704589846-f9456fee8056b431d8cc920b3927c14d",
                "thumb_1024_w": 1024,
                "thumb_1024_h": 768,
                "original_w": 4032,
                "original_h": 3024,
                "thumb_tiny": "AwAkADByxg\/xCmswT7o3HPTOKkQqC434\/CmIY8sGwW7fNipRTDzyesJ\/MUnn44ETfhin5RUVmjOO53daECsgdAAcnBJzTJGi5YH\/AFbn6ike4L9VYD020sTv9o2yNncOMVIzKzEYyAccnjpTsFygrlZX5zyfemmbGDgFlbPIoyRIWUcUONyMTjPU0hk7OHgdefX6U+3kCQKGx3zzTY7bdGCxAJFSLAiDB5oAikYiZXU4x3FLEwBbcR1xzUvlx91zUbxgDAGO+aYEDfdp5\/1P4UxulPP+q\/CkBOjEqPpTiaZH90fSn0wENFB60GpYz\/\/Z",
                "permalink": "https:\/\/schulzlab.slack.com\/files\/U010N31RYMV\/F054HSD8HEC\/img_8521.jpg",
                "permalink_public": "https:\/\/slack-files.com\/T1T85P197-F054HSD8HEC-d927742b45",
                "is_starred": false,
                "has_rich_preview": false,
                "file_access": "visible"
            }
        ],
        "upload": false,
        "user": "U010N31RYMV",
        "display_as_bot": false,
        "blocks": [
            {
                "type": "rich_text",
                "block_id": "YQkY",
                "elements": [
                    {
                        "type": "rich_text_section",
                        "elements": [
                            {
                                "type": "text",
                                "text": "Crowded now"
                            },
                            {
                                "type": "text",
                                "text": "."
                            },
                            {
                                "type": "text",
                                "text": " "
                            }
                        ]
                    }
                ]
            }
        ],
        "type": "message",
        "ts": "1681843336.131969",
        "client_msg_id": "C4F591DE-F617-4F5A-B1C4-3E91D3B44214"
    },
    {
        "user": "U010N31RYMV",
        "type": "message",
        "ts": "1681844068.557019",
        "client_msg_id": "CDF633F5-85DC-46CE-9563-36326D2B5BC5",
        "text": "Those are all the judges. :shushing_face:  ",
        "team": "T1T85P197",
        "user_team": "T1T85P197",
        "source_team": "T1T85P197",
        "user_profile": {
            "avatar_hash": "084d1d915961",
            "image_72": "https:\/\/avatars.slack-edge.com\/2021-06-11\/2162938824690_084d1d915961fd2a1fcb_72.png",
            "first_name": "",
            "real_name": "David Schulz",
            "display_name": "David Schulz",
            "team": "T1T85P197",
            "name": "schulzd",
            "is_restricted": false,
            "is_ultra_restricted": false
        },
        "blocks": [
            {
                "type": "rich_text",
                "block_id": "RmnHh",
                "elements": [
                    {
                        "type": "rich_text_section",
                        "elements": [
                            {
                                "type": "text",
                                "text": "Those are all the judges"
                            },
                            {
                                "type": "text",
                                "text": "."
                            },
                            {
                                "type": "text",
                                "text": " "
                            },
                            {
                                "type": "emoji",
                                "name": "face_with_finger_covering_closed_lips",
                                "unicode": "1f92b"
                            },
                            {
                                "type": "text",
                                "text": "  "
                            }
                        ]
                    }
                ]
            }
        ]
    }
]