[
    {
        "user": "U010N31RYMV",
        "type": "message",
        "ts": "1687442408.477579",
        "client_msg_id": "f9d99533-e31b-420c-9a04-ecd96328a8aa",
        "text": "Hi all. I am back in the office this morning and will be over to Lefevre late morning. Be gentle with me. I'm easing back in.",
        "team": "T1T85P197",
        "user_team": "T1T85P197",
        "source_team": "T1T85P197",
        "user_profile": {
            "avatar_hash": "084d1d915961",
            "image_72": "https:\/\/avatars.slack-edge.com\/2021-06-11\/2162938824690_084d1d915961fd2a1fcb_72.png",
            "first_name": "",
            "real_name": "David Schulz",
            "display_name": "David Schulz",
            "team": "T1T85P197",
            "name": "schulzd",
            "is_restricted": false,
            "is_ultra_restricted": false
        },
        "thread_ts": "1687442408.477579",
        "reply_count": 1,
        "reply_users_count": 1,
        "latest_reply": "1687442562.964959",
        "reply_users": [
            "U0112A19YFN"
        ],
        "replies": [
            {
                "user": "U0112A19YFN",
                "ts": "1687442562.964959"
            }
        ],
        "is_locked": false,
        "subscribed": false,
        "blocks": [
            {
                "type": "rich_text",
                "block_id": "r7Vt",
                "elements": [
                    {
                        "type": "rich_text_section",
                        "elements": [
                            {
                                "type": "text",
                                "text": "Hi all. I am back in the office this morning and will be over to Lefevre late morning. Be gentle with me. I'm easing back in."
                            }
                        ]
                    }
                ]
            }
        ]
    },
    {
        "user": "U0112A19YFN",
        "type": "message",
        "ts": "1687442562.964959",
        "client_msg_id": "15A60509-AADA-421F-938C-B25116EDE55E",
        "text": "We never ever do nothin nice and easy *in my Tina Turner voice*",
        "team": "T1T85P197",
        "user_team": "T1T85P197",
        "source_team": "T1T85P197",
        "user_profile": {
            "avatar_hash": "82931094ef90",
            "image_72": "https:\/\/avatars.slack-edge.com\/2022-06-17\/3708168624352_82931094ef904079310a_72.jpg",
            "first_name": "",
            "real_name": "Sherryl",
            "display_name": "Sherryl",
            "team": "T1T85P197",
            "name": "sherryl.henderson",
            "is_restricted": false,
            "is_ultra_restricted": false
        },
        "thread_ts": "1687442408.477579",
        "parent_user_id": "U010N31RYMV",
        "blocks": [
            {
                "type": "rich_text",
                "block_id": "FUjC",
                "elements": [
                    {
                        "type": "rich_text_section",
                        "elements": [
                            {
                                "type": "text",
                                "text": "We never ever do nothin nice and easy "
                            },
                            {
                                "type": "text",
                                "text": "in my Tina Turner voice",
                                "style": {
                                    "bold": true,
                                    "italic": false,
                                    "strike": false
                                }
                            }
                        ]
                    }
                ]
            }
        ],
        "reactions": [
            {
                "name": "joy",
                "users": [
                    "U04P7HHG12S"
                ],
                "count": 1
            }
        ]
    }
]