[
    {
        "text": "Hey. A familiar face in the Mizzou campus tour material. (Lower left panel)",
        "files": [
            {
                "id": "F04UH72CE5Q",
                "created": 1679065680,
                "timestamp": 1679065680,
                "name": "IMG_8431.jpg",
                "title": "IMG_8431",
                "mimetype": "image\/jpeg",
                "filetype": "jpg",
                "pretty_type": "JPEG",
                "user": "U010N31RYMV",
                "user_team": "T1T85P197",
                "editable": false,
                "size": 898938,
                "mode": "hosted",
                "is_external": false,
                "external_type": "",
                "is_public": true,
                "public_url_shared": false,
                "display_as_bot": false,
                "username": "",
                "url_private": "https:\/\/files.slack.com\/files-pri\/T1T85P197-F04UH72CE5Q\/img_8431.jpg?t=xoxe-61277783313-6938219705459-6931704589846-f9456fee8056b431d8cc920b3927c14d",
                "url_private_download": "https:\/\/files.slack.com\/files-pri\/T1T85P197-F04UH72CE5Q\/download\/img_8431.jpg?t=xoxe-61277783313-6938219705459-6931704589846-f9456fee8056b431d8cc920b3927c14d",
                "media_display_type": "unknown",
                "thumb_64": "https:\/\/files.slack.com\/files-tmb\/T1T85P197-F04UH72CE5Q-e62e141056\/img_8431_64.jpg?t=xoxe-61277783313-6938219705459-6931704589846-f9456fee8056b431d8cc920b3927c14d",
                "thumb_80": "https:\/\/files.slack.com\/files-tmb\/T1T85P197-F04UH72CE5Q-e62e141056\/img_8431_80.jpg?t=xoxe-61277783313-6938219705459-6931704589846-f9456fee8056b431d8cc920b3927c14d",
                "thumb_360": "https:\/\/files.slack.com\/files-tmb\/T1T85P197-F04UH72CE5Q-e62e141056\/img_8431_360.jpg?t=xoxe-61277783313-6938219705459-6931704589846-f9456fee8056b431d8cc920b3927c14d",
                "thumb_360_w": 360,
                "thumb_360_h": 270,
                "thumb_480": "https:\/\/files.slack.com\/files-tmb\/T1T85P197-F04UH72CE5Q-e62e141056\/img_8431_480.jpg?t=xoxe-61277783313-6938219705459-6931704589846-f9456fee8056b431d8cc920b3927c14d",
                "thumb_480_w": 480,
                "thumb_480_h": 360,
                "thumb_160": "https:\/\/files.slack.com\/files-tmb\/T1T85P197-F04UH72CE5Q-e62e141056\/img_8431_160.jpg?t=xoxe-61277783313-6938219705459-6931704589846-f9456fee8056b431d8cc920b3927c14d",
                "thumb_720": "https:\/\/files.slack.com\/files-tmb\/T1T85P197-F04UH72CE5Q-e62e141056\/img_8431_720.jpg?t=xoxe-61277783313-6938219705459-6931704589846-f9456fee8056b431d8cc920b3927c14d",
                "thumb_720_w": 720,
                "thumb_720_h": 540,
                "thumb_800": "https:\/\/files.slack.com\/files-tmb\/T1T85P197-F04UH72CE5Q-e62e141056\/img_8431_800.jpg?t=xoxe-61277783313-6938219705459-6931704589846-f9456fee8056b431d8cc920b3927c14d",
                "thumb_800_w": 800,
                "thumb_800_h": 600,
                "thumb_960": "https:\/\/files.slack.com\/files-tmb\/T1T85P197-F04UH72CE5Q-e62e141056\/img_8431_960.jpg?t=xoxe-61277783313-6938219705459-6931704589846-f9456fee8056b431d8cc920b3927c14d",
                "thumb_960_w": 960,
                "thumb_960_h": 720,
                "thumb_1024": "https:\/\/files.slack.com\/files-tmb\/T1T85P197-F04UH72CE5Q-e62e141056\/img_8431_1024.jpg?t=xoxe-61277783313-6938219705459-6931704589846-f9456fee8056b431d8cc920b3927c14d",
                "thumb_1024_w": 1024,
                "thumb_1024_h": 768,
                "original_w": 4032,
                "original_h": 3024,
                "thumb_tiny": "AwAkADBERcfLHn3NK+Qce3YVKiENktmmPzIRmlF2YmrkLPjgdajOScnmrKiPIG3JNKZAv3UHpVOTYJJbDYl4xjPPSnsrb\/lHGaZlo8gYzTnZ+xP4U7isTLnuMVGY2LsR3qQZzyf0pu9iflHArOJTI9h3DHbvnpS7B3K0mTk0vDdTgfSgBxQHndk+1NdSoyenrmkztGcFvYCoJZw0e9H5B+6aaAmDsc8ng4o3N6mmjq\/1paQwyaKKKAFBIOar3YBj3bRuz1xU9Q3X+p\/EUAf\/2Q==",
                "permalink": "https:\/\/schulzlab.slack.com\/files\/U010N31RYMV\/F04UH72CE5Q\/img_8431.jpg",
                "permalink_public": "https:\/\/slack-files.com\/T1T85P197-F04UH72CE5Q-4f716b040d",
                "is_starred": false,
                "has_rich_preview": false,
                "file_access": "visible"
            }
        ],
        "upload": false,
        "user": "U010N31RYMV",
        "display_as_bot": false,
        "blocks": [
            {
                "type": "rich_text",
                "block_id": "NzJO",
                "elements": [
                    {
                        "type": "rich_text_section",
                        "elements": [
                            {
                                "type": "text",
                                "text": "Hey. A familiar face in the Mizzou campus tour material. (Lower left panel)"
                            }
                        ]
                    }
                ]
            }
        ],
        "type": "message",
        "ts": "1679065714.806229",
        "client_msg_id": "162FE77A-A68F-4608-8E5B-079DEFEA9815"
    },
    {
        "user": "U0103JSQYLB",
        "type": "message",
        "ts": "1679065837.430019",
        "client_msg_id": "4CEBDB47-4D47-40BD-B4F1-C2B5256A7AF4",
        "text": "She should\nBe holding a crab!",
        "team": "T1T85P197",
        "user_team": "T1T85P197",
        "source_team": "T1T85P197",
        "user_profile": {
            "avatar_hash": "94bf4a6c3643",
            "image_72": "https:\/\/avatars.slack-edge.com\/2023-05-20\/5309607146049_94bf4a6c3643af0ab428_72.png",
            "first_name": "Joe",
            "real_name": "Joe",
            "display_name": "Joe",
            "team": "T1T85P197",
            "name": "joseviteri",
            "is_restricted": false,
            "is_ultra_restricted": false
        },
        "blocks": [
            {
                "type": "rich_text",
                "block_id": "EIkoC",
                "elements": [
                    {
                        "type": "rich_text_section",
                        "elements": [
                            {
                                "type": "text",
                                "text": "She should\nBe holding a crab!"
                            }
                        ]
                    }
                ]
            }
        ]
    },
    {
        "user": "U010N31RYMV",
        "type": "message",
        "ts": "1679065850.535279",
        "client_msg_id": "0A9C67D6-7208-4036-B1FE-126EF5A2B672",
        "text": "Agreed. ",
        "team": "T1T85P197",
        "user_team": "T1T85P197",
        "source_team": "T1T85P197",
        "user_profile": {
            "avatar_hash": "084d1d915961",
            "image_72": "https:\/\/avatars.slack-edge.com\/2021-06-11\/2162938824690_084d1d915961fd2a1fcb_72.png",
            "first_name": "",
            "real_name": "David Schulz",
            "display_name": "David Schulz",
            "team": "T1T85P197",
            "name": "schulzd",
            "is_restricted": false,
            "is_ultra_restricted": false
        },
        "blocks": [
            {
                "type": "rich_text",
                "block_id": "h6S=",
                "elements": [
                    {
                        "type": "rich_text_section",
                        "elements": [
                            {
                                "type": "text",
                                "text": "Agreed"
                            },
                            {
                                "type": "text",
                                "text": "."
                            },
                            {
                                "type": "text",
                                "text": " "
                            }
                        ]
                    }
                ]
            }
        ]
    },
    {
        "text": "Hi everyone!!\n\nLast minute, but we will be presenting our data on purinergic receptor expression in mouse bladder during our lab meeting on Monday.\n\nIf you all wouldn’t mind, please skim through this review and see if you can add any additional insight to our analysis on Monday. Thank you all!",
        "files": [
            {
                "id": "F04UJ5X66G1",
                "created": 1678912205,
                "timestamp": 1678912205,
                "name": "Merrill et al.pdf",
                "title": "Merrill et al.pdf",
                "mimetype": "application\/pdf",
                "filetype": "pdf",
                "pretty_type": "PDF",
                "user": "U019K98069M",
                "user_team": "T1T85P197",
                "editable": false,
                "size": 1158601,
                "mode": "hosted",
                "is_external": false,
                "external_type": "",
                "is_public": true,
                "public_url_shared": false,
                "display_as_bot": false,
                "username": "",
                "url_private": "https:\/\/files.slack.com\/files-pri\/T1T85P197-F04UJ5X66G1\/merrill_et_al.pdf?t=xoxe-61277783313-6938219705459-6931704589846-f9456fee8056b431d8cc920b3927c14d",
                "url_private_download": "https:\/\/files.slack.com\/files-pri\/T1T85P197-F04UJ5X66G1\/download\/merrill_et_al.pdf?t=xoxe-61277783313-6938219705459-6931704589846-f9456fee8056b431d8cc920b3927c14d",
                "media_display_type": "unknown",
                "thumb_pdf": "https:\/\/files.slack.com\/files-tmb\/T1T85P197-F04UJ5X66G1-eb51d1cea1\/merrill_et_al_thumb_pdf.png?t=xoxe-61277783313-6938219705459-6931704589846-f9456fee8056b431d8cc920b3927c14d",
                "thumb_pdf_w": 935,
                "thumb_pdf_h": 1210,
                "permalink": "https:\/\/schulzlab.slack.com\/files\/U019K98069M\/F04UJ5X66G1\/merrill_et_al.pdf",
                "permalink_public": "https:\/\/slack-files.com\/T1T85P197-F04UJ5X66G1-660df4dc05",
                "is_starred": false,
                "has_rich_preview": false,
                "file_access": "visible"
            }
        ],
        "upload": false,
        "user": "U019K98069M",
        "display_as_bot": false,
        "blocks": [
            {
                "type": "rich_text",
                "block_id": "0fjv=",
                "elements": [
                    {
                        "type": "rich_text_section",
                        "elements": [
                            {
                                "type": "text",
                                "text": "Hi everyone!!\n\nLast minute, but we will be presenting our data on purinergic receptor expression in mouse bladder during our lab meeting on Monday.\n\nIf you all "
                            },
                            {
                                "type": "text",
                                "text": "wouldn’t"
                            },
                            {
                                "type": "text",
                                "text": " mind, please skim through this review and see if you can add any additional insight to our analysis on Monday. Thank you all!"
                            }
                        ]
                    }
                ]
            }
        ],
        "type": "message",
        "ts": "1679072426.507019",
        "reactions": [
            {
                "name": "+1",
                "users": [
                    "U02D68LLBAQ"
                ],
                "count": 1
            },
            {
                "name": "crab",
                "users": [
                    "U0103JSQYLB"
                ],
                "count": 1
            }
        ]
    }
]