[
    {
        "text": "What’s up, what’s up?!?!?!  ",
        "files": [
            {
                "id": "F057633F1N3",
                "created": 1683928204,
                "timestamp": 1683928204,
                "name": "IMG_8633.jpg",
                "title": "IMG_8633",
                "mimetype": "image\/jpeg",
                "filetype": "jpg",
                "pretty_type": "JPEG",
                "user": "U010N31RYMV",
                "user_team": "T1T85P197",
                "editable": false,
                "size": 1227636,
                "mode": "hosted",
                "is_external": false,
                "external_type": "",
                "is_public": true,
                "public_url_shared": false,
                "display_as_bot": false,
                "username": "",
                "url_private": "https:\/\/files.slack.com\/files-pri\/T1T85P197-F057633F1N3\/img_8633.jpg?t=xoxe-61277783313-6938219705459-6931704589846-f9456fee8056b431d8cc920b3927c14d",
                "url_private_download": "https:\/\/files.slack.com\/files-pri\/T1T85P197-F057633F1N3\/download\/img_8633.jpg?t=xoxe-61277783313-6938219705459-6931704589846-f9456fee8056b431d8cc920b3927c14d",
                "media_display_type": "unknown",
                "thumb_64": "https:\/\/files.slack.com\/files-tmb\/T1T85P197-F057633F1N3-76e2cbb9db\/img_8633_64.jpg?t=xoxe-61277783313-6938219705459-6931704589846-f9456fee8056b431d8cc920b3927c14d",
                "thumb_80": "https:\/\/files.slack.com\/files-tmb\/T1T85P197-F057633F1N3-76e2cbb9db\/img_8633_80.jpg?t=xoxe-61277783313-6938219705459-6931704589846-f9456fee8056b431d8cc920b3927c14d",
                "thumb_360": "https:\/\/files.slack.com\/files-tmb\/T1T85P197-F057633F1N3-76e2cbb9db\/img_8633_360.jpg?t=xoxe-61277783313-6938219705459-6931704589846-f9456fee8056b431d8cc920b3927c14d",
                "thumb_360_w": 360,
                "thumb_360_h": 270,
                "thumb_480": "https:\/\/files.slack.com\/files-tmb\/T1T85P197-F057633F1N3-76e2cbb9db\/img_8633_480.jpg?t=xoxe-61277783313-6938219705459-6931704589846-f9456fee8056b431d8cc920b3927c14d",
                "thumb_480_w": 480,
                "thumb_480_h": 360,
                "thumb_160": "https:\/\/files.slack.com\/files-tmb\/T1T85P197-F057633F1N3-76e2cbb9db\/img_8633_160.jpg?t=xoxe-61277783313-6938219705459-6931704589846-f9456fee8056b431d8cc920b3927c14d",
                "thumb_720": "https:\/\/files.slack.com\/files-tmb\/T1T85P197-F057633F1N3-76e2cbb9db\/img_8633_720.jpg?t=xoxe-61277783313-6938219705459-6931704589846-f9456fee8056b431d8cc920b3927c14d",
                "thumb_720_w": 720,
                "thumb_720_h": 540,
                "thumb_800": "https:\/\/files.slack.com\/files-tmb\/T1T85P197-F057633F1N3-76e2cbb9db\/img_8633_800.jpg?t=xoxe-61277783313-6938219705459-6931704589846-f9456fee8056b431d8cc920b3927c14d",
                "thumb_800_w": 800,
                "thumb_800_h": 600,
                "thumb_960": "https:\/\/files.slack.com\/files-tmb\/T1T85P197-F057633F1N3-76e2cbb9db\/img_8633_960.jpg?t=xoxe-61277783313-6938219705459-6931704589846-f9456fee8056b431d8cc920b3927c14d",
                "thumb_960_w": 960,
                "thumb_960_h": 720,
                "thumb_1024": "https:\/\/files.slack.com\/files-tmb\/T1T85P197-F057633F1N3-76e2cbb9db\/img_8633_1024.jpg?t=xoxe-61277783313-6938219705459-6931704589846-f9456fee8056b431d8cc920b3927c14d",
                "thumb_1024_w": 1024,
                "thumb_1024_h": 768,
                "original_w": 4032,
                "original_h": 3024,
                "thumb_tiny": "AwAkADCsXbpjOP0pqN82G61aYbSoRtnYkng1WnYHDbdrA9uhpXHYV2KYYdaYDNKm1FJUdlFSSSGSFE2jI\/OpU+TgsQOgA7UAQQH5GBHzD1qVQW4AJHXHpUzorAuOGZenqagUkAkdO9AhPPLEqVHPYAVI8ZZc4XPcGoPMDHoc\/Sh1YqCpGPTNU4pbMLscimRsImSOpzT7gPGI2ZQR0PsaZauU3Z68VcDpIhRuQetS2NIreZux2GKjO3nIxinzwLGRtfGe57VGI3Aw6nOe9O6ewrDgAsWQOTVfPNWT\/qBVXvQAbjnrTkkcN1pnehetAFkuzYBOanu+ViPcrVbuKtXX+ri\/3aSGz\/\/Z",
                "permalink": "https:\/\/schulzlab.slack.com\/files\/U010N31RYMV\/F057633F1N3\/img_8633.jpg",
                "permalink_public": "https:\/\/slack-files.com\/T1T85P197-F057633F1N3-5a7d090738",
                "is_starred": false,
                "has_rich_preview": false,
                "file_access": "visible"
            }
        ],
        "upload": false,
        "user": "U010N31RYMV",
        "display_as_bot": false,
        "blocks": [
            {
                "type": "rich_text",
                "block_id": "6lZ",
                "elements": [
                    {
                        "type": "rich_text_section",
                        "elements": [
                            {
                                "type": "text",
                                "text": "What’s"
                            },
                            {
                                "type": "text",
                                "text": " up, "
                            },
                            {
                                "type": "text",
                                "text": "what’s"
                            },
                            {
                                "type": "text",
                                "text": " up?!?!?!  "
                            }
                        ]
                    }
                ]
            }
        ],
        "type": "message",
        "ts": "1683928222.246969",
        "client_msg_id": "8042CDD0-CF5D-4A5A-AD8C-DCF1871A7942",
        "reactions": [
            {
                "name": "crab",
                "users": [
                    "U02D68LLBAQ"
                ],
                "count": 1
            },
            {
                "name": "clap",
                "users": [
                    "U1T7R897Y",
                    "U04P7HHG12S"
                ],
                "count": 2
            },
            {
                "name": "clap::skin-tone-4",
                "users": [
                    "U0112A19YFN"
                ],
                "count": 1
            }
        ]
    },
    {
        "text": "Congrats to Cameron as well!!!! What a week! ",
        "files": [
            {
                "id": "F058AAGDED6",
                "created": 1683928524,
                "timestamp": 1683928524,
                "name": "DSC_0182.jpg",
                "title": "DSC_0182",
                "mimetype": "image\/jpeg",
                "filetype": "jpg",
                "pretty_type": "JPEG",
                "user": "U010N31RYMV",
                "user_team": "T1T85P197",
                "editable": false,
                "size": 1853889,
                "mode": "hosted",
                "is_external": false,
                "external_type": "",
                "is_public": true,
                "public_url_shared": false,
                "display_as_bot": false,
                "username": "",
                "url_private": "https:\/\/files.slack.com\/files-pri\/T1T85P197-F058AAGDED6\/dsc_0182.jpg?t=xoxe-61277783313-6938219705459-6931704589846-f9456fee8056b431d8cc920b3927c14d",
                "url_private_download": "https:\/\/files.slack.com\/files-pri\/T1T85P197-F058AAGDED6\/download\/dsc_0182.jpg?t=xoxe-61277783313-6938219705459-6931704589846-f9456fee8056b431d8cc920b3927c14d",
                "media_display_type": "unknown",
                "thumb_64": "https:\/\/files.slack.com\/files-tmb\/T1T85P197-F058AAGDED6-c350120eb7\/dsc_0182_64.jpg?t=xoxe-61277783313-6938219705459-6931704589846-f9456fee8056b431d8cc920b3927c14d",
                "thumb_80": "https:\/\/files.slack.com\/files-tmb\/T1T85P197-F058AAGDED6-c350120eb7\/dsc_0182_80.jpg?t=xoxe-61277783313-6938219705459-6931704589846-f9456fee8056b431d8cc920b3927c14d",
                "thumb_360": "https:\/\/files.slack.com\/files-tmb\/T1T85P197-F058AAGDED6-c350120eb7\/dsc_0182_360.jpg?t=xoxe-61277783313-6938219705459-6931704589846-f9456fee8056b431d8cc920b3927c14d",
                "thumb_360_w": 360,
                "thumb_360_h": 240,
                "thumb_480": "https:\/\/files.slack.com\/files-tmb\/T1T85P197-F058AAGDED6-c350120eb7\/dsc_0182_480.jpg?t=xoxe-61277783313-6938219705459-6931704589846-f9456fee8056b431d8cc920b3927c14d",
                "thumb_480_w": 480,
                "thumb_480_h": 320,
                "thumb_160": "https:\/\/files.slack.com\/files-tmb\/T1T85P197-F058AAGDED6-c350120eb7\/dsc_0182_160.jpg?t=xoxe-61277783313-6938219705459-6931704589846-f9456fee8056b431d8cc920b3927c14d",
                "thumb_720": "https:\/\/files.slack.com\/files-tmb\/T1T85P197-F058AAGDED6-c350120eb7\/dsc_0182_720.jpg?t=xoxe-61277783313-6938219705459-6931704589846-f9456fee8056b431d8cc920b3927c14d",
                "thumb_720_w": 720,
                "thumb_720_h": 480,
                "thumb_800": "https:\/\/files.slack.com\/files-tmb\/T1T85P197-F058AAGDED6-c350120eb7\/dsc_0182_800.jpg?t=xoxe-61277783313-6938219705459-6931704589846-f9456fee8056b431d8cc920b3927c14d",
                "thumb_800_w": 800,
                "thumb_800_h": 533,
                "thumb_960": "https:\/\/files.slack.com\/files-tmb\/T1T85P197-F058AAGDED6-c350120eb7\/dsc_0182_960.jpg?t=xoxe-61277783313-6938219705459-6931704589846-f9456fee8056b431d8cc920b3927c14d",
                "thumb_960_w": 960,
                "thumb_960_h": 640,
                "thumb_1024": "https:\/\/files.slack.com\/files-tmb\/T1T85P197-F058AAGDED6-c350120eb7\/dsc_0182_1024.jpg?t=xoxe-61277783313-6938219705459-6931704589846-f9456fee8056b431d8cc920b3927c14d",
                "thumb_1024_w": 1024,
                "thumb_1024_h": 683,
                "original_w": 6000,
                "original_h": 4000,
                "thumb_tiny": "AwAgADChRjPSipbcAzJkjGaQERBBweDRViaLN4EYbQfSopkEcpVTkds0XHYjopaSmIWpItpkG4kDtgVHSg7SCOo5oA2DDunEj4Ixgiqd6FEpQKMYHaiC7lZj5hLAdhxSXLGRhIV2gDHXNAynRRSUCP\/Z",
                "permalink": "https:\/\/schulzlab.slack.com\/files\/U010N31RYMV\/F058AAGDED6\/dsc_0182.jpg",
                "permalink_public": "https:\/\/slack-files.com\/T1T85P197-F058AAGDED6-d952a98580",
                "is_starred": false,
                "has_rich_preview": false,
                "file_access": "visible"
            }
        ],
        "upload": false,
        "user": "U010N31RYMV",
        "display_as_bot": false,
        "blocks": [
            {
                "type": "rich_text",
                "block_id": "M6qKY",
                "elements": [
                    {
                        "type": "rich_text_section",
                        "elements": [
                            {
                                "type": "text",
                                "text": "Congrats to Cameron as well!!!! What a week! "
                            }
                        ]
                    }
                ]
            }
        ],
        "type": "message",
        "ts": "1683928550.207469",
        "client_msg_id": "270C511F-82E1-4E2C-A962-317AE6223EE5",
        "reactions": [
            {
                "name": "clap",
                "users": [
                    "U02D68LLBAQ",
                    "U04P7HHG12S",
                    "U1T7R897Y"
                ],
                "count": 3
            },
            {
                "name": "crab",
                "users": [
                    "U0103JSQYLB"
                ],
                "count": 1
            },
            {
                "name": "clap::skin-tone-4",
                "users": [
                    "U0112A19YFN"
                ],
                "count": 1
            }
        ]
    },
    {
        "text": "Dave forced me to hold flowers ",
        "files": [
            {
                "id": "F057J08Q06R",
                "created": 1683936026,
                "timestamp": 1683936026,
                "name": "IMG_2096.jpg",
                "title": "IMG_2096",
                "mimetype": "image\/jpeg",
                "filetype": "jpg",
                "pretty_type": "JPEG",
                "user": "U0103JSQYLB",
                "user_team": "T1T85P197",
                "editable": false,
                "size": 1536052,
                "mode": "hosted",
                "is_external": false,
                "external_type": "",
                "is_public": true,
                "public_url_shared": false,
                "display_as_bot": false,
                "username": "",
                "url_private": "https:\/\/files.slack.com\/files-pri\/T1T85P197-F057J08Q06R\/img_2096.jpg?t=xoxe-61277783313-6938219705459-6931704589846-f9456fee8056b431d8cc920b3927c14d",
                "url_private_download": "https:\/\/files.slack.com\/files-pri\/T1T85P197-F057J08Q06R\/download\/img_2096.jpg?t=xoxe-61277783313-6938219705459-6931704589846-f9456fee8056b431d8cc920b3927c14d",
                "media_display_type": "unknown",
                "thumb_64": "https:\/\/files.slack.com\/files-tmb\/T1T85P197-F057J08Q06R-afc788ee28\/img_2096_64.jpg?t=xoxe-61277783313-6938219705459-6931704589846-f9456fee8056b431d8cc920b3927c14d",
                "thumb_80": "https:\/\/files.slack.com\/files-tmb\/T1T85P197-F057J08Q06R-afc788ee28\/img_2096_80.jpg?t=xoxe-61277783313-6938219705459-6931704589846-f9456fee8056b431d8cc920b3927c14d",
                "thumb_360": "https:\/\/files.slack.com\/files-tmb\/T1T85P197-F057J08Q06R-afc788ee28\/img_2096_360.jpg?t=xoxe-61277783313-6938219705459-6931704589846-f9456fee8056b431d8cc920b3927c14d",
                "thumb_360_w": 360,
                "thumb_360_h": 270,
                "thumb_480": "https:\/\/files.slack.com\/files-tmb\/T1T85P197-F057J08Q06R-afc788ee28\/img_2096_480.jpg?t=xoxe-61277783313-6938219705459-6931704589846-f9456fee8056b431d8cc920b3927c14d",
                "thumb_480_w": 480,
                "thumb_480_h": 360,
                "thumb_160": "https:\/\/files.slack.com\/files-tmb\/T1T85P197-F057J08Q06R-afc788ee28\/img_2096_160.jpg?t=xoxe-61277783313-6938219705459-6931704589846-f9456fee8056b431d8cc920b3927c14d",
                "thumb_720": "https:\/\/files.slack.com\/files-tmb\/T1T85P197-F057J08Q06R-afc788ee28\/img_2096_720.jpg?t=xoxe-61277783313-6938219705459-6931704589846-f9456fee8056b431d8cc920b3927c14d",
                "thumb_720_w": 720,
                "thumb_720_h": 540,
                "thumb_800": "https:\/\/files.slack.com\/files-tmb\/T1T85P197-F057J08Q06R-afc788ee28\/img_2096_800.jpg?t=xoxe-61277783313-6938219705459-6931704589846-f9456fee8056b431d8cc920b3927c14d",
                "thumb_800_w": 800,
                "thumb_800_h": 600,
                "thumb_960": "https:\/\/files.slack.com\/files-tmb\/T1T85P197-F057J08Q06R-afc788ee28\/img_2096_960.jpg?t=xoxe-61277783313-6938219705459-6931704589846-f9456fee8056b431d8cc920b3927c14d",
                "thumb_960_w": 960,
                "thumb_960_h": 720,
                "thumb_1024": "https:\/\/files.slack.com\/files-tmb\/T1T85P197-F057J08Q06R-afc788ee28\/img_2096_1024.jpg?t=xoxe-61277783313-6938219705459-6931704589846-f9456fee8056b431d8cc920b3927c14d",
                "thumb_1024_w": 1024,
                "thumb_1024_h": 768,
                "original_w": 4032,
                "original_h": 3024,
                "thumb_tiny": "AwAkADCwshKe\/wBKZyDmoZHIVWRjg08Sgw8sA\/TPpVJktEhyaUZB44qDznjLAMHx0yMfyoE8qFg5U8cEcUc6DlZOB1zzSBlLYFQLLgnB600Ng9DU+0CwEk96i3bmPpVoxrggmq7xtGRkjb2Pc1KZRFCpkcEnA7n3p29vMYMTlfemwOqsVbOSePSmMxaZzjk9sVSbuGhowNvjBIGehp+KrQSbNwOasK4bpWbVmMb6\/Wobn7g+tTDv9ahufuD60LcCkv8ArB9akViku9fvA5zUa\/6wfWnn7xrQRPuLuWOMk9qnt\/vH6VXj7\/WrFv8AeP0qGM\/\/2Q==",
                "permalink": "https:\/\/schulzlab.slack.com\/files\/U0103JSQYLB\/F057J08Q06R\/img_2096.jpg",
                "permalink_public": "https:\/\/slack-files.com\/T1T85P197-F057J08Q06R-d424c945cf",
                "is_starred": false,
                "has_rich_preview": false,
                "file_access": "visible"
            }
        ],
        "upload": false,
        "user": "U0103JSQYLB",
        "display_as_bot": false,
        "blocks": [
            {
                "type": "rich_text",
                "block_id": "w0rZQ",
                "elements": [
                    {
                        "type": "rich_text_section",
                        "elements": [
                            {
                                "type": "text",
                                "text": "Dave forced me to hold flowers "
                            }
                        ]
                    }
                ]
            }
        ],
        "type": "message",
        "ts": "1683936041.823089",
        "client_msg_id": "EBFDA5CD-045D-4EF2-8B91-479530FA8C80",
        "reactions": [
            {
                "name": "joy",
                "users": [
                    "U02D68LLBAQ",
                    "U01328S2P1T",
                    "U0112A19YFN"
                ],
                "count": 3
            }
        ]
    },
    {
        "user": "U010N31RYMV",
        "type": "message",
        "ts": "1683936062.349139",
        "client_msg_id": "7C6FBFF1-FBA3-4728-B491-17403BDFD164",
        "text": "True story. I refused to sign off until he did. ",
        "team": "T1T85P197",
        "user_team": "T1T85P197",
        "source_team": "T1T85P197",
        "user_profile": {
            "avatar_hash": "084d1d915961",
            "image_72": "https:\/\/avatars.slack-edge.com\/2021-06-11\/2162938824690_084d1d915961fd2a1fcb_72.png",
            "first_name": "",
            "real_name": "David Schulz",
            "display_name": "David Schulz",
            "team": "T1T85P197",
            "name": "schulzd",
            "is_restricted": false,
            "is_ultra_restricted": false
        },
        "blocks": [
            {
                "type": "rich_text",
                "block_id": "Gc0",
                "elements": [
                    {
                        "type": "rich_text_section",
                        "elements": [
                            {
                                "type": "text",
                                "text": "True story"
                            },
                            {
                                "type": "text",
                                "text": "."
                            },
                            {
                                "type": "text",
                                "text": " I refused to sign off until he did"
                            },
                            {
                                "type": "text",
                                "text": "."
                            },
                            {
                                "type": "text",
                                "text": " "
                            }
                        ]
                    }
                ]
            }
        ]
    },
    {
        "user": "U0103JSQYLB",
        "type": "message",
        "ts": "1683936073.452659",
        "client_msg_id": "F52D9CFF-8739-4AF0-8836-3E9F1EB783E5",
        "text": ":laughing:  ",
        "team": "T1T85P197",
        "user_team": "T1T85P197",
        "source_team": "T1T85P197",
        "user_profile": {
            "avatar_hash": "94bf4a6c3643",
            "image_72": "https:\/\/avatars.slack-edge.com\/2023-05-20\/5309607146049_94bf4a6c3643af0ab428_72.png",
            "first_name": "Joe",
            "real_name": "Joe",
            "display_name": "Joe",
            "team": "T1T85P197",
            "name": "joseviteri",
            "is_restricted": false,
            "is_ultra_restricted": false
        },
        "blocks": [
            {
                "type": "rich_text",
                "block_id": "dND9N",
                "elements": [
                    {
                        "type": "rich_text_section",
                        "elements": [
                            {
                                "type": "emoji",
                                "name": "laughing",
                                "unicode": "1f606"
                            },
                            {
                                "type": "text",
                                "text": "  "
                            }
                        ]
                    }
                ]
            }
        ]
    }
]