[
    {
        "user": "U010N31RYMV",
        "type": "message",
        "ts": "1672930781.653159",
        "client_msg_id": "35d07dcf-b8ae-4c2c-8b82-77dc9a457189",
        "text": "A reminder prompt to please use the When2Meet for lab meeting if you haven't had a chance. I know some of you may be waiting on teaching assignments. That's ok .^^^^",
        "team": "T1T85P197",
        "user_team": "T1T85P197",
        "source_team": "T1T85P197",
        "user_profile": {
            "avatar_hash": "084d1d915961",
            "image_72": "https:\/\/avatars.slack-edge.com\/2021-06-11\/2162938824690_084d1d915961fd2a1fcb_72.png",
            "first_name": "",
            "real_name": "David Schulz",
            "display_name": "David Schulz",
            "team": "T1T85P197",
            "name": "schulzd",
            "is_restricted": false,
            "is_ultra_restricted": false
        },
        "blocks": [
            {
                "type": "rich_text",
                "block_id": "pk0w",
                "elements": [
                    {
                        "type": "rich_text_section",
                        "elements": [
                            {
                                "type": "text",
                                "text": "A reminder prompt to please use the When2Meet for lab meeting if you haven't had a chance. I know some of you may be waiting on teaching assignments. That's ok .^^^^"
                            }
                        ]
                    }
                ]
            }
        ],
        "reactions": [
            {
                "name": "+1",
                "users": [
                    "U010CH4JLKE"
                ],
                "count": 1
            }
        ]
    },
    {
        "user": "U0103JSQYLB",
        "type": "message",
        "ts": "1672931508.499599",
        "client_msg_id": "255B12F3-CB00-4A6A-906A-4B86529E7F7D",
        "text": "Done and done ",
        "team": "T1T85P197",
        "user_team": "T1T85P197",
        "source_team": "T1T85P197",
        "user_profile": {
            "avatar_hash": "94bf4a6c3643",
            "image_72": "https:\/\/avatars.slack-edge.com\/2023-05-20\/5309607146049_94bf4a6c3643af0ab428_72.png",
            "first_name": "Joe",
            "real_name": "Joe",
            "display_name": "Joe",
            "team": "T1T85P197",
            "name": "joseviteri",
            "is_restricted": false,
            "is_ultra_restricted": false
        },
        "blocks": [
            {
                "type": "rich_text",
                "block_id": "W=+j",
                "elements": [
                    {
                        "type": "rich_text_section",
                        "elements": [
                            {
                                "type": "text",
                                "text": "Done and done "
                            }
                        ]
                    }
                ]
            }
        ]
    },
    {
        "user": "U010N31RYMV",
        "type": "message",
        "ts": "1672959310.090599",
        "edited": {
            "user": "U010N31RYMV",
            "ts": "1672969151.000000"
        },
        "client_msg_id": "31d8862b-c729-489a-bff4-3c13ecff9d54",
        "text": "Important!  I have scheduled the lab to meet with a prospective graduate student, Gloria Morales, on *January 18th from 10:45-11:45am* via Zoom for her grad school interview. Gloria unfortunately can't make it in person, but if she is accepted and interested I would be happy to arrange a visit later for her. If as many of you as possible could meet at that time, I would really appreciate it. That includes everyone - <@U019K98069M>, <@U046FLCDE1M>, <@U02D68LLBAQ>, grad students, postdocs, technicians, and the whole lot of you.\n\nHappy to provide more background info as we get closer, but for now please block this off on your calendars. Thank you!!!  And if you are _not_ available please let me know --- if I see too many of you are not free I will try to find another time.",
        "team": "T1T85P197",
        "user_team": "T1T85P197",
        "source_team": "T1T85P197",
        "user_profile": {
            "avatar_hash": "084d1d915961",
            "image_72": "https:\/\/avatars.slack-edge.com\/2021-06-11\/2162938824690_084d1d915961fd2a1fcb_72.png",
            "first_name": "",
            "real_name": "David Schulz",
            "display_name": "David Schulz",
            "team": "T1T85P197",
            "name": "schulzd",
            "is_restricted": false,
            "is_ultra_restricted": false
        },
        "blocks": [
            {
                "type": "rich_text",
                "block_id": "36H",
                "elements": [
                    {
                        "type": "rich_text_section",
                        "elements": [
                            {
                                "type": "text",
                                "text": "Important!  I have scheduled the lab to meet with a prospective graduate student, Gloria Morales, on "
                            },
                            {
                                "type": "text",
                                "text": "January 18th from 10:45-11:45am",
                                "style": {
                                    "bold": true
                                }
                            },
                            {
                                "type": "text",
                                "text": " via Zoom for her grad school interview. Gloria unfortunately can't make it in person, but if she is accepted and interested I would be happy to arrange a visit later for her. If as many of you as possible could meet at that time, I would really appreciate it. That includes everyone - "
                            },
                            {
                                "type": "user",
                                "user_id": "U019K98069M"
                            },
                            {
                                "type": "text",
                                "text": ", "
                            },
                            {
                                "type": "user",
                                "user_id": "U046FLCDE1M"
                            },
                            {
                                "type": "text",
                                "text": ", "
                            },
                            {
                                "type": "user",
                                "user_id": "U02D68LLBAQ"
                            },
                            {
                                "type": "text",
                                "text": ", grad students, postdocs, technicians, and the whole lot of you.\n\nHappy to provide more background info as we get closer, but for now please block this off on your calendars. Thank you!!!  And if you are "
                            },
                            {
                                "type": "text",
                                "text": "not",
                                "style": {
                                    "italic": true
                                }
                            },
                            {
                                "type": "text",
                                "text": " available please let me know --- if I see too many of you are not free I will try to find another time."
                            }
                        ]
                    }
                ]
            }
        ],
        "reactions": [
            {
                "name": "+1",
                "users": [
                    "U02D68LLBAQ"
                ],
                "count": 1
            }
        ]
    },
    {
        "user": "U0103JSQYLB",
        "type": "message",
        "ts": "1672960244.209069",
        "client_msg_id": "C00942BE-121D-4329-94E2-E848A1E9AF95",
        "text": ":crab: ",
        "team": "T1T85P197",
        "user_team": "T1T85P197",
        "source_team": "T1T85P197",
        "user_profile": {
            "avatar_hash": "94bf4a6c3643",
            "image_72": "https:\/\/avatars.slack-edge.com\/2023-05-20\/5309607146049_94bf4a6c3643af0ab428_72.png",
            "first_name": "Joe",
            "real_name": "Joe",
            "display_name": "Joe",
            "team": "T1T85P197",
            "name": "joseviteri",
            "is_restricted": false,
            "is_ultra_restricted": false
        },
        "blocks": [
            {
                "type": "rich_text",
                "block_id": "PpVEV",
                "elements": [
                    {
                        "type": "rich_text_section",
                        "elements": [
                            {
                                "type": "emoji",
                                "name": "crab",
                                "unicode": "1f980"
                            },
                            {
                                "type": "text",
                                "text": " "
                            }
                        ]
                    }
                ]
            }
        ]
    },
    {
        "user": "U010N31RYMV",
        "type": "message",
        "ts": "1672969138.685989",
        "client_msg_id": "bf31654c-1bf0-47d6-9c06-e9adf489dc37",
        "text": "GAH!  I screwed this up.  It is *Wednesday, January 18th!*.  Not the 17th.",
        "team": "T1T85P197",
        "user_team": "T1T85P197",
        "source_team": "T1T85P197",
        "user_profile": {
            "avatar_hash": "084d1d915961",
            "image_72": "https:\/\/avatars.slack-edge.com\/2021-06-11\/2162938824690_084d1d915961fd2a1fcb_72.png",
            "first_name": "",
            "real_name": "David Schulz",
            "display_name": "David Schulz",
            "team": "T1T85P197",
            "name": "schulzd",
            "is_restricted": false,
            "is_ultra_restricted": false
        },
        "blocks": [
            {
                "type": "rich_text",
                "block_id": "je+",
                "elements": [
                    {
                        "type": "rich_text_section",
                        "elements": [
                            {
                                "type": "text",
                                "text": "GAH!  I screwed this up.  It is "
                            },
                            {
                                "type": "text",
                                "text": "Wednesday, January 18th!",
                                "style": {
                                    "bold": true
                                }
                            },
                            {
                                "type": "text",
                                "text": ".  Not the 17th."
                            }
                        ]
                    }
                ]
            }
        ]
    },
    {
        "user": "U010N31RYMV",
        "type": "message",
        "ts": "1672969165.645089",
        "client_msg_id": "0af569d4-68dc-4568-be50-94396f72d7c5",
        "text": "I changed the original message to be accurate too.  Sorry.",
        "team": "T1T85P197",
        "user_team": "T1T85P197",
        "source_team": "T1T85P197",
        "user_profile": {
            "avatar_hash": "084d1d915961",
            "image_72": "https:\/\/avatars.slack-edge.com\/2021-06-11\/2162938824690_084d1d915961fd2a1fcb_72.png",
            "first_name": "",
            "real_name": "David Schulz",
            "display_name": "David Schulz",
            "team": "T1T85P197",
            "name": "schulzd",
            "is_restricted": false,
            "is_ultra_restricted": false
        },
        "blocks": [
            {
                "type": "rich_text",
                "block_id": "dSG",
                "elements": [
                    {
                        "type": "rich_text_section",
                        "elements": [
                            {
                                "type": "text",
                                "text": "I changed the original message to be accurate too.  Sorry."
                            }
                        ]
                    }
                ]
            }
        ],
        "reactions": [
            {
                "name": "crab",
                "users": [
                    "U0103JSQYLB"
                ],
                "count": 1
            }
        ]
    }
]