[
    {
        "user": "U010N31RYMV",
        "type": "message",
        "ts": "1685969024.904539",
        "client_msg_id": "0037b24c-5f64-462b-a66c-9c74b064f76d",
        "text": "Good morning, friends. I will be back on campus today. I will likely take the morning and dig out of a hole of administrative emails and such, but will plan to come by the lab in the early afternoon to touch base with everyone and get caught up.",
        "team": "T1T85P197",
        "user_team": "T1T85P197",
        "source_team": "T1T85P197",
        "user_profile": {
            "avatar_hash": "084d1d915961",
            "image_72": "https:\/\/avatars.slack-edge.com\/2021-06-11\/2162938824690_084d1d915961fd2a1fcb_72.png",
            "first_name": "",
            "real_name": "David Schulz",
            "display_name": "David Schulz",
            "team": "T1T85P197",
            "name": "schulzd",
            "is_restricted": false,
            "is_ultra_restricted": false
        },
        "blocks": [
            {
                "type": "rich_text",
                "block_id": "F+a=K",
                "elements": [
                    {
                        "type": "rich_text_section",
                        "elements": [
                            {
                                "type": "text",
                                "text": "Good morning, friends. I will be back on campus today. I will likely take the morning and dig out of a hole of administrative emails and such, but will plan to come by the lab in the early afternoon to touch base with everyone and get caught up."
                            }
                        ]
                    }
                ]
            }
        ],
        "reactions": [
            {
                "name": "+1",
                "users": [
                    "U02D68LLBAQ",
                    "U04P7HHG12S"
                ],
                "count": 2
            }
        ]
    }
]