[
    {
        "user": "U010N31RYMV",
        "type": "message",
        "ts": "1673997590.924539",
        "edited": {
            "user": "U010N31RYMV",
            "ts": "1673997621.000000"
        },
        "client_msg_id": "5078a5c0-e495-4015-8085-3c1197b3e4c4",
        "text": "A reminder for those of you who can make it that the lab will meet with prospective graduate student Gloria Morales tomorrow (Wednesday) at *10:45am* via Zoom. When you join, I will already be in a meeting with Gloria.  I will have you introduce yourselves and then I will excuse myself from the meeting. At the end of the meeting, Gloria has a break until noon. Please let her know she can either leave the Zoom open or return to the link at that time.\n\nSeveral of you have done these before, and those who haven't can follow their lead. In short, I want Gloria to get a good feeling for the lab environment, who we are as scientists and people, and whether she could see herself being successful with us. Conversely, I would like your impressions of Gloria's potential fit in the lab, and whether she would be a strong contributor to not only the lab focus but the general culture and collegiality we all seem to enjoy.\n\nYou are always welcome to speak plainly and honestly from your own perspective about anything from the environment at MU and Columbia to my mentorship and strengths as well as shortcomings. We want an honest and transparent interaction for her (and us) to make our best decisions.\n\nThanks!  Here is the Zoom link:\n\nJoin Zoom Meeting\n<https:\/\/umsystem.zoom.us\/j\/94918875107?pwd=Z0NwYU5TTGVmYVNUTHJMcXRVTExqQT09>\n\nMeeting ID: 949 1887 5107\nPasscode: 924411",
        "team": "T1T85P197",
        "user_team": "T1T85P197",
        "source_team": "T1T85P197",
        "user_profile": {
            "avatar_hash": "084d1d915961",
            "image_72": "https:\/\/avatars.slack-edge.com\/2021-06-11\/2162938824690_084d1d915961fd2a1fcb_72.png",
            "first_name": "",
            "real_name": "David Schulz",
            "display_name": "David Schulz",
            "team": "T1T85P197",
            "name": "schulzd",
            "is_restricted": false,
            "is_ultra_restricted": false
        },
        "blocks": [
            {
                "type": "rich_text",
                "block_id": "D6kj",
                "elements": [
                    {
                        "type": "rich_text_section",
                        "elements": [
                            {
                                "type": "text",
                                "text": "A reminder for those of you who can make it that the lab will meet with prospective graduate student Gloria Morales tomorrow (Wednesday) at "
                            },
                            {
                                "type": "text",
                                "text": "10:45am",
                                "style": {
                                    "bold": true
                                }
                            },
                            {
                                "type": "text",
                                "text": " via Zoom. When you join, I will already be in a meeting with Gloria.  I will have you introduce yourselves and then I will excuse myself from the meeting. At the end of the meeting, Gloria has a break until noon. Please let her know she can either leave the Zoom open or return to the link at that time.\n\nSeveral of you have done these before, and those who haven't can follow their lead. In short, I want Gloria to get a good feeling for the lab environment, who we are as scientists and people, and whether she could see herself being successful with us. Conversely, I would like your impressions of Gloria's potential fit in the lab, and whether she would be a strong contributor to not only the lab focus but the general culture and collegiality we all seem to enjoy.\n\nYou are always welcome to speak plainly and honestly from your own perspective about anything from the environment at MU and Columbia to my mentorship and strengths as well as shortcomings. We want an honest and transparent interaction for her (and us) to make our best decisions.\n\nThanks!  Here is the Zoom link:\n\nJoin Zoom Meeting\n"
                            },
                            {
                                "type": "link",
                                "url": "https:\/\/umsystem.zoom.us\/j\/94918875107?pwd=Z0NwYU5TTGVmYVNUTHJMcXRVTExqQT09"
                            },
                            {
                                "type": "text",
                                "text": "\n\nMeeting ID: 949 1887 5107\nPasscode: 924411"
                            }
                        ]
                    }
                ]
            }
        ],
        "reactions": [
            {
                "name": "crab",
                "users": [
                    "U0103JSQYLB",
                    "U02D68LLBAQ",
                    "U028ZEAHA6S"
                ],
                "count": 3
            },
            {
                "name": "ok_hand::skin-tone-4",
                "users": [
                    "U0103JSQYLB"
                ],
                "count": 1
            },
            {
                "name": "ok_hand",
                "users": [
                    "U02D68LLBAQ"
                ],
                "count": 1
            },
            {
                "name": "+1",
                "users": [
                    "U010CH4JLKE"
                ],
                "count": 1
            }
        ]
    }
]