[
    {
        "user": "U01328S2P1T",
        "type": "message",
        "ts": "1690283024.103819",
        "client_msg_id": "23EAEE03-AB13-4A32-A200-DD89C85ADB2F",
        "text": "Happy birthday Akira!!! ",
        "team": "T1T85P197",
        "user_team": "T1T85P197",
        "source_team": "T1T85P197",
        "user_profile": {
            "avatar_hash": "ge9bf912b3db",
            "image_72": "https:\/\/secure.gravatar.com\/avatar\/e9bf912b3dbb6c12aeec164626223450.jpg?s=72&d=https%3A%2F%2Fa.slack-edge.com%2Fdf10d%2Fimg%2Favatars%2Fava_0017-72.png",
            "first_name": "Virginia",
            "real_name": "Virginia B Garcia",
            "display_name": "Ginny",
            "team": "T1T85P197",
            "name": "garciav",
            "is_restricted": false,
            "is_ultra_restricted": false
        },
        "blocks": [
            {
                "type": "rich_text",
                "block_id": "eyasR",
                "elements": [
                    {
                        "type": "rich_text_section",
                        "elements": [
                            {
                                "type": "text",
                                "text": "Happy birthday Akira!!! "
                            }
                        ]
                    }
                ]
            }
        ],
        "reactions": [
            {
                "name": "heart",
                "users": [
                    "U04P7HHG12S"
                ],
                "count": 1
            }
        ]
    },
    {
        "user": "U010N31RYMV",
        "type": "message",
        "ts": "1690288997.113849",
        "client_msg_id": "5B1E3C99-E7AB-4CEF-B11E-74328BB80DA1",
        "text": ":mouse:  :worm:  :crab:  :champagne:  :cake:  ",
        "team": "T1T85P197",
        "user_team": "T1T85P197",
        "source_team": "T1T85P197",
        "user_profile": {
            "avatar_hash": "084d1d915961",
            "image_72": "https:\/\/avatars.slack-edge.com\/2021-06-11\/2162938824690_084d1d915961fd2a1fcb_72.png",
            "first_name": "",
            "real_name": "David Schulz",
            "display_name": "David Schulz",
            "team": "T1T85P197",
            "name": "schulzd",
            "is_restricted": false,
            "is_ultra_restricted": false
        },
        "blocks": [
            {
                "type": "rich_text",
                "block_id": "Y6UNh",
                "elements": [
                    {
                        "type": "rich_text_section",
                        "elements": [
                            {
                                "type": "emoji",
                                "name": "mouse",
                                "unicode": "1f42d"
                            },
                            {
                                "type": "text",
                                "text": "  "
                            },
                            {
                                "type": "emoji",
                                "name": "worm",
                                "unicode": "1fab1"
                            },
                            {
                                "type": "text",
                                "text": "  "
                            },
                            {
                                "type": "emoji",
                                "name": "crab",
                                "unicode": "1f980"
                            },
                            {
                                "type": "text",
                                "text": "  "
                            },
                            {
                                "type": "emoji",
                                "name": "champagne",
                                "unicode": "1f37e"
                            },
                            {
                                "type": "text",
                                "text": "  "
                            },
                            {
                                "type": "emoji",
                                "name": "cake",
                                "unicode": "1f370"
                            },
                            {
                                "type": "text",
                                "text": "  "
                            }
                        ]
                    }
                ]
            }
        ],
        "reactions": [
            {
                "name": "heart",
                "users": [
                    "U04P7HHG12S"
                ],
                "count": 1
            }
        ]
    },
    {
        "user": "U010N31RYMV",
        "type": "message",
        "ts": "1690293112.678079",
        "client_msg_id": "e409eca3-2ef1-469f-852d-1d9e6ba07581",
        "text": "11:30, we will have the nice wait staff at Canteen sing happy birthday to you!\n\n(P.S.  No.  No we will not)",
        "team": "T1T85P197",
        "user_team": "T1T85P197",
        "source_team": "T1T85P197",
        "user_profile": {
            "avatar_hash": "084d1d915961",
            "image_72": "https:\/\/avatars.slack-edge.com\/2021-06-11\/2162938824690_084d1d915961fd2a1fcb_72.png",
            "first_name": "",
            "real_name": "David Schulz",
            "display_name": "David Schulz",
            "team": "T1T85P197",
            "name": "schulzd",
            "is_restricted": false,
            "is_ultra_restricted": false
        },
        "blocks": [
            {
                "type": "rich_text",
                "block_id": "nkH",
                "elements": [
                    {
                        "type": "rich_text_section",
                        "elements": [
                            {
                                "type": "text",
                                "text": "11:30, we will have the nice wait staff at Canteen sing happy birthday to you!\n\n(P.S.  No.  No we will not)"
                            }
                        ]
                    }
                ]
            }
        ],
        "reactions": [
            {
                "name": "rolling_on_the_floor_laughing",
                "users": [
                    "U02D68LLBAQ",
                    "U04P7HHG12S"
                ],
                "count": 2
            },
            {
                "name": "heart",
                "users": [
                    "U04P7HHG12S"
                ],
                "count": 1
            }
        ]
    },
    {
        "user": "U02D68LLBAQ",
        "type": "message",
        "ts": "1690294614.768849",
        "client_msg_id": "44faf434-9b06-4788-9ddf-687525aed17f",
        "text": "Happy birthday Akira:partying_face:",
        "team": "T1T85P197",
        "user_team": "T1T85P197",
        "source_team": "T1T85P197",
        "user_profile": {
            "avatar_hash": "gb96e34dee9e",
            "image_72": "https:\/\/secure.gravatar.com\/avatar\/b96e34dee9ededc7a4375e8c8aed1dec.jpg?s=72&d=https%3A%2F%2Fa.slack-edge.com%2Fdf10d%2Fimg%2Favatars%2Fava_0002-72.png",
            "first_name": "Arturo",
            "real_name": "Arturo Rosete",
            "display_name": "",
            "team": "T1T85P197",
            "name": "arrrx423",
            "is_restricted": false,
            "is_ultra_restricted": false
        },
        "blocks": [
            {
                "type": "rich_text",
                "block_id": "m5n11",
                "elements": [
                    {
                        "type": "rich_text_section",
                        "elements": [
                            {
                                "type": "text",
                                "text": "Happy birthday Akira"
                            },
                            {
                                "type": "emoji",
                                "name": "partying_face",
                                "unicode": "1f973"
                            }
                        ]
                    }
                ]
            }
        ],
        "reactions": [
            {
                "name": "heart",
                "users": [
                    "U04P7HHG12S"
                ],
                "count": 1
            }
        ]
    },
    {
        "user": "U04P7HHG12S",
        "type": "message",
        "ts": "1690295838.371599",
        "client_msg_id": "E3F08880-A8DF-4A2C-AE7F-6A5EC6FA152B",
        "text": "Oh Lord :smiling_face_with_tear: :rolling_on_the_floor_laughing: :rolling_on_the_floor_laughing: ",
        "team": "T1T85P197",
        "user_team": "T1T85P197",
        "source_team": "T1T85P197",
        "user_profile": {
            "avatar_hash": "ge1de410d147",
            "image_72": "https:\/\/secure.gravatar.com\/avatar\/e1de410d147a0c41079dd26abb490f2b.jpg?s=72&d=https%3A%2F%2Fa.slack-edge.com%2Fdf10d%2Fimg%2Favatars%2Fava_0018-72.png",
            "first_name": "Akira",
            "real_name": "Akira",
            "display_name": "Akira",
            "team": "T1T85P197",
            "name": "amclemons408",
            "is_restricted": false,
            "is_ultra_restricted": false
        },
        "blocks": [
            {
                "type": "rich_text",
                "block_id": "5rG",
                "elements": [
                    {
                        "type": "rich_text_section",
                        "elements": [
                            {
                                "type": "text",
                                "text": "Oh Lord "
                            },
                            {
                                "type": "emoji",
                                "name": "smiling_face_with_tear",
                                "unicode": "1f972"
                            },
                            {
                                "type": "text",
                                "text": " "
                            },
                            {
                                "type": "emoji",
                                "name": "rolling_on_the_floor_laughing",
                                "unicode": "1f923"
                            },
                            {
                                "type": "text",
                                "text": " "
                            },
                            {
                                "type": "emoji",
                                "name": "rolling_on_the_floor_laughing",
                                "unicode": "1f923"
                            },
                            {
                                "type": "text",
                                "text": " "
                            }
                        ]
                    }
                ]
            }
        ]
    }
]