[
    {
        "user": "U010N31RYMV",
        "type": "message",
        "ts": "1689778531.667149",
        "client_msg_id": "c92605c5-a23c-42f5-9aeb-f20c04f1e954",
        "text": "Hello, friends. I have meetings scheduled until noon today. I will grab a quick lunch around that time and then I will be in Lefevre in the early afternoon. Perhaps 1:00 or thereabouts.",
        "team": "T1T85P197",
        "user_team": "T1T85P197",
        "source_team": "T1T85P197",
        "user_profile": {
            "avatar_hash": "084d1d915961",
            "image_72": "https:\/\/avatars.slack-edge.com\/2021-06-11\/2162938824690_084d1d915961fd2a1fcb_72.png",
            "first_name": "",
            "real_name": "David Schulz",
            "display_name": "David Schulz",
            "team": "T1T85P197",
            "name": "schulzd",
            "is_restricted": false,
            "is_ultra_restricted": false
        },
        "blocks": [
            {
                "type": "rich_text",
                "block_id": "pRK",
                "elements": [
                    {
                        "type": "rich_text_section",
                        "elements": [
                            {
                                "type": "text",
                                "text": "Hello, friends. I have meetings scheduled until noon today. I will grab a quick lunch around that time and then I will be in Lefevre in the early afternoon. Perhaps 1:00 or thereabouts."
                            }
                        ]
                    }
                ]
            }
        ],
        "reactions": [
            {
                "name": "raised_hands",
                "users": [
                    "U02D68LLBAQ",
                    "U04P7HHG12S"
                ],
                "count": 2
            }
        ]
    }
]