[
    {
        "user": "U010N31RYMV",
        "type": "message",
        "ts": "1680303966.527939",
        "client_msg_id": "6270cd6a-9d06-4f51-8404-4388ae609990",
        "text": "Unless anyone has a need to utilize the resources of the lab, I would propose we skip the lab meeting on Monday so we have some time to think about how to reconfigure without Brian and Benton to contribute.",
        "team": "T1T85P197",
        "user_team": "T1T85P197",
        "source_team": "T1T85P197",
        "user_profile": {
            "avatar_hash": "084d1d915961",
            "image_72": "https:\/\/avatars.slack-edge.com\/2021-06-11\/2162938824690_084d1d915961fd2a1fcb_72.png",
            "first_name": "",
            "real_name": "David Schulz",
            "display_name": "David Schulz",
            "team": "T1T85P197",
            "name": "schulzd",
            "is_restricted": false,
            "is_ultra_restricted": false
        },
        "blocks": [
            {
                "type": "rich_text",
                "block_id": "d14\/6",
                "elements": [
                    {
                        "type": "rich_text_section",
                        "elements": [
                            {
                                "type": "text",
                                "text": "Unless anyone has a need to utilize the resources of the lab, I would propose we skip the lab meeting on Monday so we have some time to think about how to reconfigure without Brian and Benton to contribute."
                            }
                        ]
                    }
                ]
            }
        ]
    }
]