[
    {
        "text": "Hi everyone, next lab meeting I will be presenting my research project. This presentation will be a practice for my Research Advisory Committee (RAC) meeting*.* There is an article attached that will give some background information.        Thank you!",
        "files": [
            {
                "id": "F04PTKYMEH1",
                "created": 1676492478,
                "timestamp": 1676492478,
                "name": "7.pdf",
                "title": "7.pdf",
                "mimetype": "application\/pdf",
                "filetype": "pdf",
                "pretty_type": "PDF",
                "user": "U02D68LLBAQ",
                "user_team": "T1T85P197",
                "editable": false,
                "size": 2060455,
                "mode": "hosted",
                "is_external": false,
                "external_type": "",
                "is_public": true,
                "public_url_shared": false,
                "display_as_bot": false,
                "username": "",
                "url_private": "https:\/\/files.slack.com\/files-pri\/T1T85P197-F04PTKYMEH1\/7.pdf?t=xoxe-61277783313-6938219705459-6931704589846-f9456fee8056b431d8cc920b3927c14d",
                "url_private_download": "https:\/\/files.slack.com\/files-pri\/T1T85P197-F04PTKYMEH1\/download\/7.pdf?t=xoxe-61277783313-6938219705459-6931704589846-f9456fee8056b431d8cc920b3927c14d",
                "media_display_type": "unknown",
                "thumb_pdf": "https:\/\/files.slack.com\/files-tmb\/T1T85P197-F04PTKYMEH1-136915d61d\/7_thumb_pdf.png?t=xoxe-61277783313-6938219705459-6931704589846-f9456fee8056b431d8cc920b3927c14d",
                "thumb_pdf_w": 921,
                "thumb_pdf_h": 1196,
                "permalink": "https:\/\/schulzlab.slack.com\/files\/U02D68LLBAQ\/F04PTKYMEH1\/7.pdf",
                "permalink_public": "https:\/\/slack-files.com\/T1T85P197-F04PTKYMEH1-548a71e261",
                "is_starred": false,
                "has_rich_preview": false,
                "file_access": "visible"
            }
        ],
        "upload": false,
        "user": "U02D68LLBAQ",
        "display_as_bot": false,
        "blocks": [
            {
                "type": "rich_text",
                "block_id": "Z0Q5",
                "elements": [
                    {
                        "type": "rich_text_section",
                        "elements": [
                            {
                                "type": "text",
                                "text": "Hi everyone, next lab meeting I will be presenting my research project. This presentation will be a practice for my Research Advisory Committee (RAC) meeting"
                            },
                            {
                                "type": "text",
                                "text": ". ",
                                "style": {
                                    "bold": true
                                }
                            },
                            {
                                "type": "text",
                                "text": "There is an article attached that will give some background information.        Thank you!"
                            }
                        ]
                    }
                ]
            }
        ],
        "type": "message",
        "ts": "1676493065.863919",
        "client_msg_id": "4cf3510d-e8f9-43b2-bfd7-fab18d5662b2",
        "reactions": [
            {
                "name": "+1",
                "users": [
                    "U04P7HHG12S"
                ],
                "count": 1
            }
        ]
    },
    {
        "user": "U010N31RYMV",
        "type": "message",
        "ts": "1676502248.045989",
        "client_msg_id": "4b415abe-a3d5-487d-925b-4f2a6bb4c1ae",
        "text": "Thanks, Art!  Please enjoy reading the paper, but we won't discuss the paper in depth. Rather, it will bring some nice insight to the presentation Art will give\/practice. Thanks!",
        "team": "T1T85P197",
        "user_team": "T1T85P197",
        "source_team": "T1T85P197",
        "user_profile": {
            "avatar_hash": "084d1d915961",
            "image_72": "https:\/\/avatars.slack-edge.com\/2021-06-11\/2162938824690_084d1d915961fd2a1fcb_72.png",
            "first_name": "",
            "real_name": "David Schulz",
            "display_name": "David Schulz",
            "team": "T1T85P197",
            "name": "schulzd",
            "is_restricted": false,
            "is_ultra_restricted": false
        },
        "blocks": [
            {
                "type": "rich_text",
                "block_id": "4mFX",
                "elements": [
                    {
                        "type": "rich_text_section",
                        "elements": [
                            {
                                "type": "text",
                                "text": "Thanks, Art!  Please enjoy reading the paper, but we won't discuss the paper in depth. Rather, it will bring some nice insight to the presentation Art will give\/practice. Thanks!"
                            }
                        ]
                    }
                ]
            }
        ]
    }
]