[
    {
        "user": "U010N31RYMV",
        "type": "message",
        "ts": "1702309234.748829",
        "client_msg_id": "2531f1ee-d9de-4a5c-8ef6-8d145c1dc5ee",
        "text": "Have you all decided what you want to do for lunch tomorrow? What's the verdict?",
        "team": "T1T85P197",
        "user_team": "T1T85P197",
        "source_team": "T1T85P197",
        "user_profile": {
            "avatar_hash": "084d1d915961",
            "image_72": "https:\/\/avatars.slack-edge.com\/2021-06-11\/2162938824690_084d1d915961fd2a1fcb_72.png",
            "first_name": "",
            "real_name": "David Schulz",
            "display_name": "David Schulz",
            "team": "T1T85P197",
            "name": "schulzd",
            "is_restricted": false,
            "is_ultra_restricted": false
        },
        "blocks": [
            {
                "type": "rich_text",
                "block_id": "H3PpP",
                "elements": [
                    {
                        "type": "rich_text_section",
                        "elements": [
                            {
                                "type": "text",
                                "text": "Have you all decided what you want to do for lunch tomorrow? What's the verdict?"
                            }
                        ]
                    }
                ]
            }
        ]
    },
    {
        "user": "U0112A19YFN",
        "type": "message",
        "ts": "1702309366.496259",
        "client_msg_id": "2AE0F54A-328D-4454-8377-A22B71F30267",
        "text": "Somewhere with good soup options or I’ll have to bring protein shakes ",
        "team": "T1T85P197",
        "user_team": "T1T85P197",
        "source_team": "T1T85P197",
        "user_profile": {
            "avatar_hash": "82931094ef90",
            "image_72": "https:\/\/avatars.slack-edge.com\/2022-06-17\/3708168624352_82931094ef904079310a_72.jpg",
            "first_name": "",
            "real_name": "Sherryl",
            "display_name": "Sherryl",
            "team": "T1T85P197",
            "name": "sherryl.henderson",
            "is_restricted": false,
            "is_ultra_restricted": false
        },
        "blocks": [
            {
                "type": "rich_text",
                "block_id": "+Iceb",
                "elements": [
                    {
                        "type": "rich_text_section",
                        "elements": [
                            {
                                "type": "text",
                                "text": "Somewhere with good soup options or "
                            },
                            {
                                "type": "text",
                                "text": "I’ll"
                            },
                            {
                                "type": "text",
                                "text": " have to bring protein shakes "
                            }
                        ]
                    }
                ]
            }
        ]
    },
    {
        "user": "U010N31RYMV",
        "type": "message",
        "ts": "1702309480.512849",
        "client_msg_id": "e2364d80-a380-4f35-b6cb-b9a6845f7de5",
        "text": "I do love a good soup. Why can't CoMo have a good soup and bread place? We get stuck with Panera. I'll do a little looking.",
        "team": "T1T85P197",
        "user_team": "T1T85P197",
        "source_team": "T1T85P197",
        "user_profile": {
            "avatar_hash": "084d1d915961",
            "image_72": "https:\/\/avatars.slack-edge.com\/2021-06-11\/2162938824690_084d1d915961fd2a1fcb_72.png",
            "first_name": "",
            "real_name": "David Schulz",
            "display_name": "David Schulz",
            "team": "T1T85P197",
            "name": "schulzd",
            "is_restricted": false,
            "is_ultra_restricted": false
        },
        "blocks": [
            {
                "type": "rich_text",
                "block_id": "nt4ZM",
                "elements": [
                    {
                        "type": "rich_text_section",
                        "elements": [
                            {
                                "type": "text",
                                "text": "I do love a good soup. Why can't CoMo have a good soup and bread place? We get stuck with Panera. I'll do a little looking."
                            }
                        ]
                    }
                ]
            }
        ]
    },
    {
        "user": "U0112A19YFN",
        "type": "message",
        "ts": "1702309533.475619",
        "client_msg_id": "25765F9E-3DBC-458C-B8F9-B0EA4148D0CC",
        "text": "I’m excited to see my family (you all) before Christmas it’s gonna be another Christmas of just me and Siku",
        "team": "T1T85P197",
        "user_team": "T1T85P197",
        "source_team": "T1T85P197",
        "user_profile": {
            "avatar_hash": "82931094ef90",
            "image_72": "https:\/\/avatars.slack-edge.com\/2022-06-17\/3708168624352_82931094ef904079310a_72.jpg",
            "first_name": "",
            "real_name": "Sherryl",
            "display_name": "Sherryl",
            "team": "T1T85P197",
            "name": "sherryl.henderson",
            "is_restricted": false,
            "is_ultra_restricted": false
        },
        "blocks": [
            {
                "type": "rich_text",
                "block_id": "FfJPC",
                "elements": [
                    {
                        "type": "rich_text_section",
                        "elements": [
                            {
                                "type": "text",
                                "text": "I’m"
                            },
                            {
                                "type": "text",
                                "text": " excited to see my family (you all) before Christmas "
                            },
                            {
                                "type": "text",
                                "text": "it’s"
                            },
                            {
                                "type": "text",
                                "text": " gonna be another Christmas of just me and Siku"
                            }
                        ]
                    }
                ]
            }
        ]
    },
    {
        "user": "U0112A19YFN",
        "type": "message",
        "ts": "1702309687.234449",
        "client_msg_id": "DC63DB6E-6E5F-4A05-B7E1-2576944E02D6",
        "text": "I think my whole graduate career I’ve been alone on Christmas except maybe 1 or 2 times so I appreciate the chance to get together with everyone ",
        "team": "T1T85P197",
        "user_team": "T1T85P197",
        "source_team": "T1T85P197",
        "user_profile": {
            "avatar_hash": "82931094ef90",
            "image_72": "https:\/\/avatars.slack-edge.com\/2022-06-17\/3708168624352_82931094ef904079310a_72.jpg",
            "first_name": "",
            "real_name": "Sherryl",
            "display_name": "Sherryl",
            "team": "T1T85P197",
            "name": "sherryl.henderson",
            "is_restricted": false,
            "is_ultra_restricted": false
        },
        "blocks": [
            {
                "type": "rich_text",
                "block_id": "ZFiUE",
                "elements": [
                    {
                        "type": "rich_text_section",
                        "elements": [
                            {
                                "type": "text",
                                "text": "I think my whole graduate career "
                            },
                            {
                                "type": "text",
                                "text": "I’ve"
                            },
                            {
                                "type": "text",
                                "text": " been alone on Christmas except maybe 1 or 2 times so I appreciate the chance to get together with everyone "
                            }
                        ]
                    }
                ]
            }
        ],
        "reactions": [
            {
                "name": "heart",
                "users": [
                    "U04P7HHG12S",
                    "U046FLCDE1M"
                ],
                "count": 2
            }
        ]
    },
    {
        "user": "U010N31RYMV",
        "type": "message",
        "ts": "1702309999.271319",
        "client_msg_id": "fa83b4c8-f3b8-4bb4-97fe-f2da28b0c176",
        "text": "I can't vouch for soup availability, but I am making an executive decision that *lunch tomorrow will be at Sophia's*. The last time we were there as a lab group, they stole my credit card number - so it's time for redemption.",
        "team": "T1T85P197",
        "user_team": "T1T85P197",
        "source_team": "T1T85P197",
        "user_profile": {
            "avatar_hash": "084d1d915961",
            "image_72": "https:\/\/avatars.slack-edge.com\/2021-06-11\/2162938824690_084d1d915961fd2a1fcb_72.png",
            "first_name": "",
            "real_name": "David Schulz",
            "display_name": "David Schulz",
            "team": "T1T85P197",
            "name": "schulzd",
            "is_restricted": false,
            "is_ultra_restricted": false
        },
        "blocks": [
            {
                "type": "rich_text",
                "block_id": "0pX7B",
                "elements": [
                    {
                        "type": "rich_text_section",
                        "elements": [
                            {
                                "type": "text",
                                "text": "I can't vouch for soup availability, but I am making an executive decision that "
                            },
                            {
                                "type": "text",
                                "text": "lunch tomorrow will be at Sophia's",
                                "style": {
                                    "bold": true
                                }
                            },
                            {
                                "type": "text",
                                "text": ". The last time we were there as a lab group, they stole my credit card number - so it's time for redemption."
                            }
                        ]
                    }
                ]
            }
        ],
        "reactions": [
            {
                "name": "+1::skin-tone-4",
                "users": [
                    "U0112A19YFN"
                ],
                "count": 1
            },
            {
                "name": "+1",
                "users": [
                    "U010N31RYMV",
                    "U02D68LLBAQ",
                    "U04P7HHG12S",
                    "U046FLCDE1M"
                ],
                "count": 4
            }
        ]
    },
    {
        "user": "U010N31RYMV",
        "type": "message",
        "ts": "1702310013.322639",
        "client_msg_id": "2b6369cc-431c-455c-9054-1adf1201d58c",
        "text": "Please arrange transport to arrive at 11:30.",
        "team": "T1T85P197",
        "user_team": "T1T85P197",
        "source_team": "T1T85P197",
        "user_profile": {
            "avatar_hash": "084d1d915961",
            "image_72": "https:\/\/avatars.slack-edge.com\/2021-06-11\/2162938824690_084d1d915961fd2a1fcb_72.png",
            "first_name": "",
            "real_name": "David Schulz",
            "display_name": "David Schulz",
            "team": "T1T85P197",
            "name": "schulzd",
            "is_restricted": false,
            "is_ultra_restricted": false
        },
        "blocks": [
            {
                "type": "rich_text",
                "block_id": "BTRDA",
                "elements": [
                    {
                        "type": "rich_text_section",
                        "elements": [
                            {
                                "type": "text",
                                "text": "Please arrange transport to arrive at 11:30."
                            }
                        ]
                    }
                ]
            }
        ]
    }
]