[
    {
        "user": "U010N31RYMV",
        "type": "message",
        "ts": "1689262242.569119",
        "client_msg_id": "c241f88d-a759-459b-ac4c-ad226632169d",
        "text": "I just want to make sure everyone knows that we are no longer using the Schulz Lab server. We are migrating everything to MS Teams and Sharepoint\/Onedrive. So do _not_ add files to the server...you really shouldn't even have access at this time.",
        "team": "T1T85P197",
        "user_team": "T1T85P197",
        "source_team": "T1T85P197",
        "user_profile": {
            "avatar_hash": "084d1d915961",
            "image_72": "https:\/\/avatars.slack-edge.com\/2021-06-11\/2162938824690_084d1d915961fd2a1fcb_72.png",
            "first_name": "",
            "real_name": "David Schulz",
            "display_name": "David Schulz",
            "team": "T1T85P197",
            "name": "schulzd",
            "is_restricted": false,
            "is_ultra_restricted": false
        },
        "blocks": [
            {
                "type": "rich_text",
                "block_id": "CJn",
                "elements": [
                    {
                        "type": "rich_text_section",
                        "elements": [
                            {
                                "type": "text",
                                "text": "I just want to make sure everyone knows that we are no longer using the Schulz Lab server. We are migrating everything to MS Teams and Sharepoint\/Onedrive. So do "
                            },
                            {
                                "type": "text",
                                "text": "not",
                                "style": {
                                    "italic": true
                                }
                            },
                            {
                                "type": "text",
                                "text": " add files to the server...you really shouldn't even have access at this time."
                            }
                        ]
                    }
                ]
            }
        ],
        "reactions": [
            {
                "name": "+1",
                "users": [
                    "U02D68LLBAQ"
                ],
                "count": 1
            }
        ]
    }
]