[
    {
        "user": "U010N31RYMV",
        "type": "message",
        "ts": "1677520126.802329",
        "client_msg_id": "3ca819c6-73d9-4d46-a70c-c721ee047ab5",
        "text": "Today's lab meeting will be held in room 200 LeFevre Hall.  Thank you.",
        "team": "T1T85P197",
        "user_team": "T1T85P197",
        "source_team": "T1T85P197",
        "user_profile": {
            "avatar_hash": "084d1d915961",
            "image_72": "https:\/\/avatars.slack-edge.com\/2021-06-11\/2162938824690_084d1d915961fd2a1fcb_72.png",
            "first_name": "",
            "real_name": "David Schulz",
            "display_name": "David Schulz",
            "team": "T1T85P197",
            "name": "schulzd",
            "is_restricted": false,
            "is_ultra_restricted": false
        },
        "blocks": [
            {
                "type": "rich_text",
                "block_id": "yhm",
                "elements": [
                    {
                        "type": "rich_text_section",
                        "elements": [
                            {
                                "type": "text",
                                "text": "Today's lab meeting will be held in room 200 LeFevre Hall.  Thank you."
                            }
                        ]
                    }
                ]
            }
        ]
    }
]