[
    {
        "text": "I’ll see you tomorrow ",
        "files": [
            {
                "id": "F05CD2YR28K",
                "created": 1686694587,
                "timestamp": 1686694587,
                "name": "IMG_3007.jpg",
                "title": "IMG_3007",
                "mimetype": "image\/jpeg",
                "filetype": "jpg",
                "pretty_type": "JPEG",
                "user": "U0112A19YFN",
                "user_team": "T1T85P197",
                "editable": false,
                "size": 626574,
                "mode": "hosted",
                "is_external": false,
                "external_type": "",
                "is_public": true,
                "public_url_shared": false,
                "display_as_bot": false,
                "username": "",
                "url_private": "https:\/\/files.slack.com\/files-pri\/T1T85P197-F05CD2YR28K\/img_3007.jpg?t=xoxe-61277783313-6938219705459-6931704589846-f9456fee8056b431d8cc920b3927c14d",
                "url_private_download": "https:\/\/files.slack.com\/files-pri\/T1T85P197-F05CD2YR28K\/download\/img_3007.jpg?t=xoxe-61277783313-6938219705459-6931704589846-f9456fee8056b431d8cc920b3927c14d",
                "media_display_type": "unknown",
                "thumb_64": "https:\/\/files.slack.com\/files-tmb\/T1T85P197-F05CD2YR28K-72c7845241\/img_3007_64.jpg?t=xoxe-61277783313-6938219705459-6931704589846-f9456fee8056b431d8cc920b3927c14d",
                "thumb_80": "https:\/\/files.slack.com\/files-tmb\/T1T85P197-F05CD2YR28K-72c7845241\/img_3007_80.jpg?t=xoxe-61277783313-6938219705459-6931704589846-f9456fee8056b431d8cc920b3927c14d",
                "thumb_360": "https:\/\/files.slack.com\/files-tmb\/T1T85P197-F05CD2YR28K-72c7845241\/img_3007_360.jpg?t=xoxe-61277783313-6938219705459-6931704589846-f9456fee8056b431d8cc920b3927c14d",
                "thumb_360_w": 270,
                "thumb_360_h": 360,
                "thumb_480": "https:\/\/files.slack.com\/files-tmb\/T1T85P197-F05CD2YR28K-72c7845241\/img_3007_480.jpg?t=xoxe-61277783313-6938219705459-6931704589846-f9456fee8056b431d8cc920b3927c14d",
                "thumb_480_w": 360,
                "thumb_480_h": 480,
                "thumb_160": "https:\/\/files.slack.com\/files-tmb\/T1T85P197-F05CD2YR28K-72c7845241\/img_3007_160.jpg?t=xoxe-61277783313-6938219705459-6931704589846-f9456fee8056b431d8cc920b3927c14d",
                "thumb_720": "https:\/\/files.slack.com\/files-tmb\/T1T85P197-F05CD2YR28K-72c7845241\/img_3007_720.jpg?t=xoxe-61277783313-6938219705459-6931704589846-f9456fee8056b431d8cc920b3927c14d",
                "thumb_720_w": 540,
                "thumb_720_h": 720,
                "thumb_800": "https:\/\/files.slack.com\/files-tmb\/T1T85P197-F05CD2YR28K-72c7845241\/img_3007_800.jpg?t=xoxe-61277783313-6938219705459-6931704589846-f9456fee8056b431d8cc920b3927c14d",
                "thumb_800_w": 800,
                "thumb_800_h": 1067,
                "thumb_960": "https:\/\/files.slack.com\/files-tmb\/T1T85P197-F05CD2YR28K-72c7845241\/img_3007_960.jpg?t=xoxe-61277783313-6938219705459-6931704589846-f9456fee8056b431d8cc920b3927c14d",
                "thumb_960_w": 720,
                "thumb_960_h": 960,
                "thumb_1024": "https:\/\/files.slack.com\/files-tmb\/T1T85P197-F05CD2YR28K-72c7845241\/img_3007_1024.jpg?t=xoxe-61277783313-6938219705459-6931704589846-f9456fee8056b431d8cc920b3927c14d",
                "thumb_1024_w": 768,
                "thumb_1024_h": 1024,
                "original_w": 3024,
                "original_h": 4032,
                "thumb_tiny": "AwAwACSubSbdlVH50htpxn5Rn61o\/Nk9MdqMH2pDMs2s39z9RSG3m\/55mtQj0pAKAMcjBwaKknG2dx\/tGo6YG0QCe9KMDgUh60nfr+lIB3FGKKX8aAMu+Xbct7gGq9as8AlcN7YqL7GKALRFAFRTSFFGOpqMTyeo\/KgC4KRqqi5cHkgj6VaJyKAEpKWjNAH\/2Q==",
                "permalink": "https:\/\/schulzlab.slack.com\/files\/U0112A19YFN\/F05CD2YR28K\/img_3007.jpg",
                "permalink_public": "https:\/\/slack-files.com\/T1T85P197-F05CD2YR28K-5b9b75b293",
                "is_starred": false,
                "has_rich_preview": false,
                "file_access": "visible"
            }
        ],
        "upload": false,
        "user": "U0112A19YFN",
        "display_as_bot": false,
        "blocks": [
            {
                "type": "rich_text",
                "block_id": "VcZ",
                "elements": [
                    {
                        "type": "rich_text_section",
                        "elements": [
                            {
                                "type": "text",
                                "text": "I’ll"
                            },
                            {
                                "type": "text",
                                "text": " see you tomorrow "
                            }
                        ]
                    }
                ]
            }
        ],
        "type": "message",
        "ts": "1686694608.202459",
        "client_msg_id": "1274B183-302D-4F4E-8F14-4BEBDEB3EDB2",
        "reactions": [
            {
                "name": "+1",
                "users": [
                    "U04P7HHG12S"
                ],
                "count": 1
            }
        ]
    }
]