[
    {
        "user": "U010N31RYMV",
        "type": "message",
        "ts": "1704142076.904459",
        "client_msg_id": "412B9D2B-B06C-448D-9606-15E3C2470327",
        "text": "Happy new year, everyone.  :crab: ",
        "team": "T1T85P197",
        "user_team": "T1T85P197",
        "source_team": "T1T85P197",
        "user_profile": {
            "avatar_hash": "084d1d915961",
            "image_72": "https:\/\/avatars.slack-edge.com\/2021-06-11\/2162938824690_084d1d915961fd2a1fcb_72.png",
            "first_name": "",
            "real_name": "David Schulz",
            "display_name": "David Schulz",
            "team": "T1T85P197",
            "name": "schulzd",
            "is_restricted": false,
            "is_ultra_restricted": false
        },
        "blocks": [
            {
                "type": "rich_text",
                "block_id": "LPwSr",
                "elements": [
                    {
                        "type": "rich_text_section",
                        "elements": [
                            {
                                "type": "text",
                                "text": "Happy new year"
                            },
                            {
                                "type": "text",
                                "text": ","
                            },
                            {
                                "type": "text",
                                "text": " everyone"
                            },
                            {
                                "type": "text",
                                "text": "."
                            },
                            {
                                "type": "text",
                                "text": "  "
                            },
                            {
                                "type": "emoji",
                                "name": "crab",
                                "unicode": "1f980"
                            },
                            {
                                "type": "text",
                                "text": " "
                            }
                        ]
                    }
                ]
            }
        ]
    },
    {
        "user": "U02D68LLBAQ",
        "type": "message",
        "ts": "1704142351.626109",
        "client_msg_id": "be601e9a-4ac6-4a85-8ac5-c9e30e35f70d",
        "text": "Happy new years to everyone!!!",
        "team": "T1T85P197",
        "user_team": "T1T85P197",
        "source_team": "T1T85P197",
        "user_profile": {
            "avatar_hash": "gb96e34dee9e",
            "image_72": "https:\/\/secure.gravatar.com\/avatar\/b96e34dee9ededc7a4375e8c8aed1dec.jpg?s=72&d=https%3A%2F%2Fa.slack-edge.com%2Fdf10d%2Fimg%2Favatars%2Fava_0002-72.png",
            "first_name": "Arturo",
            "real_name": "Arturo Rosete",
            "display_name": "",
            "team": "T1T85P197",
            "name": "arrrx423",
            "is_restricted": false,
            "is_ultra_restricted": false
        },
        "blocks": [
            {
                "type": "rich_text",
                "block_id": "9jIbp",
                "elements": [
                    {
                        "type": "rich_text_section",
                        "elements": [
                            {
                                "type": "text",
                                "text": "Happy new years to everyone!!!"
                            }
                        ]
                    }
                ]
            }
        ]
    },
    {
        "user": "U04P7HHG12S",
        "type": "message",
        "ts": "1704143229.421699",
        "client_msg_id": "69CA3979-72F5-4998-AEAA-013E5347E020",
        "text": "Happy New Year!!! :partying_face: :partying_face: :partying_face: :partying_face: :partying_face: ",
        "team": "T1T85P197",
        "user_team": "T1T85P197",
        "source_team": "T1T85P197",
        "user_profile": {
            "avatar_hash": "ge1de410d147",
            "image_72": "https:\/\/secure.gravatar.com\/avatar\/e1de410d147a0c41079dd26abb490f2b.jpg?s=72&d=https%3A%2F%2Fa.slack-edge.com%2Fdf10d%2Fimg%2Favatars%2Fava_0018-72.png",
            "first_name": "Akira",
            "real_name": "Akira",
            "display_name": "Akira",
            "team": "T1T85P197",
            "name": "amclemons408",
            "is_restricted": false,
            "is_ultra_restricted": false
        },
        "blocks": [
            {
                "type": "rich_text",
                "block_id": "DaRng",
                "elements": [
                    {
                        "type": "rich_text_section",
                        "elements": [
                            {
                                "type": "text",
                                "text": "Happy New Year!!! "
                            },
                            {
                                "type": "emoji",
                                "name": "partying_face",
                                "unicode": "1f973"
                            },
                            {
                                "type": "text",
                                "text": " "
                            },
                            {
                                "type": "emoji",
                                "name": "partying_face",
                                "unicode": "1f973"
                            },
                            {
                                "type": "text",
                                "text": " "
                            },
                            {
                                "type": "emoji",
                                "name": "partying_face",
                                "unicode": "1f973"
                            },
                            {
                                "type": "text",
                                "text": " "
                            },
                            {
                                "type": "emoji",
                                "name": "partying_face",
                                "unicode": "1f973"
                            },
                            {
                                "type": "text",
                                "text": " "
                            },
                            {
                                "type": "emoji",
                                "name": "partying_face",
                                "unicode": "1f973"
                            },
                            {
                                "type": "text",
                                "text": " "
                            }
                        ]
                    }
                ]
            }
        ]
    },
    {
        "text": "Here is my generic greeting ",
        "files": [
            {
                "id": "F06BN4K4DEK",
                "created": 1704143444,
                "timestamp": 1704143444,
                "name": "Image from iOS.jpg",
                "title": "Image from iOS",
                "mimetype": "image\/jpeg",
                "filetype": "jpg",
                "pretty_type": "JPEG",
                "user": "U0103JSQYLB",
                "user_team": "T1T85P197",
                "editable": false,
                "size": 110534,
                "mode": "hosted",
                "is_external": false,
                "external_type": "",
                "is_public": true,
                "public_url_shared": false,
                "display_as_bot": false,
                "username": "",
                "subtype": "slack_image",
                "url_private": "https:\/\/files.slack.com\/files-pri\/T1T85P197-F06BN4K4DEK\/image_from_ios.jpg?t=xoxe-61277783313-6938219705459-6931704589846-f9456fee8056b431d8cc920b3927c14d",
                "url_private_download": "https:\/\/files.slack.com\/files-pri\/T1T85P197-F06BN4K4DEK\/download\/image_from_ios.jpg?t=xoxe-61277783313-6938219705459-6931704589846-f9456fee8056b431d8cc920b3927c14d",
                "media_display_type": "unknown",
                "thumb_64": "https:\/\/files.slack.com\/files-tmb\/T1T85P197-F06BN4K4DEK-54dc5d4236\/image_from_ios_64.jpg?t=xoxe-61277783313-6938219705459-6931704589846-f9456fee8056b431d8cc920b3927c14d",
                "thumb_80": "https:\/\/files.slack.com\/files-tmb\/T1T85P197-F06BN4K4DEK-54dc5d4236\/image_from_ios_80.jpg?t=xoxe-61277783313-6938219705459-6931704589846-f9456fee8056b431d8cc920b3927c14d",
                "thumb_360": "https:\/\/files.slack.com\/files-tmb\/T1T85P197-F06BN4K4DEK-54dc5d4236\/image_from_ios_360.jpg?t=xoxe-61277783313-6938219705459-6931704589846-f9456fee8056b431d8cc920b3927c14d",
                "thumb_360_w": 288,
                "thumb_360_h": 360,
                "thumb_480": "https:\/\/files.slack.com\/files-tmb\/T1T85P197-F06BN4K4DEK-54dc5d4236\/image_from_ios_480.jpg?t=xoxe-61277783313-6938219705459-6931704589846-f9456fee8056b431d8cc920b3927c14d",
                "thumb_480_w": 384,
                "thumb_480_h": 480,
                "thumb_160": "https:\/\/files.slack.com\/files-tmb\/T1T85P197-F06BN4K4DEK-54dc5d4236\/image_from_ios_160.jpg?t=xoxe-61277783313-6938219705459-6931704589846-f9456fee8056b431d8cc920b3927c14d",
                "thumb_720": "https:\/\/files.slack.com\/files-tmb\/T1T85P197-F06BN4K4DEK-54dc5d4236\/image_from_ios_720.jpg?t=xoxe-61277783313-6938219705459-6931704589846-f9456fee8056b431d8cc920b3927c14d",
                "thumb_720_w": 576,
                "thumb_720_h": 720,
                "thumb_800": "https:\/\/files.slack.com\/files-tmb\/T1T85P197-F06BN4K4DEK-54dc5d4236\/image_from_ios_800.jpg?t=xoxe-61277783313-6938219705459-6931704589846-f9456fee8056b431d8cc920b3927c14d",
                "thumb_800_w": 800,
                "thumb_800_h": 1000,
                "thumb_960": "https:\/\/files.slack.com\/files-tmb\/T1T85P197-F06BN4K4DEK-54dc5d4236\/image_from_ios_960.jpg?t=xoxe-61277783313-6938219705459-6931704589846-f9456fee8056b431d8cc920b3927c14d",
                "thumb_960_w": 768,
                "thumb_960_h": 960,
                "original_w": 800,
                "original_h": 1000,
                "thumb_tiny": "AwAwACagSMVoaXnypcddwrONPilkibMbEE\/rVMk2sy+o\/wC+azNS\/wCPs\/QU5tRnZMAKp7sBVRmZ2LMSxPc0khsXIxRkUnSimIDUuIchg5U+mM4qNqAw70ATLInzAyHg8H1HNRusQTKyFm9MUm4f5FIzZ4AosAlFOGMdqOPagBuD1oGO9P7f4UzgHkUAL8vtTT14p+4Y5HFNH5UABBFJipPrRx7UAf\/Z",
                "permalink": "https:\/\/schulzlab.slack.com\/files\/U0103JSQYLB\/F06BN4K4DEK\/image_from_ios.jpg",
                "permalink_public": "https:\/\/slack-files.com\/T1T85P197-F06BN4K4DEK-4048cfe2e0",
                "is_starred": false,
                "has_rich_preview": false,
                "file_access": "visible"
            }
        ],
        "upload": false,
        "user": "U0103JSQYLB",
        "display_as_bot": false,
        "blocks": [
            {
                "type": "rich_text",
                "block_id": "WoBCv",
                "elements": [
                    {
                        "type": "rich_text_section",
                        "elements": [
                            {
                                "type": "text",
                                "text": "Here is my generic greeting "
                            }
                        ]
                    }
                ]
            }
        ],
        "type": "message",
        "ts": "1704143483.689249",
        "client_msg_id": "C6328A21-5B3A-4205-B7B5-00A7707F9893"
    },
    {
        "user": "U0112A19YFN",
        "type": "message",
        "ts": "1704143552.461259",
        "client_msg_id": "EF23635C-401D-40CE-BEF7-3F65D5453364",
        "text": "Happy new year the horrors persist but so do we!",
        "team": "T1T85P197",
        "user_team": "T1T85P197",
        "source_team": "T1T85P197",
        "user_profile": {
            "avatar_hash": "82931094ef90",
            "image_72": "https:\/\/avatars.slack-edge.com\/2022-06-17\/3708168624352_82931094ef904079310a_72.jpg",
            "first_name": "",
            "real_name": "Sherryl",
            "display_name": "Sherryl",
            "team": "T1T85P197",
            "name": "sherryl.henderson",
            "is_restricted": false,
            "is_ultra_restricted": false
        },
        "blocks": [
            {
                "type": "rich_text",
                "block_id": "pb1Mi",
                "elements": [
                    {
                        "type": "rich_text_section",
                        "elements": [
                            {
                                "type": "text",
                                "text": "Happy new year the horrors persist but so do we!"
                            }
                        ]
                    }
                ]
            }
        ]
    },
    {
        "user": "U0103JSQYLB",
        "type": "message",
        "ts": "1704143626.019489",
        "client_msg_id": "E51142EE-8A2D-44F8-9862-1CE45FFE5634",
        "text": "Calm down hunger games ",
        "team": "T1T85P197",
        "user_team": "T1T85P197",
        "source_team": "T1T85P197",
        "user_profile": {
            "avatar_hash": "94bf4a6c3643",
            "image_72": "https:\/\/avatars.slack-edge.com\/2023-05-20\/5309607146049_94bf4a6c3643af0ab428_72.png",
            "first_name": "Joe",
            "real_name": "Joe",
            "display_name": "Joe",
            "team": "T1T85P197",
            "name": "joseviteri",
            "is_restricted": false,
            "is_ultra_restricted": false
        },
        "blocks": [
            {
                "type": "rich_text",
                "block_id": "9fVPQ",
                "elements": [
                    {
                        "type": "rich_text_section",
                        "elements": [
                            {
                                "type": "text",
                                "text": "Calm down hunger games "
                            }
                        ]
                    }
                ]
            }
        ],
        "reactions": [
            {
                "name": "rolling_on_the_floor_laughing",
                "users": [
                    "U04P7HHG12S",
                    "U0112A19YFN",
                    "U02D68LLBAQ"
                ],
                "count": 3
            }
        ]
    }
]