[
    {
        "user": "U010N31RYMV",
        "type": "message",
        "ts": "1705879176.133279",
        "client_msg_id": "6D8C1CBE-49B6-4B80-ABD2-96AB69E7A83E",
        "text": "Hey all. Keep an eye on the weather tomorrow morning. Could be treacherous. Or nothing. Who knows. Just take a look before you try to go anywhere. ",
        "team": "T1T85P197",
        "user_team": "T1T85P197",
        "source_team": "T1T85P197",
        "user_profile": {
            "avatar_hash": "084d1d915961",
            "image_72": "https:\/\/avatars.slack-edge.com\/2021-06-11\/2162938824690_084d1d915961fd2a1fcb_72.png",
            "first_name": "",
            "real_name": "David Schulz",
            "display_name": "David Schulz",
            "team": "T1T85P197",
            "name": "schulzd",
            "is_restricted": false,
            "is_ultra_restricted": false
        },
        "blocks": [
            {
                "type": "rich_text",
                "block_id": "UPla7",
                "elements": [
                    {
                        "type": "rich_text_section",
                        "elements": [
                            {
                                "type": "text",
                                "text": "Hey all"
                            },
                            {
                                "type": "text",
                                "text": "."
                            },
                            {
                                "type": "text",
                                "text": " Keep an eye on the weather tomorrow morning"
                            },
                            {
                                "type": "text",
                                "text": "."
                            },
                            {
                                "type": "text",
                                "text": " Could be treacherous"
                            },
                            {
                                "type": "text",
                                "text": "."
                            },
                            {
                                "type": "text",
                                "text": " Or nothing"
                            },
                            {
                                "type": "text",
                                "text": "."
                            },
                            {
                                "type": "text",
                                "text": " Who knows"
                            },
                            {
                                "type": "text",
                                "text": "."
                            },
                            {
                                "type": "text",
                                "text": " Just take a look before you try to go anywhere"
                            },
                            {
                                "type": "text",
                                "text": "."
                            },
                            {
                                "type": "text",
                                "text": " "
                            }
                        ]
                    }
                ]
            }
        ],
        "reactions": [
            {
                "name": "+1",
                "users": [
                    "U02D68LLBAQ",
                    "U04P7HHG12S"
                ],
                "count": 2
            }
        ]
    },
    {
        "text": "",
        "files": [
            {
                "id": "F06EZ9T0VPE",
                "created": 1705897303,
                "timestamp": 1705897303,
                "name": "News Feed — Nextdoor.jpg",
                "title": "News Feed — Nextdoor",
                "mimetype": "image\/jpeg",
                "filetype": "jpg",
                "pretty_type": "JPEG",
                "user": "U01328S2P1T",
                "user_team": "T1T85P197",
                "editable": false,
                "size": 234890,
                "mode": "hosted",
                "is_external": false,
                "external_type": "",
                "is_public": true,
                "public_url_shared": false,
                "display_as_bot": false,
                "username": "",
                "url_private": "https:\/\/files.slack.com\/files-pri\/T1T85P197-F06EZ9T0VPE\/news_feed_____nextdoor.jpg?t=xoxe-61277783313-6938219705459-6931704589846-f9456fee8056b431d8cc920b3927c14d",
                "url_private_download": "https:\/\/files.slack.com\/files-pri\/T1T85P197-F06EZ9T0VPE\/download\/news_feed_____nextdoor.jpg?t=xoxe-61277783313-6938219705459-6931704589846-f9456fee8056b431d8cc920b3927c14d",
                "media_display_type": "unknown",
                "thumb_64": "https:\/\/files.slack.com\/files-tmb\/T1T85P197-F06EZ9T0VPE-19d5f298ab\/news_feed_____nextdoor_64.jpg?t=xoxe-61277783313-6938219705459-6931704589846-f9456fee8056b431d8cc920b3927c14d",
                "thumb_80": "https:\/\/files.slack.com\/files-tmb\/T1T85P197-F06EZ9T0VPE-19d5f298ab\/news_feed_____nextdoor_80.jpg?t=xoxe-61277783313-6938219705459-6931704589846-f9456fee8056b431d8cc920b3927c14d",
                "thumb_360": "https:\/\/files.slack.com\/files-tmb\/T1T85P197-F06EZ9T0VPE-19d5f298ab\/news_feed_____nextdoor_360.jpg?t=xoxe-61277783313-6938219705459-6931704589846-f9456fee8056b431d8cc920b3927c14d",
                "thumb_360_w": 166,
                "thumb_360_h": 360,
                "thumb_480": "https:\/\/files.slack.com\/files-tmb\/T1T85P197-F06EZ9T0VPE-19d5f298ab\/news_feed_____nextdoor_480.jpg?t=xoxe-61277783313-6938219705459-6931704589846-f9456fee8056b431d8cc920b3927c14d",
                "thumb_480_w": 222,
                "thumb_480_h": 480,
                "thumb_160": "https:\/\/files.slack.com\/files-tmb\/T1T85P197-F06EZ9T0VPE-19d5f298ab\/news_feed_____nextdoor_160.jpg?t=xoxe-61277783313-6938219705459-6931704589846-f9456fee8056b431d8cc920b3927c14d",
                "thumb_720": "https:\/\/files.slack.com\/files-tmb\/T1T85P197-F06EZ9T0VPE-19d5f298ab\/news_feed_____nextdoor_720.jpg?t=xoxe-61277783313-6938219705459-6931704589846-f9456fee8056b431d8cc920b3927c14d",
                "thumb_720_w": 333,
                "thumb_720_h": 720,
                "thumb_800": "https:\/\/files.slack.com\/files-tmb\/T1T85P197-F06EZ9T0VPE-19d5f298ab\/news_feed_____nextdoor_800.jpg?t=xoxe-61277783313-6938219705459-6931704589846-f9456fee8056b431d8cc920b3927c14d",
                "thumb_800_w": 800,
                "thumb_800_h": 1731,
                "thumb_960": "https:\/\/files.slack.com\/files-tmb\/T1T85P197-F06EZ9T0VPE-19d5f298ab\/news_feed_____nextdoor_960.jpg?t=xoxe-61277783313-6938219705459-6931704589846-f9456fee8056b431d8cc920b3927c14d",
                "thumb_960_w": 444,
                "thumb_960_h": 960,
                "thumb_1024": "https:\/\/files.slack.com\/files-tmb\/T1T85P197-F06EZ9T0VPE-19d5f298ab\/news_feed_____nextdoor_1024.jpg?t=xoxe-61277783313-6938219705459-6931704589846-f9456fee8056b431d8cc920b3927c14d",
                "thumb_1024_w": 473,
                "thumb_1024_h": 1024,
                "original_w": 828,
                "original_h": 1792,
                "thumb_tiny": "AwAwABa+rdemc89acGJ9KYepozQA\/Bzml59qbGe1PoAjOMnn9KPl9TVb7Wuc7cf8CpPtS+g\/76FPlZPMi4mOxp1UxeBf4Qfowpftw\/55n86fKw5kZzfeNFaptosH5BTfIgJI2j2obGoqxmx5y1PrSNvGXyUHSj7NF\/zzH51SnZEShd6H\/9k=",
                "permalink": "https:\/\/schulzlab.slack.com\/files\/U01328S2P1T\/F06EZ9T0VPE\/news_feed_____nextdoor.jpg",
                "permalink_public": "https:\/\/slack-files.com\/T1T85P197-F06EZ9T0VPE-6f960f9041",
                "is_starred": false,
                "has_rich_preview": false,
                "file_access": "visible"
            }
        ],
        "upload": false,
        "user": "U01328S2P1T",
        "display_as_bot": false,
        "type": "message",
        "ts": "1705897309.729289",
        "client_msg_id": "C3833261-1446-48F2-9B0B-9128DA8892A9"
    }
]