[
    {
        "user": "U010N31RYMV",
        "type": "message",
        "ts": "1710345754.692519",
        "client_msg_id": "d46256cd-39ab-4657-b9ae-c4f0a295d5c0",
        "text": "IMPORTANT HEADS UP: We have evidence that someone may have gained access to multiple rooms in Lefevre Hall and this suggests a master key has ended up in someone's hands. There has been some disturbance and theft to some rooms and offices yesterday. *PLEASE TAKE EXTRA PRECAUTION* to not leave valuables around and report anything suspicious or out of place.\n\nPLEASE let me know if there is any reason to suspect our master key has gone missing.",
        "team": "T1T85P197",
        "user_team": "T1T85P197",
        "source_team": "T1T85P197",
        "user_profile": {
            "avatar_hash": "084d1d915961",
            "image_72": "https:\/\/avatars.slack-edge.com\/2021-06-11\/2162938824690_084d1d915961fd2a1fcb_72.png",
            "first_name": "",
            "real_name": "David Schulz",
            "display_name": "David Schulz",
            "team": "T1T85P197",
            "name": "schulzd",
            "is_restricted": false,
            "is_ultra_restricted": false
        },
        "blocks": [
            {
                "type": "rich_text",
                "block_id": "NJguR",
                "elements": [
                    {
                        "type": "rich_text_section",
                        "elements": [
                            {
                                "type": "text",
                                "text": "IMPORTANT HEADS UP: We have evidence that someone may have gained access to multiple rooms in Lefevre Hall and this suggests a master key has ended up in someone's hands. There has been some disturbance and theft to some rooms and offices yesterday. "
                            },
                            {
                                "type": "text",
                                "text": "PLEASE TAKE EXTRA PRECAUTION",
                                "style": {
                                    "bold": true
                                }
                            },
                            {
                                "type": "text",
                                "text": " to not leave valuables around and report anything suspicious or out of place.\n\nPLEASE let me know if there is any reason to suspect our master key has gone missing."
                            }
                        ]
                    }
                ]
            }
        ]
    },
    {
        "user": "U01328S2P1T",
        "type": "message",
        "ts": "1710346380.692129",
        "client_msg_id": "A26EE981-8C99-4D9A-86A4-CE233F49AE46",
        "text": "Master key is right\nBeside me. ",
        "team": "T1T85P197",
        "user_team": "T1T85P197",
        "source_team": "T1T85P197",
        "user_profile": {
            "avatar_hash": "ge9bf912b3db",
            "image_72": "https:\/\/secure.gravatar.com\/avatar\/e9bf912b3dbb6c12aeec164626223450.jpg?s=72&d=https%3A%2F%2Fa.slack-edge.com%2Fdf10d%2Fimg%2Favatars%2Fava_0017-72.png",
            "first_name": "Virginia",
            "real_name": "Virginia B Garcia",
            "display_name": "Ginny",
            "team": "T1T85P197",
            "name": "garciav",
            "is_restricted": false,
            "is_ultra_restricted": false
        },
        "blocks": [
            {
                "type": "rich_text",
                "block_id": "3VS+4",
                "elements": [
                    {
                        "type": "rich_text_section",
                        "elements": [
                            {
                                "type": "text",
                                "text": "Master key is right\nBeside me"
                            },
                            {
                                "type": "text",
                                "text": "."
                            },
                            {
                                "type": "text",
                                "text": " "
                            }
                        ]
                    }
                ]
            }
        ]
    },
    {
        "user": "U010N31RYMV",
        "type": "message",
        "ts": "1710346841.464879",
        "client_msg_id": "fed426bd-0855-4a35-9ca1-0447b64e44cc",
        "text": "You heard it here folks. Ginny has been breaking into offices.",
        "team": "T1T85P197",
        "user_team": "T1T85P197",
        "source_team": "T1T85P197",
        "user_profile": {
            "avatar_hash": "084d1d915961",
            "image_72": "https:\/\/avatars.slack-edge.com\/2021-06-11\/2162938824690_084d1d915961fd2a1fcb_72.png",
            "first_name": "",
            "real_name": "David Schulz",
            "display_name": "David Schulz",
            "team": "T1T85P197",
            "name": "schulzd",
            "is_restricted": false,
            "is_ultra_restricted": false
        },
        "blocks": [
            {
                "type": "rich_text",
                "block_id": "GaSYU",
                "elements": [
                    {
                        "type": "rich_text_section",
                        "elements": [
                            {
                                "type": "text",
                                "text": "You heard it here folks. Ginny has been breaking into offices."
                            }
                        ]
                    }
                ]
            }
        ],
        "reactions": [
            {
                "name": "rolling_on_the_floor_laughing",
                "users": [
                    "U02D68LLBAQ",
                    "U01328S2P1T"
                ],
                "count": 2
            }
        ]
    },
    {
        "user": "U01328S2P1T",
        "type": "message",
        "ts": "1710346911.466969",
        "client_msg_id": "A416B7FB-DC58-4621-ADCA-97919589B9FB",
        "text": "I was short on cash. What do you expect me to do?!? :zany_face: ",
        "team": "T1T85P197",
        "user_team": "T1T85P197",
        "source_team": "T1T85P197",
        "user_profile": {
            "avatar_hash": "ge9bf912b3db",
            "image_72": "https:\/\/secure.gravatar.com\/avatar\/e9bf912b3dbb6c12aeec164626223450.jpg?s=72&d=https%3A%2F%2Fa.slack-edge.com%2Fdf10d%2Fimg%2Favatars%2Fava_0017-72.png",
            "first_name": "Virginia",
            "real_name": "Virginia B Garcia",
            "display_name": "Ginny",
            "team": "T1T85P197",
            "name": "garciav",
            "is_restricted": false,
            "is_ultra_restricted": false
        },
        "blocks": [
            {
                "type": "rich_text",
                "block_id": "L4opJ",
                "elements": [
                    {
                        "type": "rich_text_section",
                        "elements": [
                            {
                                "type": "text",
                                "text": "I was short on cash"
                            },
                            {
                                "type": "text",
                                "text": "."
                            },
                            {
                                "type": "text",
                                "text": " What do you expect me to do?!? "
                            },
                            {
                                "type": "emoji",
                                "name": "grinning_face_with_one_large_and_one_small_eye",
                                "unicode": "1f92a"
                            },
                            {
                                "type": "text",
                                "text": " "
                            }
                        ]
                    }
                ]
            }
        ]
    },
    {
        "user": "U0103JSQYLB",
        "type": "message",
        "ts": "1710348238.718009",
        "client_msg_id": "BF893F12-32C4-4A25-9C2B-FB6B3668392C",
        "text": "Remember all the scissors I stole from you Ginny?",
        "team": "T1T85P197",
        "user_team": "T1T85P197",
        "source_team": "T1T85P197",
        "user_profile": {
            "avatar_hash": "94bf4a6c3643",
            "image_72": "https:\/\/avatars.slack-edge.com\/2023-05-20\/5309607146049_94bf4a6c3643af0ab428_72.png",
            "first_name": "Joe",
            "real_name": "Joe",
            "display_name": "Joe",
            "team": "T1T85P197",
            "name": "joseviteri",
            "is_restricted": false,
            "is_ultra_restricted": false
        },
        "blocks": [
            {
                "type": "rich_text",
                "block_id": "5t31j",
                "elements": [
                    {
                        "type": "rich_text_section",
                        "elements": [
                            {
                                "type": "text",
                                "text": "Remember all the scissors I stole from you Ginny?"
                            }
                        ]
                    }
                ]
            }
        ],
        "reactions": [
            {
                "name": "joy",
                "users": [
                    "U01328S2P1T"
                ],
                "count": 1
            }
        ]
    },
    {
        "user": "U01328S2P1T",
        "type": "message",
        "ts": "1710349429.260319",
        "client_msg_id": "A524139F-8552-4BCF-B472-800FAF8F0674",
        "text": "Ah yes, how could I forget that??",
        "team": "T1T85P197",
        "user_team": "T1T85P197",
        "source_team": "T1T85P197",
        "user_profile": {
            "avatar_hash": "ge9bf912b3db",
            "image_72": "https:\/\/secure.gravatar.com\/avatar\/e9bf912b3dbb6c12aeec164626223450.jpg?s=72&d=https%3A%2F%2Fa.slack-edge.com%2Fdf10d%2Fimg%2Favatars%2Fava_0017-72.png",
            "first_name": "Virginia",
            "real_name": "Virginia B Garcia",
            "display_name": "Ginny",
            "team": "T1T85P197",
            "name": "garciav",
            "is_restricted": false,
            "is_ultra_restricted": false
        },
        "blocks": [
            {
                "type": "rich_text",
                "block_id": "LAST3",
                "elements": [
                    {
                        "type": "rich_text_section",
                        "elements": [
                            {
                                "type": "text",
                                "text": "Ah yes, how could I forget that??"
                            }
                        ]
                    }
                ]
            }
        ]
    }
]