[
    {
        "user": "U010N31RYMV",
        "type": "message",
        "ts": "1706733620.228599",
        "client_msg_id": "3FA539EC-C8C8-495F-986E-70228A9CC639",
        "text": "I am leaving the lab but not locking it. I think I see Sherryl’s keys in here and don’t want to lock her out. ",
        "team": "T1T85P197",
        "user_team": "T1T85P197",
        "source_team": "T1T85P197",
        "user_profile": {
            "avatar_hash": "084d1d915961",
            "image_72": "https:\/\/avatars.slack-edge.com\/2021-06-11\/2162938824690_084d1d915961fd2a1fcb_72.png",
            "first_name": "",
            "real_name": "David Schulz",
            "display_name": "David Schulz",
            "team": "T1T85P197",
            "name": "schulzd",
            "is_restricted": false,
            "is_ultra_restricted": false
        },
        "blocks": [
            {
                "type": "rich_text",
                "block_id": "8ctZG",
                "elements": [
                    {
                        "type": "rich_text_section",
                        "elements": [
                            {
                                "type": "text",
                                "text": "I am leaving the lab but not locking it"
                            },
                            {
                                "type": "text",
                                "text": "."
                            },
                            {
                                "type": "text",
                                "text": " I think I see "
                            },
                            {
                                "type": "text",
                                "text": "Sherryl’s"
                            },
                            {
                                "type": "text",
                                "text": " keys in here and "
                            },
                            {
                                "type": "text",
                                "text": "don’t"
                            },
                            {
                                "type": "text",
                                "text": " want to lock her out"
                            },
                            {
                                "type": "text",
                                "text": "."
                            },
                            {
                                "type": "text",
                                "text": " "
                            }
                        ]
                    }
                ]
            }
        ],
        "reactions": [
            {
                "name": "+1",
                "users": [
                    "U02D68LLBAQ"
                ],
                "count": 1
            }
        ]
    },
    {
        "user": "U04P7HHG12S",
        "type": "message",
        "ts": "1706733665.536199",
        "client_msg_id": "5EAC8AEE-9AE4-4312-8D02-B736B4F0584B",
        "text": "Okay! I’m across the hall and can see if anyone goes in. ",
        "team": "T1T85P197",
        "user_team": "T1T85P197",
        "source_team": "T1T85P197",
        "user_profile": {
            "avatar_hash": "ge1de410d147",
            "image_72": "https:\/\/secure.gravatar.com\/avatar\/e1de410d147a0c41079dd26abb490f2b.jpg?s=72&d=https%3A%2F%2Fa.slack-edge.com%2Fdf10d%2Fimg%2Favatars%2Fava_0018-72.png",
            "first_name": "Akira",
            "real_name": "Akira",
            "display_name": "Akira",
            "team": "T1T85P197",
            "name": "amclemons408",
            "is_restricted": false,
            "is_ultra_restricted": false
        },
        "blocks": [
            {
                "type": "rich_text",
                "block_id": "UW\/+R",
                "elements": [
                    {
                        "type": "rich_text_section",
                        "elements": [
                            {
                                "type": "text",
                                "text": "Okay! "
                            },
                            {
                                "type": "text",
                                "text": "I’m"
                            },
                            {
                                "type": "text",
                                "text": " across the hall and can see if anyone goes in"
                            },
                            {
                                "type": "text",
                                "text": "."
                            },
                            {
                                "type": "text",
                                "text": " "
                            }
                        ]
                    }
                ]
            }
        ]
    },
    {
        "text": "Good day, everyone. Attached here is the paper for next week's lab meeting. It's a cool paper, but it will be a little bit of a challenge for some of you - some hardcore electrophysiology. We might spend more than one week on this paper, because I'd really like you to understand this to the best of your ability. Also, this is in a way quite similar to the work that Sherryl has done, so you will get to see some of the same kinds of analyses and interpretations as she has applied in her work. So we will work through this paper and see how far we get, but if we go real slow and it takes a while I think that is just fine.",
        "files": [
            {
                "id": "F06GZBDBV17",
                "created": 1706742684,
                "timestamp": 1706742684,
                "name": "PIIS0960982223016500.pdf",
                "title": "PIIS0960982223016500.pdf",
                "mimetype": "application\/pdf",
                "filetype": "pdf",
                "pretty_type": "PDF",
                "user": "U010N31RYMV",
                "user_team": "T1T85P197",
                "editable": false,
                "size": 4534220,
                "mode": "hosted",
                "is_external": false,
                "external_type": "",
                "is_public": true,
                "public_url_shared": false,
                "display_as_bot": false,
                "username": "",
                "url_private": "https:\/\/files.slack.com\/files-pri\/T1T85P197-F06GZBDBV17\/piis0960982223016500.pdf?t=xoxe-61277783313-6938219705459-6931704589846-f9456fee8056b431d8cc920b3927c14d",
                "url_private_download": "https:\/\/files.slack.com\/files-pri\/T1T85P197-F06GZBDBV17\/download\/piis0960982223016500.pdf?t=xoxe-61277783313-6938219705459-6931704589846-f9456fee8056b431d8cc920b3927c14d",
                "media_display_type": "unknown",
                "thumb_pdf": "https:\/\/files.slack.com\/files-tmb\/T1T85P197-F06GZBDBV17-9f5d1b63f2\/piis0960982223016500_thumb_pdf.png?t=xoxe-61277783313-6938219705459-6931704589846-f9456fee8056b431d8cc920b3927c14d",
                "thumb_pdf_w": 921,
                "thumb_pdf_h": 1196,
                "permalink": "https:\/\/schulzlab.slack.com\/files\/U010N31RYMV\/F06GZBDBV17\/piis0960982223016500.pdf",
                "permalink_public": "https:\/\/slack-files.com\/T1T85P197-F06GZBDBV17-584415e337",
                "is_starred": false,
                "has_rich_preview": false,
                "file_access": "visible"
            }
        ],
        "upload": false,
        "user": "U010N31RYMV",
        "display_as_bot": false,
        "blocks": [
            {
                "type": "rich_text",
                "block_id": "1DPQ3",
                "elements": [
                    {
                        "type": "rich_text_section",
                        "elements": [
                            {
                                "type": "text",
                                "text": "Good day, everyone. Attached here is the paper for next week's lab meeting. It's a cool paper, but it will be a little bit of a challenge for some of you - some hardcore electrophysiology. We might spend more than one week on this paper, because I'd really like you to understand this to the best of your ability. Also, this is in a way quite similar to the work that Sherryl has done, so you will get to see some of the same kinds of analyses and interpretations as she has applied in her work. So we will work through this paper and see how far we get, but if we go real slow and it takes a while I think that is just fine."
                            }
                        ]
                    }
                ]
            }
        ],
        "type": "message",
        "ts": "1706742687.829049",
        "client_msg_id": "6a4286e4-e967-4f9d-b572-6a7709095361",
        "reactions": [
            {
                "name": "+1",
                "users": [
                    "U02D68LLBAQ",
                    "U01328S2P1T",
                    "U04P7HHG12S"
                ],
                "count": 3
            }
        ]
    }
]