[
    {
        "user": "U01328S2P1T",
        "type": "message",
        "ts": "1712671544.316969",
        "client_msg_id": "D6724764-FBBA-49B1-9529-9C99647C409B",
        "text": "Hi Luke!! Welcome! ",
        "team": "T1T85P197",
        "user_team": "T1T85P197",
        "source_team": "T1T85P197",
        "user_profile": {
            "avatar_hash": "ge9bf912b3db",
            "image_72": "https:\/\/secure.gravatar.com\/avatar\/e9bf912b3dbb6c12aeec164626223450.jpg?s=72&d=https%3A%2F%2Fa.slack-edge.com%2Fdf10d%2Fimg%2Favatars%2Fava_0017-72.png",
            "first_name": "Virginia",
            "real_name": "Virginia B Garcia",
            "display_name": "Ginny",
            "team": "T1T85P197",
            "name": "garciav",
            "is_restricted": false,
            "is_ultra_restricted": false
        },
        "blocks": [
            {
                "type": "rich_text",
                "block_id": "\/0jy2",
                "elements": [
                    {
                        "type": "rich_text_section",
                        "elements": [
                            {
                                "type": "text",
                                "text": "Hi Luke!! Welcome! "
                            }
                        ]
                    }
                ]
            }
        ]
    },
    {
        "user": "U010N31RYMV",
        "type": "message",
        "ts": "1712702137.281179",
        "client_msg_id": "04e37cce-4a42-41ed-ade1-4e1326848cc2",
        "text": "Good evening, friends. I am switching from being entirely sequestered on Zoom for an external program review to being entirely sequestered on Zoom for interviews for the Provost position on campus. So the next two days will be the same - I will be trapped on Zoom all day, but you can certainly communicate with me electronically. Sorry to be even more absentee than usual.",
        "team": "T1T85P197",
        "user_team": "T1T85P197",
        "source_team": "T1T85P197",
        "user_profile": {
            "avatar_hash": "084d1d915961",
            "image_72": "https:\/\/avatars.slack-edge.com\/2021-06-11\/2162938824690_084d1d915961fd2a1fcb_72.png",
            "first_name": "",
            "real_name": "David Schulz",
            "display_name": "David Schulz",
            "team": "T1T85P197",
            "name": "schulzd",
            "is_restricted": false,
            "is_ultra_restricted": false
        },
        "blocks": [
            {
                "type": "rich_text",
                "block_id": "11zyn",
                "elements": [
                    {
                        "type": "rich_text_section",
                        "elements": [
                            {
                                "type": "text",
                                "text": "Good evening, friends. I am switching from being entirely sequestered on Zoom for an external program review to being entirely sequestered on Zoom for interviews for the Provost position on campus. So the next two days will be the same - I will be trapped on Zoom all day, but you can certainly communicate with me electronically. Sorry to be even more absentee than usual."
                            }
                        ]
                    }
                ]
            }
        ],
        "reactions": [
            {
                "name": "+1",
                "users": [
                    "U04P7HHG12S",
                    "U02D68LLBAQ"
                ],
                "count": 2
            }
        ]
    },
    {
        "user": "U02D68LLBAQ",
        "type": "message",
        "ts": "1712705990.236899",
        "client_msg_id": "11c3cc46-1ea6-4376-8251-613c1cdeeaa3",
        "text": "Sounds good!:+1::skin-tone-5:",
        "team": "T1T85P197",
        "user_team": "T1T85P197",
        "source_team": "T1T85P197",
        "user_profile": {
            "avatar_hash": "gb96e34dee9e",
            "image_72": "https:\/\/secure.gravatar.com\/avatar\/b96e34dee9ededc7a4375e8c8aed1dec.jpg?s=72&d=https%3A%2F%2Fa.slack-edge.com%2Fdf10d%2Fimg%2Favatars%2Fava_0002-72.png",
            "first_name": "Arturo",
            "real_name": "Arturo Rosete",
            "display_name": "",
            "team": "T1T85P197",
            "name": "arrrx423",
            "is_restricted": false,
            "is_ultra_restricted": false
        },
        "blocks": [
            {
                "type": "rich_text",
                "block_id": "RMsDp",
                "elements": [
                    {
                        "type": "rich_text_section",
                        "elements": [
                            {
                                "type": "text",
                                "text": "Sounds good!"
                            },
                            {
                                "type": "emoji",
                                "name": "+1",
                                "unicode": "1f44d-1f3fe",
                                "skin_tone": 5
                            }
                        ]
                    }
                ]
            }
        ]
    }
]