[
    {
        "user": "U0112A19YFN",
        "type": "message",
        "ts": "1705418073.950639",
        "client_msg_id": "1e374b5c-713c-4f13-be39-0ecc58150484",
        "text": "I think I found a spot to park on campus but people don't know how to park when there's snow on the ground. They just ignore the parking lines.",
        "team": "T1T85P197",
        "user_team": "T1T85P197",
        "source_team": "T1T85P197",
        "user_profile": {
            "avatar_hash": "82931094ef90",
            "image_72": "https:\/\/avatars.slack-edge.com\/2022-06-17\/3708168624352_82931094ef904079310a_72.jpg",
            "first_name": "",
            "real_name": "Sherryl",
            "display_name": "Sherryl",
            "team": "T1T85P197",
            "name": "sherryl.henderson",
            "is_restricted": false,
            "is_ultra_restricted": false
        },
        "blocks": [
            {
                "type": "rich_text",
                "block_id": "ezviO",
                "elements": [
                    {
                        "type": "rich_text_section",
                        "elements": [
                            {
                                "type": "text",
                                "text": "I think I found a spot to park on campus but people don't know how to park when there's snow on the ground. They just ignore the parking lines."
                            }
                        ]
                    }
                ]
            }
        ]
    },
    {
        "user": "U010N31RYMV",
        "type": "message",
        "ts": "1705418642.289179",
        "client_msg_id": "681FB1D9-90A7-434F-B288-B2A0CDF20FF5",
        "text": "Hi all. I am trapped at home by ice on our hill. I am working remotely until I can figure out otherwise. ",
        "team": "T1T85P197",
        "user_team": "T1T85P197",
        "source_team": "T1T85P197",
        "user_profile": {
            "avatar_hash": "084d1d915961",
            "image_72": "https:\/\/avatars.slack-edge.com\/2021-06-11\/2162938824690_084d1d915961fd2a1fcb_72.png",
            "first_name": "",
            "real_name": "David Schulz",
            "display_name": "David Schulz",
            "team": "T1T85P197",
            "name": "schulzd",
            "is_restricted": false,
            "is_ultra_restricted": false
        },
        "blocks": [
            {
                "type": "rich_text",
                "block_id": "fIO\/x",
                "elements": [
                    {
                        "type": "rich_text_section",
                        "elements": [
                            {
                                "type": "text",
                                "text": "Hi all"
                            },
                            {
                                "type": "text",
                                "text": "."
                            },
                            {
                                "type": "text",
                                "text": " I am trapped at home by ice on our hill"
                            },
                            {
                                "type": "text",
                                "text": "."
                            },
                            {
                                "type": "text",
                                "text": " I am working remotely until I can figure out otherwise"
                            },
                            {
                                "type": "text",
                                "text": "."
                            },
                            {
                                "type": "text",
                                "text": " "
                            }
                        ]
                    }
                ]
            }
        ]
    },
    {
        "user": "U010N31RYMV",
        "type": "message",
        "ts": "1705428920.103869",
        "client_msg_id": "1d5c5a5b-a048-4729-a0ea-b7180057c92c",
        "text": "Good morning, everyone. I am in Tucker if anyone needs me.",
        "team": "T1T85P197",
        "user_team": "T1T85P197",
        "source_team": "T1T85P197",
        "user_profile": {
            "avatar_hash": "084d1d915961",
            "image_72": "https:\/\/avatars.slack-edge.com\/2021-06-11\/2162938824690_084d1d915961fd2a1fcb_72.png",
            "first_name": "",
            "real_name": "David Schulz",
            "display_name": "David Schulz",
            "team": "T1T85P197",
            "name": "schulzd",
            "is_restricted": false,
            "is_ultra_restricted": false
        },
        "blocks": [
            {
                "type": "rich_text",
                "block_id": "fbxS\/",
                "elements": [
                    {
                        "type": "rich_text_section",
                        "elements": [
                            {
                                "type": "text",
                                "text": "Good morning, everyone. I am in Tucker if anyone needs me."
                            }
                        ]
                    }
                ]
            }
        ]
    },
    {
        "user": "U010N31RYMV",
        "type": "message",
        "ts": "1705428951.948579",
        "client_msg_id": "41f831f7-346a-4724-8fd3-560cbe023076",
        "text": "I am emailing around a poll for when we can hold lab meetings this semester. please respond when you get a chance. Thanks!",
        "team": "T1T85P197",
        "user_team": "T1T85P197",
        "source_team": "T1T85P197",
        "user_profile": {
            "avatar_hash": "084d1d915961",
            "image_72": "https:\/\/avatars.slack-edge.com\/2021-06-11\/2162938824690_084d1d915961fd2a1fcb_72.png",
            "first_name": "",
            "real_name": "David Schulz",
            "display_name": "David Schulz",
            "team": "T1T85P197",
            "name": "schulzd",
            "is_restricted": false,
            "is_ultra_restricted": false
        },
        "blocks": [
            {
                "type": "rich_text",
                "block_id": "4wjh9",
                "elements": [
                    {
                        "type": "rich_text_section",
                        "elements": [
                            {
                                "type": "text",
                                "text": "I am emailing around a poll for when we can hold lab meetings this semester. please respond when you get a chance. Thanks!"
                            }
                        ]
                    }
                ]
            }
        ],
        "reactions": [
            {
                "name": "+1",
                "users": [
                    "U02D68LLBAQ",
                    "U04P7HHG12S"
                ],
                "count": 2
            }
        ]
    },
    {
        "user": "U010N31RYMV",
        "type": "message",
        "ts": "1705440377.388309",
        "edited": {
            "user": "U010N31RYMV",
            "ts": "1705440950.000000"
        },
        "client_msg_id": "c1c4688e-4b93-4189-8ec0-c1f84f1ebc62",
        "text": "Hello, friends. I believe we agreed you would be available for Zoom interviews with grad school candidates Alireza Salimi and Glory Omodia this *Thursday* between 10:30-11:30 or so. Is this still accurate? I will set up a Zoom and send you all the links:\n\nAlireza: 10:30 - 11:00\nGlory: 11-11:30",
        "team": "T1T85P197",
        "user_team": "T1T85P197",
        "source_team": "T1T85P197",
        "user_profile": {
            "avatar_hash": "084d1d915961",
            "image_72": "https:\/\/avatars.slack-edge.com\/2021-06-11\/2162938824690_084d1d915961fd2a1fcb_72.png",
            "first_name": "",
            "real_name": "David Schulz",
            "display_name": "David Schulz",
            "team": "T1T85P197",
            "name": "schulzd",
            "is_restricted": false,
            "is_ultra_restricted": false
        },
        "thread_ts": "1705440377.388309",
        "reply_count": 4,
        "reply_users_count": 4,
        "latest_reply": "1705588920.827509",
        "reply_users": [
            "U0112A19YFN",
            "U046FLCDE1M",
            "U04P7HHG12S",
            "U010N31RYMV"
        ],
        "replies": [
            {
                "user": "U0112A19YFN",
                "ts": "1705440492.409169"
            },
            {
                "user": "U046FLCDE1M",
                "ts": "1705441094.841219"
            },
            {
                "user": "U04P7HHG12S",
                "ts": "1705588183.037239"
            },
            {
                "user": "U010N31RYMV",
                "ts": "1705588920.827509"
            }
        ],
        "is_locked": false,
        "subscribed": false,
        "blocks": [
            {
                "type": "rich_text",
                "block_id": "fhZ6a",
                "elements": [
                    {
                        "type": "rich_text_section",
                        "elements": [
                            {
                                "type": "text",
                                "text": "Hello, friends. I believe we agreed you would be available for Zoom interviews with grad school candidates Alireza Salimi and Glory Omodia this "
                            },
                            {
                                "type": "text",
                                "text": "Thursday",
                                "style": {
                                    "bold": true
                                }
                            },
                            {
                                "type": "text",
                                "text": " between 10:30-11:30 or so. Is this still accurate? I will set up a Zoom and send you all the links:\n\nAlireza: 10:30 - 11:00\nGlory: 11-11:30"
                            }
                        ]
                    }
                ]
            }
        ],
        "reactions": [
            {
                "name": "+1",
                "users": [
                    "U02D68LLBAQ",
                    "U04P7HHG12S"
                ],
                "count": 2
            }
        ]
    },
    {
        "user": "U0112A19YFN",
        "type": "message",
        "ts": "1705440492.409169",
        "client_msg_id": "F309391C-D6F6-422E-8EBA-CD2CF840993A",
        "text": "Yup",
        "team": "T1T85P197",
        "user_team": "T1T85P197",
        "source_team": "T1T85P197",
        "user_profile": {
            "avatar_hash": "82931094ef90",
            "image_72": "https:\/\/avatars.slack-edge.com\/2022-06-17\/3708168624352_82931094ef904079310a_72.jpg",
            "first_name": "",
            "real_name": "Sherryl",
            "display_name": "Sherryl",
            "team": "T1T85P197",
            "name": "sherryl.henderson",
            "is_restricted": false,
            "is_ultra_restricted": false
        },
        "thread_ts": "1705440377.388309",
        "parent_user_id": "U010N31RYMV",
        "blocks": [
            {
                "type": "rich_text",
                "block_id": "ebWno",
                "elements": [
                    {
                        "type": "rich_text_section",
                        "elements": [
                            {
                                "type": "text",
                                "text": "Yup"
                            }
                        ]
                    }
                ]
            }
        ]
    },
    {
        "user": "U010N31RYMV",
        "type": "message",
        "ts": "1705440907.554679",
        "client_msg_id": "e6efb8b9-afb9-4aea-b877-f515f4f1f7da",
        "text": "Wait. Maybe this is Thursday.",
        "team": "T1T85P197",
        "user_team": "T1T85P197",
        "source_team": "T1T85P197",
        "user_profile": {
            "avatar_hash": "084d1d915961",
            "image_72": "https:\/\/avatars.slack-edge.com\/2021-06-11\/2162938824690_084d1d915961fd2a1fcb_72.png",
            "first_name": "",
            "real_name": "David Schulz",
            "display_name": "David Schulz",
            "team": "T1T85P197",
            "name": "schulzd",
            "is_restricted": false,
            "is_ultra_restricted": false
        },
        "blocks": [
            {
                "type": "rich_text",
                "block_id": "nGrtx",
                "elements": [
                    {
                        "type": "rich_text_section",
                        "elements": [
                            {
                                "type": "text",
                                "text": "Wait. Maybe this is Thursday."
                            }
                        ]
                    }
                ]
            }
        ]
    },
    {
        "user": "U010N31RYMV",
        "type": "message",
        "ts": "1705440935.869219",
        "client_msg_id": "e1638bfc-49e3-4d42-96d0-d0eaf5edb929",
        "text": "It is. Thursday. Blah.",
        "team": "T1T85P197",
        "user_team": "T1T85P197",
        "source_team": "T1T85P197",
        "user_profile": {
            "avatar_hash": "084d1d915961",
            "image_72": "https:\/\/avatars.slack-edge.com\/2021-06-11\/2162938824690_084d1d915961fd2a1fcb_72.png",
            "first_name": "",
            "real_name": "David Schulz",
            "display_name": "David Schulz",
            "team": "T1T85P197",
            "name": "schulzd",
            "is_restricted": false,
            "is_ultra_restricted": false
        },
        "blocks": [
            {
                "type": "rich_text",
                "block_id": "bJHIw",
                "elements": [
                    {
                        "type": "rich_text_section",
                        "elements": [
                            {
                                "type": "text",
                                "text": "It is. Thursday. Blah."
                            }
                        ]
                    }
                ]
            }
        ]
    },
    {
        "user": "U010N31RYMV",
        "type": "message",
        "ts": "1705441025.206359",
        "client_msg_id": "fed23e24-1dc8-4b7f-b1c4-dd4018f47be1",
        "text": "I am going to send Zoom invites. For those who don't get that, I will post the links here. I am setting up the Zoom rooms for an hour, but the times above are correct.",
        "team": "T1T85P197",
        "user_team": "T1T85P197",
        "source_team": "T1T85P197",
        "user_profile": {
            "avatar_hash": "084d1d915961",
            "image_72": "https:\/\/avatars.slack-edge.com\/2021-06-11\/2162938824690_084d1d915961fd2a1fcb_72.png",
            "first_name": "",
            "real_name": "David Schulz",
            "display_name": "David Schulz",
            "team": "T1T85P197",
            "name": "schulzd",
            "is_restricted": false,
            "is_ultra_restricted": false
        },
        "blocks": [
            {
                "type": "rich_text",
                "block_id": "7fp9B",
                "elements": [
                    {
                        "type": "rich_text_section",
                        "elements": [
                            {
                                "type": "text",
                                "text": "I am going to send Zoom invites. For those who don't get that, I will post the links here. I am setting up the Zoom rooms for an hour, but the times above are correct."
                            }
                        ]
                    }
                ]
            }
        ]
    },
    {
        "user": "U010N31RYMV",
        "type": "message",
        "ts": "1705441091.791449",
        "client_msg_id": "8a474895-f8e5-477f-99e0-4c604a8e7b99",
        "text": "*ALIREZA ZOOM LINK:* Join Zoom Meeting\n<https:\/\/umsystem.zoom.us\/j\/93434120059?pwd=dm15NjAzbjZPd3A2SnE1MUFqbmFzdz09>\n\nMeeting ID: 934 3412 0059\nPasscode: 815117",
        "team": "T1T85P197",
        "user_team": "T1T85P197",
        "source_team": "T1T85P197",
        "user_profile": {
            "avatar_hash": "084d1d915961",
            "image_72": "https:\/\/avatars.slack-edge.com\/2021-06-11\/2162938824690_084d1d915961fd2a1fcb_72.png",
            "first_name": "",
            "real_name": "David Schulz",
            "display_name": "David Schulz",
            "team": "T1T85P197",
            "name": "schulzd",
            "is_restricted": false,
            "is_ultra_restricted": false
        },
        "blocks": [
            {
                "type": "rich_text",
                "block_id": "4\/062",
                "elements": [
                    {
                        "type": "rich_text_section",
                        "elements": [
                            {
                                "type": "text",
                                "text": "ALIREZA ZOOM LINK: ",
                                "style": {
                                    "bold": true
                                }
                            },
                            {
                                "type": "text",
                                "text": "Join Zoom Meeting\n"
                            },
                            {
                                "type": "link",
                                "url": "https:\/\/umsystem.zoom.us\/j\/93434120059?pwd=dm15NjAzbjZPd3A2SnE1MUFqbmFzdz09"
                            },
                            {
                                "type": "text",
                                "text": "\n\nMeeting ID: 934 3412 0059\nPasscode: 815117"
                            }
                        ]
                    }
                ]
            }
        ]
    },
    {
        "user": "U046FLCDE1M",
        "type": "message",
        "ts": "1705441094.841219",
        "client_msg_id": "152265e7-13d7-43d2-9e2e-85602ba6af43",
        "text": "I will be in class during the interviews!",
        "team": "T1T85P197",
        "user_team": "T1T85P197",
        "source_team": "T1T85P197",
        "user_profile": {
            "avatar_hash": "g15375709aa0",
            "image_72": "https:\/\/secure.gravatar.com\/avatar\/15375709aa0de5f6bbc233d2d9f43eda.jpg?s=72&d=https%3A%2F%2Fa.slack-edge.com%2Fdf10d%2Fimg%2Favatars%2Fava_0025-72.png",
            "first_name": "Maddie",
            "real_name": "Maddie Bunger",
            "display_name": "Maddie Bunger",
            "team": "T1T85P197",
            "name": "mjbt88",
            "is_restricted": false,
            "is_ultra_restricted": false
        },
        "thread_ts": "1705440377.388309",
        "parent_user_id": "U010N31RYMV",
        "blocks": [
            {
                "type": "rich_text",
                "block_id": "w9M7G",
                "elements": [
                    {
                        "type": "rich_text_section",
                        "elements": [
                            {
                                "type": "text",
                                "text": "I will be in class during the interviews!"
                            }
                        ]
                    }
                ]
            }
        ]
    },
    {
        "user": "U010N31RYMV",
        "type": "message",
        "ts": "1705441234.889839",
        "client_msg_id": "f6d118be-032a-430c-bf1a-52d04ec0853c",
        "text": "*GLORY ZOOM LINK:* oin Zoom Meeting\n<https:\/\/umsystem.zoom.us\/j\/94068201745?pwd=TTJPc3Y0VTNFYThPS0xWWXFXVGYyZz09>\n\nMeeting ID: 940 6820 1745\nPasscode: 743753",
        "team": "T1T85P197",
        "user_team": "T1T85P197",
        "source_team": "T1T85P197",
        "user_profile": {
            "avatar_hash": "084d1d915961",
            "image_72": "https:\/\/avatars.slack-edge.com\/2021-06-11\/2162938824690_084d1d915961fd2a1fcb_72.png",
            "first_name": "",
            "real_name": "David Schulz",
            "display_name": "David Schulz",
            "team": "T1T85P197",
            "name": "schulzd",
            "is_restricted": false,
            "is_ultra_restricted": false
        },
        "blocks": [
            {
                "type": "rich_text",
                "block_id": "jwABX",
                "elements": [
                    {
                        "type": "rich_text_section",
                        "elements": [
                            {
                                "type": "text",
                                "text": "GLORY ZOOM LINK: ",
                                "style": {
                                    "bold": true
                                }
                            },
                            {
                                "type": "text",
                                "text": "oin Zoom Meeting\n"
                            },
                            {
                                "type": "link",
                                "url": "https:\/\/umsystem.zoom.us\/j\/94068201745?pwd=TTJPc3Y0VTNFYThPS0xWWXFXVGYyZz09"
                            },
                            {
                                "type": "text",
                                "text": "\n\nMeeting ID: 940 6820 1745\nPasscode: 743753"
                            }
                        ]
                    }
                ]
            }
        ]
    },
    {
        "user": "U010N31RYMV",
        "type": "message",
        "ts": "1705447607.411219",
        "client_msg_id": "726d5c83-32b0-42c8-b960-41fe522265e8",
        "text": "One more thing!  Josie is leaving Friday morning. Anyone available for dinner or social hour or something Thursday evening??",
        "team": "T1T85P197",
        "user_team": "T1T85P197",
        "source_team": "T1T85P197",
        "user_profile": {
            "avatar_hash": "084d1d915961",
            "image_72": "https:\/\/avatars.slack-edge.com\/2021-06-11\/2162938824690_084d1d915961fd2a1fcb_72.png",
            "first_name": "",
            "real_name": "David Schulz",
            "display_name": "David Schulz",
            "team": "T1T85P197",
            "name": "schulzd",
            "is_restricted": false,
            "is_ultra_restricted": false
        },
        "blocks": [
            {
                "type": "rich_text",
                "block_id": "+Pea4",
                "elements": [
                    {
                        "type": "rich_text_section",
                        "elements": [
                            {
                                "type": "text",
                                "text": "One more thing!  Josie is leaving Friday morning. Anyone available for dinner or social hour or something Thursday evening??"
                            }
                        ]
                    }
                ]
            }
        ]
    },
    {
        "user": "U02D68LLBAQ",
        "type": "message",
        "ts": "1705447792.798759",
        "client_msg_id": "501939d9-bb2f-4ada-b9c6-cd5b5257c160",
        "text": "I'll be available after 5pm on Thursday",
        "team": "T1T85P197",
        "user_team": "T1T85P197",
        "source_team": "T1T85P197",
        "user_profile": {
            "avatar_hash": "gb96e34dee9e",
            "image_72": "https:\/\/secure.gravatar.com\/avatar\/b96e34dee9ededc7a4375e8c8aed1dec.jpg?s=72&d=https%3A%2F%2Fa.slack-edge.com%2Fdf10d%2Fimg%2Favatars%2Fava_0002-72.png",
            "first_name": "Arturo",
            "real_name": "Arturo Rosete",
            "display_name": "",
            "team": "T1T85P197",
            "name": "arrrx423",
            "is_restricted": false,
            "is_ultra_restricted": false
        },
        "blocks": [
            {
                "type": "rich_text",
                "block_id": "azgDe",
                "elements": [
                    {
                        "type": "rich_text_section",
                        "elements": [
                            {
                                "type": "text",
                                "text": "I'll be available after 5pm on Thursday"
                            }
                        ]
                    }
                ]
            }
        ]
    },
    {
        "user": "U0112A19YFN",
        "type": "message",
        "ts": "1705447985.857239",
        "client_msg_id": "1418DCB3-C0F8-43A5-9947-8F36CB87B13B",
        "text": "I’m available after 3:50",
        "team": "T1T85P197",
        "user_team": "T1T85P197",
        "source_team": "T1T85P197",
        "user_profile": {
            "avatar_hash": "82931094ef90",
            "image_72": "https:\/\/avatars.slack-edge.com\/2022-06-17\/3708168624352_82931094ef904079310a_72.jpg",
            "first_name": "",
            "real_name": "Sherryl",
            "display_name": "Sherryl",
            "team": "T1T85P197",
            "name": "sherryl.henderson",
            "is_restricted": false,
            "is_ultra_restricted": false
        },
        "blocks": [
            {
                "type": "rich_text",
                "block_id": "yysmS",
                "elements": [
                    {
                        "type": "rich_text_section",
                        "elements": [
                            {
                                "type": "text",
                                "text": "I’m"
                            },
                            {
                                "type": "text",
                                "text": " available after 3:50"
                            }
                        ]
                    }
                ]
            }
        ]
    }
]