[
    {
        "user": "U01328S2P1T",
        "type": "message",
        "ts": "1710092078.156319",
        "client_msg_id": "BE9F7F66-62AE-47C3-8719-D543B3B0B73A",
        "text": "Happy birthday Arturo! Hope you have a special day!!",
        "team": "T1T85P197",
        "user_team": "T1T85P197",
        "source_team": "T1T85P197",
        "user_profile": {
            "avatar_hash": "ge9bf912b3db",
            "image_72": "https:\/\/secure.gravatar.com\/avatar\/e9bf912b3dbb6c12aeec164626223450.jpg?s=72&d=https%3A%2F%2Fa.slack-edge.com%2Fdf10d%2Fimg%2Favatars%2Fava_0017-72.png",
            "first_name": "Virginia",
            "real_name": "Virginia B Garcia",
            "display_name": "Ginny",
            "team": "T1T85P197",
            "name": "garciav",
            "is_restricted": false,
            "is_ultra_restricted": false
        },
        "blocks": [
            {
                "type": "rich_text",
                "block_id": "MIkZr",
                "elements": [
                    {
                        "type": "rich_text_section",
                        "elements": [
                            {
                                "type": "text",
                                "text": "Happy birthday Arturo! Hope you have a special day!!"
                            }
                        ]
                    }
                ]
            }
        ]
    },
    {
        "user": "U010N31RYMV",
        "type": "message",
        "ts": "1710092211.341149",
        "client_msg_id": "D77C1864-45E4-4501-A3B7-F8B9947D321C",
        "text": "Woohoo!! Happy birthday!!",
        "team": "T1T85P197",
        "user_team": "T1T85P197",
        "source_team": "T1T85P197",
        "user_profile": {
            "avatar_hash": "084d1d915961",
            "image_72": "https:\/\/avatars.slack-edge.com\/2021-06-11\/2162938824690_084d1d915961fd2a1fcb_72.png",
            "first_name": "",
            "real_name": "David Schulz",
            "display_name": "David Schulz",
            "team": "T1T85P197",
            "name": "schulzd",
            "is_restricted": false,
            "is_ultra_restricted": false
        },
        "blocks": [
            {
                "type": "rich_text",
                "block_id": "Btny6",
                "elements": [
                    {
                        "type": "rich_text_section",
                        "elements": [
                            {
                                "type": "text",
                                "text": "Woohoo"
                            },
                            {
                                "type": "text",
                                "text": "!"
                            },
                            {
                                "type": "text",
                                "text": "! Happy birthday"
                            },
                            {
                                "type": "text",
                                "text": "!"
                            },
                            {
                                "type": "text",
                                "text": "!"
                            }
                        ]
                    }
                ]
            }
        ]
    },
    {
        "user": "U02D68LLBAQ",
        "type": "message",
        "ts": "1710092256.853699",
        "client_msg_id": "a4f0c212-d75e-4d91-975f-3fe66a0a7c4f",
        "text": "Thank you all! :blush:",
        "team": "T1T85P197",
        "user_team": "T1T85P197",
        "source_team": "T1T85P197",
        "user_profile": {
            "avatar_hash": "gb96e34dee9e",
            "image_72": "https:\/\/secure.gravatar.com\/avatar\/b96e34dee9ededc7a4375e8c8aed1dec.jpg?s=72&d=https%3A%2F%2Fa.slack-edge.com%2Fdf10d%2Fimg%2Favatars%2Fava_0002-72.png",
            "first_name": "Arturo",
            "real_name": "Arturo Rosete",
            "display_name": "",
            "team": "T1T85P197",
            "name": "arrrx423",
            "is_restricted": false,
            "is_ultra_restricted": false
        },
        "blocks": [
            {
                "type": "rich_text",
                "block_id": "R5WTc",
                "elements": [
                    {
                        "type": "rich_text_section",
                        "elements": [
                            {
                                "type": "text",
                                "text": "Thank you all! "
                            },
                            {
                                "type": "emoji",
                                "name": "blush",
                                "unicode": "1f60a"
                            }
                        ]
                    }
                ]
            }
        ]
    },
    {
        "user": "U0112A19YFN",
        "type": "message",
        "ts": "1710093396.785919",
        "client_msg_id": "0EC4343B-5CAA-4C32-93EB-E9DB75EE8E81",
        "text": "Happy day of womb freedom :confetti_ball: ",
        "team": "T1T85P197",
        "user_team": "T1T85P197",
        "source_team": "T1T85P197",
        "user_profile": {
            "avatar_hash": "82931094ef90",
            "image_72": "https:\/\/avatars.slack-edge.com\/2022-06-17\/3708168624352_82931094ef904079310a_72.jpg",
            "first_name": "",
            "real_name": "Sherryl",
            "display_name": "Sherryl",
            "team": "T1T85P197",
            "name": "sherryl.henderson",
            "is_restricted": false,
            "is_ultra_restricted": false
        },
        "blocks": [
            {
                "type": "rich_text",
                "block_id": "tQe2W",
                "elements": [
                    {
                        "type": "rich_text_section",
                        "elements": [
                            {
                                "type": "text",
                                "text": "Happy day of womb freedom "
                            },
                            {
                                "type": "emoji",
                                "name": "confetti_ball",
                                "unicode": "1f38a"
                            },
                            {
                                "type": "text",
                                "text": " "
                            }
                        ]
                    }
                ]
            }
        ],
        "reactions": [
            {
                "name": "rolling_on_the_floor_laughing",
                "users": [
                    "U02D68LLBAQ"
                ],
                "count": 1
            }
        ]
    },
    {
        "user": "U04P7HHG12S",
        "type": "message",
        "ts": "1710099510.072759",
        "client_msg_id": "4E453B0E-ED27-4CCC-B9FC-3A29B9BDBA84",
        "text": "Happy birthday Art!! :partying_face: :smile: ",
        "team": "T1T85P197",
        "user_team": "T1T85P197",
        "source_team": "T1T85P197",
        "user_profile": {
            "avatar_hash": "ge1de410d147",
            "image_72": "https:\/\/secure.gravatar.com\/avatar\/e1de410d147a0c41079dd26abb490f2b.jpg?s=72&d=https%3A%2F%2Fa.slack-edge.com%2Fdf10d%2Fimg%2Favatars%2Fava_0018-72.png",
            "first_name": "Akira",
            "real_name": "Akira",
            "display_name": "Akira",
            "team": "T1T85P197",
            "name": "amclemons408",
            "is_restricted": false,
            "is_ultra_restricted": false
        },
        "blocks": [
            {
                "type": "rich_text",
                "block_id": "h57AU",
                "elements": [
                    {
                        "type": "rich_text_section",
                        "elements": [
                            {
                                "type": "text",
                                "text": "Happy birthday Art!! "
                            },
                            {
                                "type": "emoji",
                                "name": "partying_face",
                                "unicode": "1f973"
                            },
                            {
                                "type": "text",
                                "text": " "
                            },
                            {
                                "type": "emoji",
                                "name": "smile",
                                "unicode": "1f604"
                            },
                            {
                                "type": "text",
                                "text": " "
                            }
                        ]
                    }
                ]
            }
        ]
    },
    {
        "user": "U02D68LLBAQ",
        "type": "message",
        "ts": "1710099955.868389",
        "client_msg_id": "e02f027f-3a2a-4e3b-a968-1c15355786fc",
        "text": "Thank you!:grin:",
        "team": "T1T85P197",
        "user_team": "T1T85P197",
        "source_team": "T1T85P197",
        "user_profile": {
            "avatar_hash": "gb96e34dee9e",
            "image_72": "https:\/\/secure.gravatar.com\/avatar\/b96e34dee9ededc7a4375e8c8aed1dec.jpg?s=72&d=https%3A%2F%2Fa.slack-edge.com%2Fdf10d%2Fimg%2Favatars%2Fava_0002-72.png",
            "first_name": "Arturo",
            "real_name": "Arturo Rosete",
            "display_name": "",
            "team": "T1T85P197",
            "name": "arrrx423",
            "is_restricted": false,
            "is_ultra_restricted": false
        },
        "blocks": [
            {
                "type": "rich_text",
                "block_id": "X4Khj",
                "elements": [
                    {
                        "type": "rich_text_section",
                        "elements": [
                            {
                                "type": "text",
                                "text": "Thank you!"
                            },
                            {
                                "type": "emoji",
                                "name": "grin",
                                "unicode": "1f601"
                            }
                        ]
                    }
                ]
            }
        ]
    },
    {
        "user": "U06MY7EGQF3",
        "type": "message",
        "ts": "1710116063.991589",
        "client_msg_id": "5BFB32D3-7C22-4A67-9EB7-54912599780D",
        "text": "NO WAY we are birthday twins Art!! Happy birthday :tada: ",
        "team": "T1T85P197",
        "user_team": "T1T85P197",
        "source_team": "T1T85P197",
        "user_profile": {
            "avatar_hash": "g29eb1843000",
            "image_72": "https:\/\/secure.gravatar.com\/avatar\/29eb1843000e505619e18a6a338ee8b6.jpg?s=72&d=https%3A%2F%2Fa.slack-edge.com%2Fdf10d%2Fimg%2Favatars%2Fava_0001-72.png",
            "first_name": "Archer",
            "real_name": "Archer Beckerdite",
            "display_name": "Archer",
            "team": "T1T85P197",
            "name": "ambd88",
            "is_restricted": false,
            "is_ultra_restricted": false
        },
        "blocks": [
            {
                "type": "rich_text",
                "block_id": "+GXlJ",
                "elements": [
                    {
                        "type": "rich_text_section",
                        "elements": [
                            {
                                "type": "text",
                                "text": "NO WAY we are birthday twins Art!! Happy birthday "
                            },
                            {
                                "type": "emoji",
                                "name": "tada",
                                "unicode": "1f389"
                            },
                            {
                                "type": "text",
                                "text": " "
                            }
                        ]
                    }
                ]
            }
        ]
    },
    {
        "user": "U0112A19YFN",
        "type": "message",
        "ts": "1710116121.816969",
        "client_msg_id": "4129E6A0-B13A-49D2-87BF-AFC916CE7326",
        "text": "A happy womb freedom day to you too Archer :tada: ",
        "team": "T1T85P197",
        "user_team": "T1T85P197",
        "source_team": "T1T85P197",
        "user_profile": {
            "avatar_hash": "82931094ef90",
            "image_72": "https:\/\/avatars.slack-edge.com\/2022-06-17\/3708168624352_82931094ef904079310a_72.jpg",
            "first_name": "",
            "real_name": "Sherryl",
            "display_name": "Sherryl",
            "team": "T1T85P197",
            "name": "sherryl.henderson",
            "is_restricted": false,
            "is_ultra_restricted": false
        },
        "blocks": [
            {
                "type": "rich_text",
                "block_id": "w1nMu",
                "elements": [
                    {
                        "type": "rich_text_section",
                        "elements": [
                            {
                                "type": "text",
                                "text": "A happy womb freedom day to you too Archer "
                            },
                            {
                                "type": "emoji",
                                "name": "tada",
                                "unicode": "1f389"
                            },
                            {
                                "type": "text",
                                "text": " "
                            }
                        ]
                    }
                ]
            }
        ]
    },
    {
        "user": "U02D68LLBAQ",
        "type": "message",
        "ts": "1710116390.244719",
        "client_msg_id": "6cd27638-2c05-46f2-a546-fecd89058d4a",
        "text": "That is cool! Happy birthday Archer! :rolling_on_the_floor_laughing:",
        "team": "T1T85P197",
        "user_team": "T1T85P197",
        "source_team": "T1T85P197",
        "user_profile": {
            "avatar_hash": "gb96e34dee9e",
            "image_72": "https:\/\/secure.gravatar.com\/avatar\/b96e34dee9ededc7a4375e8c8aed1dec.jpg?s=72&d=https%3A%2F%2Fa.slack-edge.com%2Fdf10d%2Fimg%2Favatars%2Fava_0002-72.png",
            "first_name": "Arturo",
            "real_name": "Arturo Rosete",
            "display_name": "",
            "team": "T1T85P197",
            "name": "arrrx423",
            "is_restricted": false,
            "is_ultra_restricted": false
        },
        "blocks": [
            {
                "type": "rich_text",
                "block_id": "AL1p2",
                "elements": [
                    {
                        "type": "rich_text_section",
                        "elements": [
                            {
                                "type": "text",
                                "text": "That is cool! Happy birthday Archer! "
                            },
                            {
                                "type": "emoji",
                                "name": "rolling_on_the_floor_laughing",
                                "unicode": "1f923"
                            }
                        ]
                    }
                ]
            }
        ]
    },
    {
        "text": "<@U02D68LLBAQ> ",
        "files": [
            {
                "id": "F06NTKPBZ5H",
                "created": 1710116400,
                "timestamp": 1710116400,
                "name": "IMG_9365.jpg",
                "title": "IMG_9365",
                "mimetype": "image\/jpeg",
                "filetype": "jpg",
                "pretty_type": "JPEG",
                "user": "U0103JSQYLB",
                "user_team": "T1T85P197",
                "editable": false,
                "size": 86054,
                "mode": "hosted",
                "is_external": false,
                "external_type": "",
                "is_public": true,
                "public_url_shared": false,
                "display_as_bot": false,
                "username": "",
                "url_private": "https:\/\/files.slack.com\/files-pri\/T1T85P197-F06NTKPBZ5H\/img_9365.jpg?t=xoxe-61277783313-6938219705459-6931704589846-f9456fee8056b431d8cc920b3927c14d",
                "url_private_download": "https:\/\/files.slack.com\/files-pri\/T1T85P197-F06NTKPBZ5H\/download\/img_9365.jpg?t=xoxe-61277783313-6938219705459-6931704589846-f9456fee8056b431d8cc920b3927c14d",
                "media_display_type": "unknown",
                "thumb_64": "https:\/\/files.slack.com\/files-tmb\/T1T85P197-F06NTKPBZ5H-25f2e8bde0\/img_9365_64.jpg?t=xoxe-61277783313-6938219705459-6931704589846-f9456fee8056b431d8cc920b3927c14d",
                "thumb_80": "https:\/\/files.slack.com\/files-tmb\/T1T85P197-F06NTKPBZ5H-25f2e8bde0\/img_9365_80.jpg?t=xoxe-61277783313-6938219705459-6931704589846-f9456fee8056b431d8cc920b3927c14d",
                "thumb_360": "https:\/\/files.slack.com\/files-tmb\/T1T85P197-F06NTKPBZ5H-25f2e8bde0\/img_9365_360.jpg?t=xoxe-61277783313-6938219705459-6931704589846-f9456fee8056b431d8cc920b3927c14d",
                "thumb_360_w": 360,
                "thumb_360_h": 270,
                "thumb_480": "https:\/\/files.slack.com\/files-tmb\/T1T85P197-F06NTKPBZ5H-25f2e8bde0\/img_9365_480.jpg?t=xoxe-61277783313-6938219705459-6931704589846-f9456fee8056b431d8cc920b3927c14d",
                "thumb_480_w": 480,
                "thumb_480_h": 361,
                "thumb_160": "https:\/\/files.slack.com\/files-tmb\/T1T85P197-F06NTKPBZ5H-25f2e8bde0\/img_9365_160.jpg?t=xoxe-61277783313-6938219705459-6931704589846-f9456fee8056b431d8cc920b3927c14d",
                "thumb_720": "https:\/\/files.slack.com\/files-tmb\/T1T85P197-F06NTKPBZ5H-25f2e8bde0\/img_9365_720.jpg?t=xoxe-61277783313-6938219705459-6931704589846-f9456fee8056b431d8cc920b3927c14d",
                "thumb_720_w": 720,
                "thumb_720_h": 541,
                "thumb_800": "https:\/\/files.slack.com\/files-tmb\/T1T85P197-F06NTKPBZ5H-25f2e8bde0\/img_9365_800.jpg?t=xoxe-61277783313-6938219705459-6931704589846-f9456fee8056b431d8cc920b3927c14d",
                "thumb_800_w": 800,
                "thumb_800_h": 601,
                "thumb_960": "https:\/\/files.slack.com\/files-tmb\/T1T85P197-F06NTKPBZ5H-25f2e8bde0\/img_9365_960.jpg?t=xoxe-61277783313-6938219705459-6931704589846-f9456fee8056b431d8cc920b3927c14d",
                "thumb_960_w": 960,
                "thumb_960_h": 721,
                "thumb_1024": "https:\/\/files.slack.com\/files-tmb\/T1T85P197-F06NTKPBZ5H-25f2e8bde0\/img_9365_1024.jpg?t=xoxe-61277783313-6938219705459-6931704589846-f9456fee8056b431d8cc920b3927c14d",
                "thumb_1024_w": 1024,
                "thumb_1024_h": 769,
                "original_w": 1170,
                "original_h": 879,
                "thumb_tiny": "AwAkADDMHWrIVm6Amqw61fiAERbdhhyBQAsMKtkMMsD0z0pDEMOExgetCjf8zKTnr\/n86V\/lAIB9GoHcr4I7Gq56mr85XaoTIz1qgepoEA61pRmLyeduQOfrWaOtWkbbmgaZKhIJBJ29jQxJcbCWHU0NcBiuV4HWk88IxMY4PrQGg+eVTEAOpP5VnHqasli3U981WPU0A3cB1qxVcdasUCCiiigAquepqxVc9TQB\/9k=",
                "permalink": "https:\/\/schulzlab.slack.com\/files\/U0103JSQYLB\/F06NTKPBZ5H\/img_9365.jpg",
                "permalink_public": "https:\/\/slack-files.com\/T1T85P197-F06NTKPBZ5H-e38b92c6a9",
                "is_starred": false,
                "has_rich_preview": false,
                "file_access": "visible"
            }
        ],
        "upload": false,
        "user": "U0103JSQYLB",
        "display_as_bot": false,
        "blocks": [
            {
                "type": "rich_text",
                "block_id": "qDHVI",
                "elements": [
                    {
                        "type": "rich_text_section",
                        "elements": [
                            {
                                "type": "user",
                                "user_id": "U02D68LLBAQ"
                            },
                            {
                                "type": "text",
                                "text": " "
                            }
                        ]
                    }
                ]
            }
        ],
        "type": "message",
        "ts": "1710116407.813609",
        "client_msg_id": "A9F57264-194D-40B7-B646-DBF28E8ABB9D"
    },
    {
        "user": "U046FLCDE1M",
        "type": "message",
        "ts": "1710116477.218129",
        "client_msg_id": "8B73D074-0E9A-4852-B28A-7E1B8F48D020",
        "text": "Happy birthday Art and Archer! I hope you both had an amazing day! ",
        "team": "T1T85P197",
        "user_team": "T1T85P197",
        "source_team": "T1T85P197",
        "user_profile": {
            "avatar_hash": "g15375709aa0",
            "image_72": "https:\/\/secure.gravatar.com\/avatar\/15375709aa0de5f6bbc233d2d9f43eda.jpg?s=72&d=https%3A%2F%2Fa.slack-edge.com%2Fdf10d%2Fimg%2Favatars%2Fava_0025-72.png",
            "first_name": "Maddie",
            "real_name": "Maddie Bunger",
            "display_name": "Maddie Bunger",
            "team": "T1T85P197",
            "name": "mjbt88",
            "is_restricted": false,
            "is_ultra_restricted": false
        },
        "blocks": [
            {
                "type": "rich_text",
                "block_id": "\/InaL",
                "elements": [
                    {
                        "type": "rich_text_section",
                        "elements": [
                            {
                                "type": "text",
                                "text": "Happy birthday Art and Archer! I hope you both had an amazing day! "
                            }
                        ]
                    }
                ]
            }
        ]
    },
    {
        "user": "U02D68LLBAQ",
        "type": "message",
        "ts": "1710116491.295519",
        "client_msg_id": "51ff9736-7415-4720-92d7-fb73612b5455",
        "text": ":rolling_on_the_floor_laughing:",
        "team": "T1T85P197",
        "user_team": "T1T85P197",
        "source_team": "T1T85P197",
        "user_profile": {
            "avatar_hash": "gb96e34dee9e",
            "image_72": "https:\/\/secure.gravatar.com\/avatar\/b96e34dee9ededc7a4375e8c8aed1dec.jpg?s=72&d=https%3A%2F%2Fa.slack-edge.com%2Fdf10d%2Fimg%2Favatars%2Fava_0002-72.png",
            "first_name": "Arturo",
            "real_name": "Arturo Rosete",
            "display_name": "",
            "team": "T1T85P197",
            "name": "arrrx423",
            "is_restricted": false,
            "is_ultra_restricted": false
        },
        "blocks": [
            {
                "type": "rich_text",
                "block_id": "5D3gV",
                "elements": [
                    {
                        "type": "rich_text_section",
                        "elements": [
                            {
                                "type": "emoji",
                                "name": "rolling_on_the_floor_laughing",
                                "unicode": "1f923"
                            }
                        ]
                    }
                ]
            }
        ]
    },
    {
        "user": "U01328S2P1T",
        "type": "message",
        "ts": "1710120036.847299",
        "client_msg_id": "2C9E8468-0A83-484E-8587-02E0D2ABA8B9",
        "text": "Well happy birthday to Archer as well! Big day in the Schulz lab. Josie has arrived and is settled in at her Airbnb. She plans to join us for lab meeting tomorrow wherever that may be. Otherwise, she probably won’t start with actual lab work until Tuesday. She has a few assignments to work on. ",
        "team": "T1T85P197",
        "user_team": "T1T85P197",
        "source_team": "T1T85P197",
        "user_profile": {
            "avatar_hash": "ge9bf912b3db",
            "image_72": "https:\/\/secure.gravatar.com\/avatar\/e9bf912b3dbb6c12aeec164626223450.jpg?s=72&d=https%3A%2F%2Fa.slack-edge.com%2Fdf10d%2Fimg%2Favatars%2Fava_0017-72.png",
            "first_name": "Virginia",
            "real_name": "Virginia B Garcia",
            "display_name": "Ginny",
            "team": "T1T85P197",
            "name": "garciav",
            "is_restricted": false,
            "is_ultra_restricted": false
        },
        "blocks": [
            {
                "type": "rich_text",
                "block_id": "LPWqX",
                "elements": [
                    {
                        "type": "rich_text_section",
                        "elements": [
                            {
                                "type": "text",
                                "text": "Well happy birthday to Archer as well! Big day in the Schulz lab"
                            },
                            {
                                "type": "text",
                                "text": "."
                            },
                            {
                                "type": "text",
                                "text": " Josie has arrived and is settled in at her Airbnb"
                            },
                            {
                                "type": "text",
                                "text": "."
                            },
                            {
                                "type": "text",
                                "text": " She plans to join us for lab meeting tomorrow wherever that may be"
                            },
                            {
                                "type": "text",
                                "text": "."
                            },
                            {
                                "type": "text",
                                "text": " Otherwise, she probably "
                            },
                            {
                                "type": "text",
                                "text": "won’t"
                            },
                            {
                                "type": "text",
                                "text": " start with actual lab work until Tuesday"
                            },
                            {
                                "type": "text",
                                "text": "."
                            },
                            {
                                "type": "text",
                                "text": " She has a few assignments to work on"
                            },
                            {
                                "type": "text",
                                "text": "."
                            },
                            {
                                "type": "text",
                                "text": " "
                            }
                        ]
                    }
                ]
            }
        ]
    }
]