[
    {
        "user": "U010N31RYMV",
        "type": "message",
        "ts": "1709328786.726039",
        "client_msg_id": "6063cdfe-112c-4e6b-82e4-1ff1cd428c88",
        "text": "I'd also like to welcome Archer Beckerdite to the lab. Archer is a freshman who will be joining team leech. He's a legacy - his older sister Abby worked in the lab and was super.",
        "team": "T1T85P197",
        "user_team": "T1T85P197",
        "source_team": "T1T85P197",
        "user_profile": {
            "avatar_hash": "084d1d915961",
            "image_72": "https:\/\/avatars.slack-edge.com\/2021-06-11\/2162938824690_084d1d915961fd2a1fcb_72.png",
            "first_name": "",
            "real_name": "David Schulz",
            "display_name": "David Schulz",
            "team": "T1T85P197",
            "name": "schulzd",
            "is_restricted": false,
            "is_ultra_restricted": false
        },
        "blocks": [
            {
                "type": "rich_text",
                "block_id": "rdwDM",
                "elements": [
                    {
                        "type": "rich_text_section",
                        "elements": [
                            {
                                "type": "text",
                                "text": "I'd also like to welcome Archer Beckerdite to the lab. Archer is a freshman who will be joining team leech. He's a legacy - his older sister Abby worked in the lab and was super."
                            }
                        ]
                    }
                ]
            }
        ],
        "reactions": [
            {
                "name": "+1",
                "users": [
                    "U04P7HHG12S"
                ],
                "count": 1
            },
            {
                "name": "smile",
                "users": [
                    "U04P7HHG12S"
                ],
                "count": 1
            }
        ]
    },
    {
        "user": "U02D68LLBAQ",
        "type": "message",
        "ts": "1709328867.372199",
        "client_msg_id": "09b3bee1-e069-431d-af10-10c66cf71d0b",
        "text": "Welcome Archer!!!l:clap:",
        "team": "T1T85P197",
        "user_team": "T1T85P197",
        "source_team": "T1T85P197",
        "user_profile": {
            "avatar_hash": "gb96e34dee9e",
            "image_72": "https:\/\/secure.gravatar.com\/avatar\/b96e34dee9ededc7a4375e8c8aed1dec.jpg?s=72&d=https%3A%2F%2Fa.slack-edge.com%2Fdf10d%2Fimg%2Favatars%2Fava_0002-72.png",
            "first_name": "Arturo",
            "real_name": "Arturo Rosete",
            "display_name": "",
            "team": "T1T85P197",
            "name": "arrrx423",
            "is_restricted": false,
            "is_ultra_restricted": false
        },
        "blocks": [
            {
                "type": "rich_text",
                "block_id": "OrH4H",
                "elements": [
                    {
                        "type": "rich_text_section",
                        "elements": [
                            {
                                "type": "text",
                                "text": "Welcome Archer!!!l"
                            },
                            {
                                "type": "emoji",
                                "name": "clap",
                                "unicode": "1f44f"
                            }
                        ]
                    }
                ]
            }
        ]
    },
    {
        "user": "U04P7HHG12S",
        "type": "message",
        "ts": "1709328940.173829",
        "client_msg_id": "C7533CD6-DCCC-4CFF-B33D-C69306632DF6",
        "text": "Welcome!! :partying_face: ",
        "team": "T1T85P197",
        "user_team": "T1T85P197",
        "source_team": "T1T85P197",
        "user_profile": {
            "avatar_hash": "ge1de410d147",
            "image_72": "https:\/\/secure.gravatar.com\/avatar\/e1de410d147a0c41079dd26abb490f2b.jpg?s=72&d=https%3A%2F%2Fa.slack-edge.com%2Fdf10d%2Fimg%2Favatars%2Fava_0018-72.png",
            "first_name": "Akira",
            "real_name": "Akira",
            "display_name": "Akira",
            "team": "T1T85P197",
            "name": "amclemons408",
            "is_restricted": false,
            "is_ultra_restricted": false
        },
        "blocks": [
            {
                "type": "rich_text",
                "block_id": "m3ojx",
                "elements": [
                    {
                        "type": "rich_text_section",
                        "elements": [
                            {
                                "type": "text",
                                "text": "Welcome!! "
                            },
                            {
                                "type": "emoji",
                                "name": "partying_face",
                                "unicode": "1f973"
                            },
                            {
                                "type": "text",
                                "text": " "
                            }
                        ]
                    }
                ]
            }
        ]
    },
    {
        "user": "U010N31RYMV",
        "type": "message",
        "ts": "1709330830.293909",
        "client_msg_id": "eedbcd24-d74a-4d11-872b-2085b3bd71c5",
        "text": "A reminder that we have grad recruiting visits next week.  Glory will be here for dinner Monday and we will see her for multiple events Tuesday. Also plan to meet Brooke on Tuesday as we discussed. Thanks!",
        "team": "T1T85P197",
        "user_team": "T1T85P197",
        "source_team": "T1T85P197",
        "user_profile": {
            "avatar_hash": "084d1d915961",
            "image_72": "https:\/\/avatars.slack-edge.com\/2021-06-11\/2162938824690_084d1d915961fd2a1fcb_72.png",
            "first_name": "",
            "real_name": "David Schulz",
            "display_name": "David Schulz",
            "team": "T1T85P197",
            "name": "schulzd",
            "is_restricted": false,
            "is_ultra_restricted": false
        },
        "blocks": [
            {
                "type": "rich_text",
                "block_id": "p+729",
                "elements": [
                    {
                        "type": "rich_text_section",
                        "elements": [
                            {
                                "type": "text",
                                "text": "A reminder that we have grad recruiting visits next week.  Glory will be here for dinner Monday and we will see her for multiple events Tuesday. Also plan to meet Brooke on Tuesday as we discussed. Thanks!"
                            }
                        ]
                    }
                ]
            }
        ],
        "reactions": [
            {
                "name": "+1",
                "users": [
                    "U02D68LLBAQ"
                ],
                "count": 1
            }
        ]
    },
    {
        "subtype": "channel_join",
        "user": "U06MY7EGQF3",
        "text": "<@U06MY7EGQF3> has joined the channel",
        "type": "message",
        "ts": "1709346056.605439"
    },
    {
        "user": "U01328S2P1T",
        "type": "message",
        "ts": "1709346179.278269",
        "client_msg_id": "DB4248C3-568F-4DCB-AB95-9AC161231EDE",
        "text": "Welcome Archer!",
        "team": "T1T85P197",
        "user_team": "T1T85P197",
        "source_team": "T1T85P197",
        "user_profile": {
            "avatar_hash": "ge9bf912b3db",
            "image_72": "https:\/\/secure.gravatar.com\/avatar\/e9bf912b3dbb6c12aeec164626223450.jpg?s=72&d=https%3A%2F%2Fa.slack-edge.com%2Fdf10d%2Fimg%2Favatars%2Fava_0017-72.png",
            "first_name": "Virginia",
            "real_name": "Virginia B Garcia",
            "display_name": "Ginny",
            "team": "T1T85P197",
            "name": "garciav",
            "is_restricted": false,
            "is_ultra_restricted": false
        },
        "blocks": [
            {
                "type": "rich_text",
                "block_id": "vEH8N",
                "elements": [
                    {
                        "type": "rich_text_section",
                        "elements": [
                            {
                                "type": "text",
                                "text": "Welcome Archer!"
                            }
                        ]
                    }
                ]
            }
        ]
    }
]