[
    {
        "user": "U010N31RYMV",
        "type": "message",
        "ts": "1711026632.876019",
        "client_msg_id": "584F6005-53D4-4E42-A2C7-F2EB9AB887C9",
        "text": "How about a little happy hour action this evening to send Josie on her way. She’s only with us one more day. Anyone available this evening? Maybe around 5:30?",
        "team": "T1T85P197",
        "user_team": "T1T85P197",
        "source_team": "T1T85P197",
        "user_profile": {
            "avatar_hash": "084d1d915961",
            "image_72": "https:\/\/avatars.slack-edge.com\/2021-06-11\/2162938824690_084d1d915961fd2a1fcb_72.png",
            "first_name": "",
            "real_name": "David Schulz",
            "display_name": "David Schulz",
            "team": "T1T85P197",
            "name": "schulzd",
            "is_restricted": false,
            "is_ultra_restricted": false
        },
        "blocks": [
            {
                "type": "rich_text",
                "block_id": "V6Jur",
                "elements": [
                    {
                        "type": "rich_text_section",
                        "elements": [
                            {
                                "type": "text",
                                "text": "How about a little happy hour action this evening to send Josie on her way"
                            },
                            {
                                "type": "text",
                                "text": "."
                            },
                            {
                                "type": "text",
                                "text": " "
                            },
                            {
                                "type": "text",
                                "text": "She’s"
                            },
                            {
                                "type": "text",
                                "text": " only with us one more day"
                            },
                            {
                                "type": "text",
                                "text": "."
                            },
                            {
                                "type": "text",
                                "text": " Anyone available this evening? Maybe around 5:30?"
                            }
                        ]
                    }
                ]
            }
        ]
    },
    {
        "user": "U01328S2P1T",
        "type": "message",
        "ts": "1711030585.675699",
        "client_msg_id": "16E8775E-D01C-454B-9501-19D751FC148D",
        "text": "Or 5pm? :stuck_out_tongue_closed_eyes: ",
        "team": "T1T85P197",
        "user_team": "T1T85P197",
        "source_team": "T1T85P197",
        "user_profile": {
            "avatar_hash": "ge9bf912b3db",
            "image_72": "https:\/\/secure.gravatar.com\/avatar\/e9bf912b3dbb6c12aeec164626223450.jpg?s=72&d=https%3A%2F%2Fa.slack-edge.com%2Fdf10d%2Fimg%2Favatars%2Fava_0017-72.png",
            "first_name": "Virginia",
            "real_name": "Virginia B Garcia",
            "display_name": "Ginny",
            "team": "T1T85P197",
            "name": "garciav",
            "is_restricted": false,
            "is_ultra_restricted": false
        },
        "blocks": [
            {
                "type": "rich_text",
                "block_id": "0jZHP",
                "elements": [
                    {
                        "type": "rich_text_section",
                        "elements": [
                            {
                                "type": "text",
                                "text": "Or 5pm? "
                            },
                            {
                                "type": "emoji",
                                "name": "stuck_out_tongue_closed_eyes",
                                "unicode": "1f61d"
                            },
                            {
                                "type": "text",
                                "text": " "
                            }
                        ]
                    }
                ]
            }
        ]
    },
    {
        "user": "U02D68LLBAQ",
        "type": "message",
        "ts": "1711032063.522039",
        "client_msg_id": "d3f5868b-9f2c-48a7-b537-1521e7dccf4f",
        "text": "I have a group meeting at 5:30pm-6:30pm. So 5pm would work for me",
        "team": "T1T85P197",
        "user_team": "T1T85P197",
        "source_team": "T1T85P197",
        "user_profile": {
            "avatar_hash": "gb96e34dee9e",
            "image_72": "https:\/\/secure.gravatar.com\/avatar\/b96e34dee9ededc7a4375e8c8aed1dec.jpg?s=72&d=https%3A%2F%2Fa.slack-edge.com%2Fdf10d%2Fimg%2Favatars%2Fava_0002-72.png",
            "first_name": "Arturo",
            "real_name": "Arturo Rosete",
            "display_name": "",
            "team": "T1T85P197",
            "name": "arrrx423",
            "is_restricted": false,
            "is_ultra_restricted": false
        },
        "blocks": [
            {
                "type": "rich_text",
                "block_id": "EoAry",
                "elements": [
                    {
                        "type": "rich_text_section",
                        "elements": [
                            {
                                "type": "text",
                                "text": "I have a group meeting at 5:30pm-6:30pm. So 5pm would work for me"
                            }
                        ]
                    }
                ]
            }
        ]
    },
    {
        "user": "U04P7HHG12S",
        "type": "message",
        "ts": "1711032072.368809",
        "client_msg_id": "7BBE3211-C186-448E-A5E1-D1C3E94C25FF",
        "text": "I should be! I will have to see with the person who is training me(12-4 should be) ",
        "team": "T1T85P197",
        "user_team": "T1T85P197",
        "source_team": "T1T85P197",
        "user_profile": {
            "avatar_hash": "ge1de410d147",
            "image_72": "https:\/\/secure.gravatar.com\/avatar\/e1de410d147a0c41079dd26abb490f2b.jpg?s=72&d=https%3A%2F%2Fa.slack-edge.com%2Fdf10d%2Fimg%2Favatars%2Fava_0018-72.png",
            "first_name": "Akira",
            "real_name": "Akira",
            "display_name": "Akira",
            "team": "T1T85P197",
            "name": "amclemons408",
            "is_restricted": false,
            "is_ultra_restricted": false
        },
        "blocks": [
            {
                "type": "rich_text",
                "block_id": "gNsEd",
                "elements": [
                    {
                        "type": "rich_text_section",
                        "elements": [
                            {
                                "type": "text",
                                "text": "I should be! I will have to see with the person who is training me(12-4 should be) "
                            }
                        ]
                    }
                ]
            }
        ]
    },
    {
        "user": "U04P7HHG12S",
        "type": "message",
        "ts": "1711032364.231919",
        "client_msg_id": "4F5623A4-00A2-4F42-B1CB-B64696B4FAEF",
        "text": "I just remembered we have weekly meeting a on Thursday at 4 instead of Monday now, and they last about an hour. I no longer know if I will be able to make it, if so, I would be kind of late. :sweat: ",
        "team": "T1T85P197",
        "user_team": "T1T85P197",
        "source_team": "T1T85P197",
        "user_profile": {
            "avatar_hash": "ge1de410d147",
            "image_72": "https:\/\/secure.gravatar.com\/avatar\/e1de410d147a0c41079dd26abb490f2b.jpg?s=72&d=https%3A%2F%2Fa.slack-edge.com%2Fdf10d%2Fimg%2Favatars%2Fava_0018-72.png",
            "first_name": "Akira",
            "real_name": "Akira",
            "display_name": "Akira",
            "team": "T1T85P197",
            "name": "amclemons408",
            "is_restricted": false,
            "is_ultra_restricted": false
        },
        "blocks": [
            {
                "type": "rich_text",
                "block_id": "W5uLg",
                "elements": [
                    {
                        "type": "rich_text_section",
                        "elements": [
                            {
                                "type": "text",
                                "text": "I just remembered we have weekly meeting a on Thursday at 4 instead of Monday now, and they last about an hour"
                            },
                            {
                                "type": "text",
                                "text": "."
                            },
                            {
                                "type": "text",
                                "text": " I no longer know if I will be able to make it, if so, I would be kind of late"
                            },
                            {
                                "type": "text",
                                "text": "."
                            },
                            {
                                "type": "text",
                                "text": " "
                            },
                            {
                                "type": "emoji",
                                "name": "sweat",
                                "unicode": "1f613"
                            },
                            {
                                "type": "text",
                                "text": " "
                            }
                        ]
                    }
                ]
            }
        ]
    },
    {
        "user": "U010N31RYMV",
        "type": "message",
        "ts": "1711039934.456689",
        "client_msg_id": "0779327f-24fc-4d61-9996-efd99cfef0f2",
        "text": "Hi everyone ---- I lied to you this week when I said we would not have lab meeting on the Monday after spring break.  We will, and Arturo will practice his BioLunch talk (which will be the TUESDAY) after spring break. I didn't ask Art if he wanted to do this, but I am sure he'd appreciate the chance to practice. so please plan on attending lab meeting on April 1.",
        "team": "T1T85P197",
        "user_team": "T1T85P197",
        "source_team": "T1T85P197",
        "user_profile": {
            "avatar_hash": "084d1d915961",
            "image_72": "https:\/\/avatars.slack-edge.com\/2021-06-11\/2162938824690_084d1d915961fd2a1fcb_72.png",
            "first_name": "",
            "real_name": "David Schulz",
            "display_name": "David Schulz",
            "team": "T1T85P197",
            "name": "schulzd",
            "is_restricted": false,
            "is_ultra_restricted": false
        },
        "blocks": [
            {
                "type": "rich_text",
                "block_id": "wX1Jj",
                "elements": [
                    {
                        "type": "rich_text_section",
                        "elements": [
                            {
                                "type": "text",
                                "text": "Hi everyone ---- I lied to you this week when I said we would not have lab meeting on the Monday after spring break.  We will, and Arturo will practice his BioLunch talk (which will be the TUESDAY) after spring break. I didn't ask Art if he wanted to do this, but I am sure he'd appreciate the chance to practice. so please plan on attending lab meeting on April 1."
                            }
                        ]
                    }
                ]
            }
        ],
        "reactions": [
            {
                "name": "+1",
                "users": [
                    "U01328S2P1T"
                ],
                "count": 1
            }
        ]
    },
    {
        "user": "U010N31RYMV",
        "type": "message",
        "ts": "1711044423.781599",
        "client_msg_id": "12bbeeb8-b853-4e71-9692-15e36317e2c4",
        "text": "Hi all --- due to lack of availability, we will not be having a send off for Josie. Please individually tell her good bye and good luck. You'll probably never see her again. Thanks for all of your help in making sure she's had successful visits!",
        "team": "T1T85P197",
        "user_team": "T1T85P197",
        "source_team": "T1T85P197",
        "user_profile": {
            "avatar_hash": "084d1d915961",
            "image_72": "https:\/\/avatars.slack-edge.com\/2021-06-11\/2162938824690_084d1d915961fd2a1fcb_72.png",
            "first_name": "",
            "real_name": "David Schulz",
            "display_name": "David Schulz",
            "team": "T1T85P197",
            "name": "schulzd",
            "is_restricted": false,
            "is_ultra_restricted": false
        },
        "blocks": [
            {
                "type": "rich_text",
                "block_id": "vXTVW",
                "elements": [
                    {
                        "type": "rich_text_section",
                        "elements": [
                            {
                                "type": "text",
                                "text": "Hi all --- due to lack of availability, we will not be having a send off for Josie. Please individually tell her good bye and good luck. You'll probably never see her again. Thanks for all of your help in making sure she's had successful visits!"
                            }
                        ]
                    }
                ]
            }
        ],
        "reactions": [
            {
                "name": "+1",
                "users": [
                    "U02D68LLBAQ"
                ],
                "count": 1
            }
        ]
    },
    {
        "user": "U1T7R897Y",
        "type": "message",
        "ts": "1711060906.706389",
        "client_msg_id": "3E43CBC2-C957-43E0-A13E-D8C73A516769",
        "text": "I’ll be there, but Grace will be out of town. Thanks Dave!",
        "team": "T1T85P197",
        "user_team": "T1T85P197",
        "source_team": "T1T85P197",
        "user_profile": {
            "avatar_hash": "c8cca50bc366",
            "image_72": "https:\/\/avatars.slack-edge.com\/2021-05-11\/2054490932018_c8cca50bc366ce61d83e_72.png",
            "first_name": "Daniel",
            "real_name": "Daniel Kick",
            "display_name": "Daniel",
            "team": "T1T85P197",
            "name": "daniel",
            "is_restricted": false,
            "is_ultra_restricted": false
        },
        "thread_ts": "1710889001.001469",
        "parent_user_id": "U010N31RYMV",
        "blocks": [
            {
                "type": "rich_text",
                "block_id": "ivKP1",
                "elements": [
                    {
                        "type": "rich_text_section",
                        "elements": [
                            {
                                "type": "text",
                                "text": "I’ll"
                            },
                            {
                                "type": "text",
                                "text": " be there, but Grace will be out of town. Thanks Dave!"
                            }
                        ]
                    }
                ]
            }
        ]
    }
]