[
    {
        "user": "U010N31RYMV",
        "type": "message",
        "ts": "1712327706.572509",
        "client_msg_id": "9554775b-8e02-4467-9ed1-06b29a47d431",
        "text": "Hello everyone. We will not have a formal lab meeting the next two weeks. I am booked or out of town. If it is useful to her, I want you to reserve the lab meeting slot for April 22nd for practice talk for Sherryl....although she may ask you all to help her with some earlier versions of that as well. Lastly, please reserve the April 29 lab meeting for an end of semester lab lunch!",
        "team": "T1T85P197",
        "user_team": "T1T85P197",
        "source_team": "T1T85P197",
        "user_profile": {
            "avatar_hash": "084d1d915961",
            "image_72": "https:\/\/avatars.slack-edge.com\/2021-06-11\/2162938824690_084d1d915961fd2a1fcb_72.png",
            "first_name": "",
            "real_name": "David Schulz",
            "display_name": "David Schulz",
            "team": "T1T85P197",
            "name": "schulzd",
            "is_restricted": false,
            "is_ultra_restricted": false
        },
        "blocks": [
            {
                "type": "rich_text",
                "block_id": "7zjeb",
                "elements": [
                    {
                        "type": "rich_text_section",
                        "elements": [
                            {
                                "type": "text",
                                "text": "Hello everyone. We will not have a formal lab meeting the next two weeks. I am booked or out of town. If it is useful to her, I want you to reserve the lab meeting slot for April 22nd for practice talk for Sherryl....although she may ask you all to help her with some earlier versions of that as well. Lastly, please reserve the April 29 lab meeting for an end of semester lab lunch!"
                            }
                        ]
                    }
                ]
            }
        ],
        "reactions": [
            {
                "name": "+1",
                "users": [
                    "U02D68LLBAQ",
                    "U04P7HHG12S",
                    "U06MCU4QURL",
                    "U046FLCDE1M"
                ],
                "count": 4
            }
        ]
    }
]