[
    {
        "text": "The sun is shining on the shelf of fame (or infamy, depending on your perspective) this morning.",
        "files": [
            {
                "id": "F06NZRES3EG",
                "created": 1710168385,
                "timestamp": 1710168385,
                "name": "image.png",
                "title": "image.png",
                "mimetype": "image\/png",
                "filetype": "png",
                "pretty_type": "PNG",
                "user": "U010N31RYMV",
                "user_team": "T1T85P197",
                "editable": false,
                "size": 1769437,
                "mode": "hosted",
                "is_external": false,
                "external_type": "",
                "is_public": true,
                "public_url_shared": false,
                "display_as_bot": false,
                "username": "",
                "url_private": "https:\/\/files.slack.com\/files-pri\/T1T85P197-F06NZRES3EG\/image.png?t=xoxe-61277783313-6938219705459-6931704589846-f9456fee8056b431d8cc920b3927c14d",
                "url_private_download": "https:\/\/files.slack.com\/files-pri\/T1T85P197-F06NZRES3EG\/download\/image.png?t=xoxe-61277783313-6938219705459-6931704589846-f9456fee8056b431d8cc920b3927c14d",
                "media_display_type": "unknown",
                "thumb_64": "https:\/\/files.slack.com\/files-tmb\/T1T85P197-F06NZRES3EG-ea7dc3a9a6\/image_64.png?t=xoxe-61277783313-6938219705459-6931704589846-f9456fee8056b431d8cc920b3927c14d",
                "thumb_80": "https:\/\/files.slack.com\/files-tmb\/T1T85P197-F06NZRES3EG-ea7dc3a9a6\/image_80.png?t=xoxe-61277783313-6938219705459-6931704589846-f9456fee8056b431d8cc920b3927c14d",
                "thumb_360": "https:\/\/files.slack.com\/files-tmb\/T1T85P197-F06NZRES3EG-ea7dc3a9a6\/image_360.png?t=xoxe-61277783313-6938219705459-6931704589846-f9456fee8056b431d8cc920b3927c14d",
                "thumb_360_w": 360,
                "thumb_360_h": 262,
                "thumb_480": "https:\/\/files.slack.com\/files-tmb\/T1T85P197-F06NZRES3EG-ea7dc3a9a6\/image_480.png?t=xoxe-61277783313-6938219705459-6931704589846-f9456fee8056b431d8cc920b3927c14d",
                "thumb_480_w": 480,
                "thumb_480_h": 349,
                "thumb_160": "https:\/\/files.slack.com\/files-tmb\/T1T85P197-F06NZRES3EG-ea7dc3a9a6\/image_160.png?t=xoxe-61277783313-6938219705459-6931704589846-f9456fee8056b431d8cc920b3927c14d",
                "thumb_720": "https:\/\/files.slack.com\/files-tmb\/T1T85P197-F06NZRES3EG-ea7dc3a9a6\/image_720.png?t=xoxe-61277783313-6938219705459-6931704589846-f9456fee8056b431d8cc920b3927c14d",
                "thumb_720_w": 720,
                "thumb_720_h": 523,
                "thumb_800": "https:\/\/files.slack.com\/files-tmb\/T1T85P197-F06NZRES3EG-ea7dc3a9a6\/image_800.png?t=xoxe-61277783313-6938219705459-6931704589846-f9456fee8056b431d8cc920b3927c14d",
                "thumb_800_w": 800,
                "thumb_800_h": 581,
                "thumb_960": "https:\/\/files.slack.com\/files-tmb\/T1T85P197-F06NZRES3EG-ea7dc3a9a6\/image_960.png?t=xoxe-61277783313-6938219705459-6931704589846-f9456fee8056b431d8cc920b3927c14d",
                "thumb_960_w": 960,
                "thumb_960_h": 698,
                "thumb_1024": "https:\/\/files.slack.com\/files-tmb\/T1T85P197-F06NZRES3EG-ea7dc3a9a6\/image_1024.png?t=xoxe-61277783313-6938219705459-6931704589846-f9456fee8056b431d8cc920b3927c14d",
                "thumb_1024_w": 1024,
                "thumb_1024_h": 744,
                "original_w": 1324,
                "original_h": 962,
                "thumb_tiny": "AwAiADBcgDJo3r61EzOB869+opJJH3ELkYqRk24E4zSMwHBNJEHkK5GOTyakRdrS8ZZelMBigN3x9c1YiiTAYHd71DDLKzrnO3NWID+6H1P86AIBEZB6D1p4gA58xvXrTWuGHQY\/CkYGOFicsVQY\/E0ICUIFbJdiRxyelIYxuLBmUt6HFVGuHYsdhwSO5pDctvO5MjcT3piLe0k8Sv0zwaCyxAAc+x61SjnYMAq4GMHrU34GkxjS7Z+8fzp0bMW5Ynj1qM9afF96kMnFQzsQwwTUwqG4+8KAItx9TSbm9T+dFJQB\/9k=",
                "permalink": "https:\/\/schulzlab.slack.com\/files\/U010N31RYMV\/F06NZRES3EG\/image.png",
                "permalink_public": "https:\/\/slack-files.com\/T1T85P197-F06NZRES3EG-6e3b1119fb",
                "is_starred": false,
                "has_rich_preview": false,
                "file_access": "visible"
            }
        ],
        "upload": false,
        "user": "U010N31RYMV",
        "display_as_bot": false,
        "blocks": [
            {
                "type": "rich_text",
                "block_id": "uajsx",
                "elements": [
                    {
                        "type": "rich_text_section",
                        "elements": [
                            {
                                "type": "text",
                                "text": "The sun is shining on the shelf of fame (or infamy, depending on your perspective) this morning."
                            }
                        ]
                    }
                ]
            }
        ],
        "type": "message",
        "ts": "1710168402.933489",
        "client_msg_id": "c4d7ce32-e0ac-4915-954c-564639a1485d"
    },
    {
        "user": "U0103JSQYLB",
        "type": "message",
        "ts": "1710168442.899019",
        "client_msg_id": "15D7B880-E569-4F1D-B94D-311CE5A9899E",
        "text": "At least one of those folks is infamous ",
        "team": "T1T85P197",
        "user_team": "T1T85P197",
        "source_team": "T1T85P197",
        "user_profile": {
            "avatar_hash": "94bf4a6c3643",
            "image_72": "https:\/\/avatars.slack-edge.com\/2023-05-20\/5309607146049_94bf4a6c3643af0ab428_72.png",
            "first_name": "Joe",
            "real_name": "Joe",
            "display_name": "Joe",
            "team": "T1T85P197",
            "name": "joseviteri",
            "is_restricted": false,
            "is_ultra_restricted": false
        },
        "blocks": [
            {
                "type": "rich_text",
                "block_id": "Y4eg8",
                "elements": [
                    {
                        "type": "rich_text_section",
                        "elements": [
                            {
                                "type": "text",
                                "text": "At least one of those folks is infamous "
                            }
                        ]
                    }
                ]
            }
        ]
    },
    {
        "user": "U010N31RYMV",
        "type": "message",
        "ts": "1710168485.599809",
        "client_msg_id": "163c50a9-4078-4173-9262-030c00d4a4ee",
        "text": "Is it Daniel?",
        "team": "T1T85P197",
        "user_team": "T1T85P197",
        "source_team": "T1T85P197",
        "user_profile": {
            "avatar_hash": "084d1d915961",
            "image_72": "https:\/\/avatars.slack-edge.com\/2021-06-11\/2162938824690_084d1d915961fd2a1fcb_72.png",
            "first_name": "",
            "real_name": "David Schulz",
            "display_name": "David Schulz",
            "team": "T1T85P197",
            "name": "schulzd",
            "is_restricted": false,
            "is_ultra_restricted": false
        },
        "blocks": [
            {
                "type": "rich_text",
                "block_id": "EiVnf",
                "elements": [
                    {
                        "type": "rich_text_section",
                        "elements": [
                            {
                                "type": "text",
                                "text": "Is it Daniel?"
                            }
                        ]
                    }
                ]
            }
        ],
        "reactions": [
            {
                "name": "crab",
                "users": [
                    "U1T7R897Y"
                ],
                "count": 1
            }
        ]
    },
    {
        "user": "U06MY7EGQF3",
        "type": "message",
        "ts": "1710173323.322479",
        "client_msg_id": "5EB9803F-1ED1-476C-BB6A-33A5C1B0CE43",
        "text": "Is the lab meeting in the same place as last week?",
        "team": "T1T85P197",
        "user_team": "T1T85P197",
        "source_team": "T1T85P197",
        "user_profile": {
            "avatar_hash": "g29eb1843000",
            "image_72": "https:\/\/secure.gravatar.com\/avatar\/29eb1843000e505619e18a6a338ee8b6.jpg?s=72&d=https%3A%2F%2Fa.slack-edge.com%2Fdf10d%2Fimg%2Favatars%2Fava_0001-72.png",
            "first_name": "Archer",
            "real_name": "Archer Beckerdite",
            "display_name": "Archer",
            "team": "T1T85P197",
            "name": "ambd88",
            "is_restricted": false,
            "is_ultra_restricted": false
        },
        "blocks": [
            {
                "type": "rich_text",
                "block_id": "ojt1o",
                "elements": [
                    {
                        "type": "rich_text_section",
                        "elements": [
                            {
                                "type": "text",
                                "text": "Is the lab meeting in the same place as last week?"
                            }
                        ]
                    }
                ]
            }
        ]
    },
    {
        "user": "U010N31RYMV",
        "type": "message",
        "ts": "1710173544.790329",
        "client_msg_id": "3D201F94-117F-4FDC-BD34-B6E99A4C979F",
        "text": "Yes. 111 Tucker Hall. ",
        "team": "T1T85P197",
        "user_team": "T1T85P197",
        "source_team": "T1T85P197",
        "user_profile": {
            "avatar_hash": "084d1d915961",
            "image_72": "https:\/\/avatars.slack-edge.com\/2021-06-11\/2162938824690_084d1d915961fd2a1fcb_72.png",
            "first_name": "",
            "real_name": "David Schulz",
            "display_name": "David Schulz",
            "team": "T1T85P197",
            "name": "schulzd",
            "is_restricted": false,
            "is_ultra_restricted": false
        },
        "blocks": [
            {
                "type": "rich_text",
                "block_id": "AP5KV",
                "elements": [
                    {
                        "type": "rich_text_section",
                        "elements": [
                            {
                                "type": "text",
                                "text": "Yes"
                            },
                            {
                                "type": "text",
                                "text": "."
                            },
                            {
                                "type": "text",
                                "text": " 111 Tucker Hall"
                            },
                            {
                                "type": "text",
                                "text": "."
                            },
                            {
                                "type": "text",
                                "text": " "
                            }
                        ]
                    }
                ]
            }
        ],
        "reactions": [
            {
                "name": "+1",
                "users": [
                    "U06MY7EGQF3"
                ],
                "count": 1
            }
        ]
    }
]