[
    {
        "user": "U010N31RYMV",
        "type": "message",
        "ts": "1712604025.619809",
        "client_msg_id": "47b52744-795a-4d7e-913a-fad6d48beba5",
        "text": "That eclipse was dumb.",
        "team": "T1T85P197",
        "user_team": "T1T85P197",
        "source_team": "T1T85P197",
        "user_profile": {
            "avatar_hash": "084d1d915961",
            "image_72": "https:\/\/avatars.slack-edge.com\/2021-06-11\/2162938824690_084d1d915961fd2a1fcb_72.png",
            "first_name": "",
            "real_name": "David Schulz",
            "display_name": "David Schulz",
            "team": "T1T85P197",
            "name": "schulzd",
            "is_restricted": false,
            "is_ultra_restricted": false
        },
        "blocks": [
            {
                "type": "rich_text",
                "block_id": "P13Tg",
                "elements": [
                    {
                        "type": "rich_text_section",
                        "elements": [
                            {
                                "type": "text",
                                "text": "That eclipse was dumb."
                            }
                        ]
                    }
                ]
            }
        ],
        "reactions": [
            {
                "name": "rolling_on_the_floor_laughing",
                "users": [
                    "U02D68LLBAQ",
                    "U06MY7EGQF3",
                    "U04P7HHG12S"
                ],
                "count": 3
            }
        ]
    },
    {
        "subtype": "channel_join",
        "user": "U06TB5HF22W",
        "text": "<@U06TB5HF22W> has joined the channel",
        "type": "message",
        "ts": "1712609592.156939"
    },
    {
        "user": "U010N31RYMV",
        "type": "message",
        "ts": "1712610008.500829",
        "client_msg_id": "1272ccd0-f4d1-4820-9d3c-ef84cffe503e",
        "text": "Hey folks!  Welcome Luke to the Schulz Lab Slack!  Hi Luke!",
        "team": "T1T85P197",
        "user_team": "T1T85P197",
        "source_team": "T1T85P197",
        "user_profile": {
            "avatar_hash": "084d1d915961",
            "image_72": "https:\/\/avatars.slack-edge.com\/2021-06-11\/2162938824690_084d1d915961fd2a1fcb_72.png",
            "first_name": "",
            "real_name": "David Schulz",
            "display_name": "David Schulz",
            "team": "T1T85P197",
            "name": "schulzd",
            "is_restricted": false,
            "is_ultra_restricted": false
        },
        "blocks": [
            {
                "type": "rich_text",
                "block_id": "GWES0",
                "elements": [
                    {
                        "type": "rich_text_section",
                        "elements": [
                            {
                                "type": "text",
                                "text": "Hey folks!  Welcome Luke to the Schulz Lab Slack!  Hi Luke!"
                            }
                        ]
                    }
                ]
            }
        ]
    },
    {
        "user": "U02D68LLBAQ",
        "type": "message",
        "ts": "1712610060.251739",
        "client_msg_id": "831ea6ec-2ec9-459b-8917-f0331a76d216",
        "text": "Welcome Luke!!!",
        "team": "T1T85P197",
        "user_team": "T1T85P197",
        "source_team": "T1T85P197",
        "user_profile": {
            "avatar_hash": "gb96e34dee9e",
            "image_72": "https:\/\/secure.gravatar.com\/avatar\/b96e34dee9ededc7a4375e8c8aed1dec.jpg?s=72&d=https%3A%2F%2Fa.slack-edge.com%2Fdf10d%2Fimg%2Favatars%2Fava_0002-72.png",
            "first_name": "Arturo",
            "real_name": "Arturo Rosete",
            "display_name": "",
            "team": "T1T85P197",
            "name": "arrrx423",
            "is_restricted": false,
            "is_ultra_restricted": false
        },
        "blocks": [
            {
                "type": "rich_text",
                "block_id": "tPxHV",
                "elements": [
                    {
                        "type": "rich_text_section",
                        "elements": [
                            {
                                "type": "text",
                                "text": "Welcome Luke!!!"
                            }
                        ]
                    }
                ]
            }
        ]
    },
    {
        "user": "U06MY7EGQF3",
        "type": "message",
        "ts": "1712610100.912119",
        "client_msg_id": "295DC544-2BD5-45BF-A9E8-BBD1F1B94C3F",
        "text": "Hi Luke! :wave: ",
        "team": "T1T85P197",
        "user_team": "T1T85P197",
        "source_team": "T1T85P197",
        "user_profile": {
            "avatar_hash": "g29eb1843000",
            "image_72": "https:\/\/secure.gravatar.com\/avatar\/29eb1843000e505619e18a6a338ee8b6.jpg?s=72&d=https%3A%2F%2Fa.slack-edge.com%2Fdf10d%2Fimg%2Favatars%2Fava_0001-72.png",
            "first_name": "Archer",
            "real_name": "Archer Beckerdite",
            "display_name": "Archer",
            "team": "T1T85P197",
            "name": "ambd88",
            "is_restricted": false,
            "is_ultra_restricted": false
        },
        "blocks": [
            {
                "type": "rich_text",
                "block_id": "pQfN2",
                "elements": [
                    {
                        "type": "rich_text_section",
                        "elements": [
                            {
                                "type": "text",
                                "text": "Hi Luke! "
                            },
                            {
                                "type": "emoji",
                                "name": "wave",
                                "unicode": "1f44b"
                            },
                            {
                                "type": "text",
                                "text": " "
                            }
                        ]
                    }
                ]
            }
        ]
    },
    {
        "user": "U04P7HHG12S",
        "type": "message",
        "ts": "1712610127.379919",
        "client_msg_id": "57CEFDF3-407B-4A27-A932-1A2EEAE1420B",
        "text": "Welcome welcome!! :smile: ",
        "team": "T1T85P197",
        "user_team": "T1T85P197",
        "source_team": "T1T85P197",
        "user_profile": {
            "avatar_hash": "ge1de410d147",
            "image_72": "https:\/\/secure.gravatar.com\/avatar\/e1de410d147a0c41079dd26abb490f2b.jpg?s=72&d=https%3A%2F%2Fa.slack-edge.com%2Fdf10d%2Fimg%2Favatars%2Fava_0018-72.png",
            "first_name": "Akira",
            "real_name": "Akira",
            "display_name": "Akira",
            "team": "T1T85P197",
            "name": "amclemons408",
            "is_restricted": false,
            "is_ultra_restricted": false
        },
        "blocks": [
            {
                "type": "rich_text",
                "block_id": "UR67Y",
                "elements": [
                    {
                        "type": "rich_text_section",
                        "elements": [
                            {
                                "type": "text",
                                "text": "Welcome welcome!! "
                            },
                            {
                                "type": "emoji",
                                "name": "smile",
                                "unicode": "1f604"
                            },
                            {
                                "type": "text",
                                "text": " "
                            }
                        ]
                    }
                ]
            }
        ]
    },
    {
        "user": "U06TB5HF22W",
        "type": "message",
        "ts": "1712610350.727719",
        "client_msg_id": "AEDC27FE-A053-4BDC-AA61-8736347A4D09",
        "text": "Thank you for introduction Dave! Hello everyone! Very excited to join!",
        "team": "T1T85P197",
        "user_team": "T1T85P197",
        "source_team": "T1T85P197",
        "user_profile": {
            "avatar_hash": "gca53b26fc0a",
            "image_72": "https:\/\/secure.gravatar.com\/avatar\/ca53b26fc0a2fed452b5250cbe797feb.jpg?s=72&d=https%3A%2F%2Fa.slack-edge.com%2Fdf10d%2Fimg%2Favatars%2Fava_0016-72.png",
            "first_name": "Luke",
            "real_name": "Luke",
            "display_name": "",
            "team": "T1T85P197",
            "name": "lcowan775",
            "is_restricted": false,
            "is_ultra_restricted": false
        },
        "blocks": [
            {
                "type": "rich_text",
                "block_id": "Nt+bp",
                "elements": [
                    {
                        "type": "rich_text_section",
                        "elements": [
                            {
                                "type": "text",
                                "text": "Thank you for introduction Dave! Hello everyone! Very excited to join!"
                            }
                        ]
                    }
                ]
            }
        ]
    },
    {
        "user": "U0112A19YFN",
        "type": "message",
        "ts": "1712613251.580209",
        "client_msg_id": "101931b0-28ab-40b4-817d-c4c1e4ecd651",
        "text": "I'm late but welcome Luke!",
        "team": "T1T85P197",
        "user_team": "T1T85P197",
        "source_team": "T1T85P197",
        "user_profile": {
            "avatar_hash": "82931094ef90",
            "image_72": "https:\/\/avatars.slack-edge.com\/2022-06-17\/3708168624352_82931094ef904079310a_72.jpg",
            "first_name": "",
            "real_name": "Sherryl",
            "display_name": "Sherryl",
            "team": "T1T85P197",
            "name": "sherryl.henderson",
            "is_restricted": false,
            "is_ultra_restricted": false
        },
        "blocks": [
            {
                "type": "rich_text",
                "block_id": "FKIuQ",
                "elements": [
                    {
                        "type": "rich_text_section",
                        "elements": [
                            {
                                "type": "text",
                                "text": "I'm late but welcome Luke!"
                            }
                        ]
                    }
                ]
            }
        ]
    },
    {
        "user": "U046FLCDE1M",
        "type": "message",
        "ts": "1712613277.766019",
        "client_msg_id": "B0DC6EEA-B96F-485A-9DB8-A27C9AA1A3F7",
        "text": "Welcome to the lab!! ",
        "team": "T1T85P197",
        "user_team": "T1T85P197",
        "source_team": "T1T85P197",
        "user_profile": {
            "avatar_hash": "g15375709aa0",
            "image_72": "https:\/\/secure.gravatar.com\/avatar\/15375709aa0de5f6bbc233d2d9f43eda.jpg?s=72&d=https%3A%2F%2Fa.slack-edge.com%2Fdf10d%2Fimg%2Favatars%2Fava_0025-72.png",
            "first_name": "Maddie",
            "real_name": "Maddie Bunger",
            "display_name": "Maddie Bunger",
            "team": "T1T85P197",
            "name": "mjbt88",
            "is_restricted": false,
            "is_ultra_restricted": false
        },
        "blocks": [
            {
                "type": "rich_text",
                "block_id": "QJXix",
                "elements": [
                    {
                        "type": "rich_text_section",
                        "elements": [
                            {
                                "type": "text",
                                "text": "Welcome to the lab!! "
                            }
                        ]
                    }
                ]
            }
        ]
    }
]