[
    {
        "user": "U010N31RYMV",
        "type": "message",
        "ts": "1707664647.705749",
        "client_msg_id": "D13699CD-C746-43B8-AF0E-65139D83728D",
        "text": "Sorry if you did not order Panera - but it’s too late. If you like I can order you Jimmy John or something tomorrow. ",
        "team": "T1T85P197",
        "user_team": "T1T85P197",
        "source_team": "T1T85P197",
        "user_profile": {
            "avatar_hash": "084d1d915961",
            "image_72": "https:\/\/avatars.slack-edge.com\/2021-06-11\/2162938824690_084d1d915961fd2a1fcb_72.png",
            "first_name": "",
            "real_name": "David Schulz",
            "display_name": "David Schulz",
            "team": "T1T85P197",
            "name": "schulzd",
            "is_restricted": false,
            "is_ultra_restricted": false
        },
        "blocks": [
            {
                "type": "rich_text",
                "block_id": "KgsI5",
                "elements": [
                    {
                        "type": "rich_text_section",
                        "elements": [
                            {
                                "type": "text",
                                "text": "Sorry if you did not order Panera - but "
                            },
                            {
                                "type": "text",
                                "text": "it’s"
                            },
                            {
                                "type": "text",
                                "text": " too late"
                            },
                            {
                                "type": "text",
                                "text": "."
                            },
                            {
                                "type": "text",
                                "text": " If you like I can order you Jimmy John or something tomorrow"
                            },
                            {
                                "type": "text",
                                "text": "."
                            },
                            {
                                "type": "text",
                                "text": " "
                            }
                        ]
                    }
                ]
            }
        ]
    }
]